interview_id,interviewer_id,question_id,question_start,question_end,response_time_seconds,pause_seconds,question_text
1,INT-002,1,2025-01-02 00:05:00,2025-01-02 00:05:21.279548352,21.28,8.62,Q1
1,INT-002,2,2025-01-02 00:10:00,2025-01-02 00:10:23.367995032,23.37,22.88,Q2
1,INT-002,3,2025-01-02 00:15:00,2025-01-02 00:15:23.661591720,23.66,7.86,Q3
1,INT-002,4,2025-01-02 00:20:00,2025-01-02 00:20:25.450864995,25.45,11.05,Q4
1,INT-002,5,2025-01-02 00:25:00,2025-01-02 00:25:25.283182533,25.28,10.88,Q5
1,INT-002,6,2025-01-02 00:30:00,2025-01-02 00:30:18.611104727,18.61,8.43,Q6
1,INT-002,7,2025-01-02 00:35:00,2025-01-02 00:35:22.208284319,22.21,9.15,Q7
1,INT-002,8,2025-01-02 00:40:00,2025-01-02 00:40:20.540239753,20.54,3.09,Q8
1,INT-002,9,2025-01-02 00:45:00,2025-01-02 00:45:26.367021926,26.37,8.07,Q9
1,INT-002,10,2025-01-02 00:50:00,2025-01-02 00:50:29.960780460,29.96,18.86,Q10
1,INT-002,11,2025-01-02 00:55:00,2025-01-02 00:55:24.841253437,24.84,0.0,Q11
1,INT-002,12,2025-01-02 01:00:00,2025-01-02 01:00:26.807445362,26.81,8.69,Q12
1,INT-002,13,2025-01-02 01:05:00,2025-01-02 01:05:25.321329498,25.32,0.0,Q13
1,INT-002,14,2025-01-02 01:10:00,2025-01-02 01:10:15.904626293,15.9,9.31,Q14
1,INT-002,15,2025-01-02 01:15:00,2025-01-02 01:15:20.530501110,20.53,9.2,Q15
1,INT-002,16,2025-01-02 01:20:00,2025-01-02 01:20:23.976937102,23.98,15.2,Q16
1,INT-002,17,2025-01-02 01:25:00,2025-01-02 01:25:24.392460188,24.39,4.92,Q17
1,INT-002,18,2025-01-02 01:30:00,2025-01-02 01:30:25.609828011,25.61,8.0,Q18
1,INT-002,19,2025-01-02 01:35:00,2025-01-02 01:35:33.678771112,33.68,6.21,Q19
1,INT-002,20,2025-01-02 01:40:00,2025-01-02 01:40:20.060159933,20.06,14.05,Q20
2,INT-003,1,2025-01-03 00:05:00,2025-01-03 00:05:28.179086729,28.18,0.0,Q1
2,INT-003,2,2025-01-03 00:10:00,2025-01-03 00:10:19.933267316,19.93,2.13,Q2
2,INT-003,3,2025-01-03 00:15:00,2025-01-03 00:15:28.764478786,28.76,0.0,Q3
2,INT-003,4,2025-01-03 00:20:00,2025-01-03 00:20:28.264906169,28.26,11.4,Q4
2,INT-003,5,2025-01-03 00:25:00,2025-01-03 00:25:26.903898707,26.9,0.0,Q5
2,INT-003,6,2025-01-03 00:30:00,2025-01-03 00:30:35.607042584,35.61,5.51,Q6
2,INT-003,7,2025-01-03 00:35:00,2025-01-03 00:35:19.842094493,19.84,0.0,Q7
2,INT-003,8,2025-01-03 00:40:00,2025-01-03 00:40:20.207858489,20.21,11.6,Q8
2,INT-003,9,2025-01-03 00:45:00,2025-01-03 00:45:20.382685046,20.38,7.65,Q9
2,INT-003,10,2025-01-03 00:50:00,2025-01-03 00:50:28.043666189,28.04,5.16,Q10
2,INT-003,11,2025-01-03 00:55:00,2025-01-03 00:55:29.967466362,29.97,9.85,Q11
2,INT-003,12,2025-01-03 01:00:00,2025-01-03 01:00:26.304940872,26.3,11.12,Q12
2,INT-003,13,2025-01-03 01:05:00,2025-01-03 01:05:25.368466577,25.37,1.91,Q13
2,INT-003,14,2025-01-03 01:10:00,2025-01-03 01:10:11.738694909,11.74,28.05,Q14
2,INT-003,15,2025-01-03 01:15:00,2025-01-03 01:15:33.765504622,33.77,7.13,Q15
2,INT-003,16,2025-01-03 01:20:00,2025-01-03 01:20:22.616050481,22.62,0.0,Q16
2,INT-003,17,2025-01-03 01:25:00,2025-01-03 01:25:23.244847242,23.24,21.39,Q17
2,INT-003,18,2025-01-03 01:30:00,2025-01-03 01:30:18.957117934,18.96,0.0,Q18
2,INT-003,19,2025-01-03 01:35:00,2025-01-03 01:35:26.191086584,26.19,0.0,Q19
2,INT-003,20,2025-01-03 01:40:00,2025-01-03 01:40:23.504912293,23.5,19.39,Q20
3,INT-004,1,2025-01-04 00:05:00,2025-01-04 00:05:34.624381315,34.62,1.56,Q1
3,INT-004,2,2025-01-04 00:10:00,2025-01-04 00:10:21.597680629,21.6,1.6,Q2
3,INT-004,3,2025-01-04 00:15:00,2025-01-04 00:15:26.488881736,26.49,0.07,Q3
3,INT-004,4,2025-01-04 00:20:00,2025-01-04 00:20:25.833942313,25.83,9.95,Q4
3,INT-004,5,2025-01-04 00:25:00,2025-01-04 00:25:37.417157334,37.42,0.0,Q5
3,INT-004,6,2025-01-04 00:30:00,2025-01-04 00:30:27.404202567,27.4,9.02,Q6
3,INT-004,7,2025-01-04 00:35:00,2025-01-04 00:35:27.615728270,27.62,0.0,Q7
3,INT-004,8,2025-01-04 00:40:00,2025-01-04 00:40:27.999494622,28.0,8.89,Q8
3,INT-004,9,2025-01-04 00:45:00,2025-01-04 00:45:33.667730978,33.67,15.7,Q9
3,INT-004,10,2025-01-04 00:50:00,2025-01-04 00:50:29.928800546,29.93,16.56,Q10
3,INT-004,11,2025-01-04 00:55:00,2025-01-04 00:55:25.041516155,25.04,26.16,Q11
3,INT-004,12,2025-01-04 01:00:00,2025-01-04 01:00:27.479861719,27.48,19.67,Q12
3,INT-004,13,2025-01-04 01:05:00,2025-01-04 01:05:27.305739400,27.31,0.0,Q13
3,INT-004,14,2025-01-04 01:10:00,2025-01-04 01:10:30.119800062,30.12,1.06,Q14
3,INT-004,15,2025-01-04 01:15:00,2025-01-04 01:15:28.289251997,28.29,11.15,Q15
3,INT-004,16,2025-01-04 01:20:00,2025-01-04 01:20:30.484849933,30.48,10.7,Q16
3,INT-004,17,2025-01-04 01:25:00,2025-01-04 01:25:29.499123108,29.5,6.08,Q17
3,INT-004,18,2025-01-04 01:30:00,2025-01-04 01:30:23.354668607,23.35,0.0,Q18
3,INT-004,19,2025-01-04 01:35:00,2025-01-04 01:35:27.218515204,27.22,7.63,Q19
3,INT-004,20,2025-01-04 01:40:00,2025-01-04 01:40:24.307829741,24.31,5.15,Q20
4,INT-005,1,2025-01-05 00:05:00,2025-01-05 00:05:33.978657201,33.98,5.9,Q1
4,INT-005,2,2025-01-05 00:10:00,2025-01-05 00:10:29.958782179,29.96,0.0,Q2
4,INT-005,3,2025-01-05 00:15:00,2025-01-05 00:15:32.355431905,32.36,14.86,Q3
4,INT-005,4,2025-01-05 00:20:00,2025-01-05 00:20:20.092238189,20.09,12.66,Q4
4,INT-005,5,2025-01-05 00:25:00,2025-01-05 00:25:30.264751165,30.26,9.64,Q5
4,INT-005,6,2025-01-05 00:30:00,2025-01-05 00:30:22.707952397,22.71,23.47,Q6
4,INT-005,7,2025-01-05 00:35:00,2025-01-05 00:35:30.001760952,30.0,18.12,Q7
4,INT-005,8,2025-01-05 00:40:00,2025-01-05 00:40:27.323718105,27.32,0.0,Q8
4,INT-005,9,2025-01-05 00:45:00,2025-01-05 00:45:31.730126621,31.73,16.51,Q9
4,INT-005,10,2025-01-05 00:50:00,2025-01-05 00:50:23.163520695,23.16,25.21,Q10
4,INT-005,11,2025-01-05 00:55:00,2025-01-05 00:55:27.957134243,27.96,0.0,Q11
4,INT-005,12,2025-01-05 01:00:00,2025-01-05 01:00:36.695620066,36.7,3.06,Q12
4,INT-005,13,2025-01-05 01:05:00,2025-01-05 01:05:24.546559936,24.55,10.5,Q13
4,INT-005,14,2025-01-05 01:10:00,2025-01-05 01:10:32.552989111,32.55,0.0,Q14
4,INT-005,15,2025-01-05 01:15:00,2025-01-05 01:15:29.757650625,29.76,11.87,Q15
4,INT-005,16,2025-01-05 01:20:00,2025-01-05 01:20:22.616734277,22.62,35.32,Q16
4,INT-005,17,2025-01-05 01:25:00,2025-01-05 01:25:23.651354084,23.65,9.09,Q17
4,INT-005,18,2025-01-05 01:30:00,2025-01-05 01:30:25.157127934,25.16,20.32,Q18
4,INT-005,19,2025-01-05 01:35:00,2025-01-05 01:35:26.714938008,26.71,9.97,Q19
4,INT-005,20,2025-01-05 01:40:00,2025-01-05 01:40:26.284559078,26.28,0.0,Q20
5,INT-006,1,2025-01-06 00:05:00,2025-01-06 00:05:29.824742441,29.82,13.17,Q1
5,INT-006,2,2025-01-06 00:10:00,2025-01-06 00:10:29.501539922,29.5,0.08,Q2
5,INT-006,3,2025-01-06 00:15:00,2025-01-06 00:15:25.783785630,25.78,22.27,Q3
5,INT-006,4,2025-01-06 00:20:00,2025-01-06 00:20:37.190249837,37.19,0.78,Q4
5,INT-006,5,2025-01-06 00:25:00,2025-01-06 00:25:26.111090794,26.11,1.58,Q5
5,INT-006,6,2025-01-06 00:30:00,2025-01-06 00:30:26.947853476,26.95,0.0,Q6
5,INT-006,7,2025-01-06 00:35:00,2025-01-06 00:35:32.249391660,32.25,22.18,Q7
5,INT-006,8,2025-01-06 00:40:00,2025-01-06 00:40:24.080904461,24.08,17.27,Q8
5,INT-006,9,2025-01-06 00:45:00,2025-01-06 00:45:26.628034807,26.63,22.22,Q9
5,INT-006,10,2025-01-06 00:50:00,2025-01-06 00:50:12.624974369,12.62,0.0,Q10
5,INT-006,11,2025-01-06 00:55:00,2025-01-06 00:55:34.661218801,34.66,11.44,Q11
5,INT-006,12,2025-01-06 01:00:00,2025-01-06 01:00:33.820565529,33.82,0.0,Q12
5,INT-006,13,2025-01-06 01:05:00,2025-01-06 01:05:37.533024015,37.53,0.0,Q13
5,INT-006,14,2025-01-06 01:10:00,2025-01-06 01:10:35.187852470,35.19,22.68,Q14
5,INT-006,15,2025-01-06 01:15:00,2025-01-06 01:15:18.722192064,18.72,0.0,Q15
5,INT-006,16,2025-01-06 01:20:00,2025-01-06 01:20:39.205262195,39.21,10.72,Q16
5,INT-006,17,2025-01-06 01:25:00,2025-01-06 01:25:23.878811620,23.88,0.0,Q17
5,INT-006,18,2025-01-06 01:30:00,2025-01-06 01:30:31.780397456,31.78,12.53,Q18
5,INT-006,19,2025-01-06 01:35:00,2025-01-06 01:35:29.046422095,29.05,20.79,Q19
5,INT-006,20,2025-01-06 01:40:00,2025-01-06 01:40:32.038390693,32.04,20.87,Q20
6,INT-007,1,2025-01-07 00:05:00,2025-01-07 00:05:21.171316402,21.17,11.25,Q1
6,INT-007,2,2025-01-07 00:10:00,2025-01-07 00:10:36.390285938,36.39,14.6,Q2
6,INT-007,3,2025-01-07 00:15:00,2025-01-07 00:15:40.584352937,40.58,10.31,Q3
6,INT-007,4,2025-01-07 00:20:00,2025-01-07 00:20:31.383014750,31.38,23.12,Q4
6,INT-007,5,2025-01-07 00:25:00,2025-01-07 00:25:31.373696559,31.37,10.49,Q5
6,INT-007,6,2025-01-07 00:30:00,2025-01-07 00:30:40.032579114,40.03,0.0,Q6
6,INT-007,7,2025-01-07 00:35:00,2025-01-07 00:35:35.349607716,35.35,0.88,Q7
6,INT-007,8,2025-01-07 00:40:00,2025-01-07 00:40:34.988388846,34.99,0.0,Q8
6,INT-007,9,2025-01-07 00:45:00,2025-01-07 00:45:35.081666539,35.08,20.98,Q9
6,INT-007,10,2025-01-07 00:50:00,2025-01-07 00:50:23.781951142,23.78,10.01,Q10
6,INT-007,11,2025-01-07 00:55:00,2025-01-07 00:55:34.328823954,34.33,16.1,Q11
6,INT-007,12,2025-01-07 01:00:00,2025-01-07 01:00:28.602285499,28.6,20.41,Q12
6,INT-007,13,2025-01-07 01:05:00,2025-01-07 01:05:41.515764433,41.52,0.0,Q13
6,INT-007,14,2025-01-07 01:10:00,2025-01-07 01:10:41.021828775,41.02,0.0,Q14
6,INT-007,15,2025-01-07 01:15:00,2025-01-07 01:15:30.641079974,30.64,9.39,Q15
6,INT-007,16,2025-01-07 01:20:00,2025-01-07 01:20:27.522978789,27.52,0.0,Q16
6,INT-007,17,2025-01-07 01:25:00,2025-01-07 01:25:35.219854351,35.22,0.0,Q17
6,INT-007,18,2025-01-07 01:30:00,2025-01-07 01:30:31.072676832,31.07,24.0,Q18
6,INT-007,19,2025-01-07 01:35:00,2025-01-07 01:35:38.867469431,38.87,0.0,Q19
6,INT-007,20,2025-01-07 01:40:00,2025-01-07 01:40:34.256114333,34.26,1.88,Q20
7,INT-008,1,2025-01-08 00:05:00,2025-01-08 00:05:35.010008204,35.01,4.48,Q1
7,INT-008,2,2025-01-08 00:10:00,2025-01-08 00:10:35.560083742,35.56,0.0,Q2
7,INT-008,3,2025-01-08 00:15:00,2025-01-08 00:15:38.178573901,38.18,0.0,Q3
7,INT-008,4,2025-01-08 00:20:00,2025-01-08 00:20:32.696742509,32.7,21.27,Q4
7,INT-008,5,2025-01-08 00:25:00,2025-01-08 00:25:40.154704862,40.15,0.0,Q5
7,INT-008,6,2025-01-08 00:30:00,2025-01-08 00:30:33.267608827,33.27,14.93,Q6
7,INT-008,7,2025-01-08 00:35:00,2025-01-08 00:35:33.420104349,33.42,0.0,Q7
7,INT-008,8,2025-01-08 00:40:00,2025-01-08 00:40:33.767604493,33.77,13.81,Q8
7,INT-008,9,2025-01-08 00:45:00,2025-01-08 00:45:33.416950996,33.42,3.12,Q9
7,INT-008,10,2025-01-08 00:50:00,2025-01-08 00:50:29.080908415,29.08,9.43,Q10
7,INT-008,11,2025-01-08 00:55:00,2025-01-08 00:55:33.766988437,33.77,22.56,Q11
7,INT-008,12,2025-01-08 01:00:00,2025-01-08 01:00:39.550080567,39.55,5.52,Q12
7,INT-008,13,2025-01-08 01:05:00,2025-01-08 01:05:33.623257915,33.62,0.0,Q13
7,INT-008,14,2025-01-08 01:10:00,2025-01-08 01:10:40.684463821,40.68,15.03,Q14
7,INT-008,15,2025-01-08 01:15:00,2025-01-08 01:15:30.206216202,30.21,24.29,Q15
7,INT-008,16,2025-01-08 01:20:00,2025-01-08 01:20:32.662537650,32.66,16.54,Q16
7,INT-008,17,2025-01-08 01:25:00,2025-01-08 01:25:30.576559779,30.58,13.85,Q17
7,INT-008,18,2025-01-08 01:30:00,2025-01-08 01:30:23.579374858,23.58,19.11,Q18
7,INT-008,19,2025-01-08 01:35:00,2025-01-08 01:35:39.663664310,39.66,3.66,Q19
7,INT-008,20,2025-01-08 01:40:00,2025-01-08 01:40:33.863932353,33.86,9.93,Q20
8,INT-009,1,2025-01-09 00:05:00,2025-01-09 00:05:30.042930869,30.04,14.49,Q1
8,INT-009,2,2025-01-09 00:10:00,2025-01-09 00:10:30.727956329,30.73,11.89,Q2
8,INT-009,3,2025-01-09 00:15:00,2025-01-09 00:15:25.394839472,25.39,12.89,Q3
8,INT-009,4,2025-01-09 00:20:00,2025-01-09 00:20:37.017593303,37.02,12.95,Q4
8,INT-009,5,2025-01-09 00:25:00,2025-01-09 00:25:32.968579272,32.97,4.64,Q5
8,INT-009,6,2025-01-09 00:30:00,2025-01-09 00:30:36.053446052,36.05,0.0,Q6
8,INT-009,7,2025-01-09 00:35:00,2025-01-09 00:35:36.349387423,36.35,11.69,Q7
8,INT-009,8,2025-01-09 00:40:00,2025-01-09 00:40:26.383633301,26.38,12.42,Q8
8,INT-009,9,2025-01-09 00:45:00,2025-01-09 00:45:29.945725462,29.95,15.77,Q9
8,INT-009,10,2025-01-09 00:50:00,2025-01-09 00:50:34.068805552,34.07,1.18,Q10
8,INT-009,11,2025-01-09 00:55:00,2025-01-09 00:55:35.706536512,35.71,9.3,Q11
8,INT-009,12,2025-01-09 01:00:00,2025-01-09 01:00:36.298210234,36.3,6.23,Q12
8,INT-009,13,2025-01-09 01:05:00,2025-01-09 01:05:41.652367004,41.65,28.0,Q13
8,INT-009,14,2025-01-09 01:10:00,2025-01-09 01:10:39.598700544,39.6,11.88,Q14
8,INT-009,15,2025-01-09 01:15:00,2025-01-09 01:15:27.343901386,27.34,13.89,Q15
8,INT-009,16,2025-01-09 01:20:00,2025-01-09 01:20:42.707303449,42.71,0.0,Q16
8,INT-009,17,2025-01-09 01:25:00,2025-01-09 01:25:35.488762258,35.49,0.0,Q17
8,INT-009,18,2025-01-09 01:30:00,2025-01-09 01:30:29.944621142,29.94,1.71,Q18
8,INT-009,19,2025-01-09 01:35:00,2025-01-09 01:35:39.054752391,39.05,0.0,Q19
8,INT-009,20,2025-01-09 01:40:00,2025-01-09 01:40:30.490192377,30.49,3.88,Q20
9,INT-010,1,2025-01-10 00:05:00,2025-01-10 00:05:38.613705227,38.61,1.16,Q1
9,INT-010,2,2025-01-10 00:10:00,2025-01-10 00:10:31.516110948,31.52,5.52,Q2
9,INT-010,3,2025-01-10 00:15:00,2025-01-10 00:15:35.136080283,35.14,8.58,Q3
9,INT-010,4,2025-01-10 00:20:00,2025-01-10 00:20:41.881696997,41.88,5.77,Q4
9,INT-010,5,2025-01-10 00:25:00,2025-01-10 00:25:37.318831258,37.32,5.68,Q5
9,INT-010,6,2025-01-10 00:30:00,2025-01-10 00:30:30.652291086,30.65,1.63,Q6
9,INT-010,7,2025-01-10 00:35:00,2025-01-10 00:35:41.430260916,41.43,12.24,Q7
9,INT-010,8,2025-01-10 00:40:00,2025-01-10 00:40:43.029215824,43.03,0.0,Q8
9,INT-010,9,2025-01-10 00:45:00,2025-01-10 00:45:31.340311160,31.34,0.0,Q9
9,INT-010,10,2025-01-10 00:50:00,2025-01-10 00:50:34.113288182,34.11,9.36,Q10
9,INT-010,11,2025-01-10 00:55:00,2025-01-10 00:55:38.371280405,38.37,10.34,Q11
9,INT-010,12,2025-01-10 01:00:00,2025-01-10 01:00:28.203420971,28.2,0.0,Q12
9,INT-010,13,2025-01-10 01:05:00,2025-01-10 01:05:30.755048513,30.76,16.47,Q13
9,INT-010,14,2025-01-10 01:10:00,2025-01-10 01:10:35.187538161,35.19,6.59,Q14
9,INT-010,15,2025-01-10 01:15:00,2025-01-10 01:15:36.883737027,36.88,10.76,Q15
9,INT-010,16,2025-01-10 01:20:00,2025-01-10 01:20:35.808228410,35.81,2.65,Q16
9,INT-010,17,2025-01-10 01:25:00,2025-01-10 01:25:35.441809567,35.44,10.85,Q17
9,INT-010,18,2025-01-10 01:30:00,2025-01-10 01:30:42.932877309,42.93,11.35,Q18
9,INT-010,19,2025-01-10 01:35:00,2025-01-10 01:35:45.070212083,45.07,11.95,Q19
9,INT-010,20,2025-01-10 01:40:00,2025-01-10 01:40:36.440157420,36.44,10.61,Q20
10,INT-011,1,2025-01-11 00:05:00,2025-01-11 00:05:21.061286399,21.06,16.91,Q1
10,INT-011,2,2025-01-11 00:10:00,2025-01-11 00:10:13.944767132,13.94,19.2,Q2
10,INT-011,3,2025-01-11 00:15:00,2025-01-11 00:15:19.970498806,19.97,13.31,Q3
10,INT-011,4,2025-01-11 00:20:00,2025-01-11 00:20:05.000000000,5.0,1.55,Q4
10,INT-011,5,2025-01-11 00:25:00,2025-01-11 00:25:14.882618269,14.88,0.0,Q5
10,INT-011,6,2025-01-11 00:30:00,2025-01-11 00:30:20.325067041,20.33,0.0,Q6
10,INT-011,7,2025-01-11 00:35:00,2025-01-11 00:35:22.851574450,22.85,10.59,Q7
10,INT-011,8,2025-01-11 00:40:00,2025-01-11 00:40:16.877260898,16.88,0.98,Q8
10,INT-011,9,2025-01-11 00:45:00,2025-01-11 00:45:17.335857066,17.34,0.0,Q9
10,INT-011,10,2025-01-11 00:50:00,2025-01-11 00:50:13.513658234,13.51,1.71,Q10
10,INT-011,11,2025-01-11 00:55:00,2025-01-11 00:55:25.454525144,25.45,0.0,Q11
10,INT-011,12,2025-01-11 01:00:00,2025-01-11 01:00:24.267641223,24.27,11.11,Q12
10,INT-011,13,2025-01-11 01:05:00,2025-01-11 01:05:24.853677095,24.85,7.91,Q13
10,INT-011,14,2025-01-11 01:10:00,2025-01-11 01:10:26.802202807,26.8,15.63,Q14
10,INT-011,15,2025-01-11 01:15:00,2025-01-11 01:15:26.899742268,26.9,0.0,Q15
10,INT-011,16,2025-01-11 01:20:00,2025-01-11 01:20:25.140000751,25.14,26.65,Q16
10,INT-011,17,2025-01-11 01:25:00,2025-01-11 01:25:29.900826327,29.9,5.15,Q17
10,INT-011,18,2025-01-11 01:30:00,2025-01-11 01:30:24.332099326,24.33,2.7,Q18
10,INT-011,19,2025-01-11 01:35:00,2025-01-11 01:35:19.828945578,19.83,11.66,Q19
10,INT-011,20,2025-01-11 01:40:00,2025-01-11 01:40:17.878203580,17.88,0.0,Q20
11,INT-012,1,2025-01-12 00:05:00,2025-01-12 00:05:15.814570751,15.81,0.0,Q1
11,INT-012,2,2025-01-12 00:10:00,2025-01-12 00:10:14.524423364,14.52,0.0,Q2
11,INT-012,3,2025-01-12 00:15:00,2025-01-12 00:15:25.207840485,25.21,13.56,Q3
11,INT-012,4,2025-01-12 00:20:00,2025-01-12 00:20:16.195771809,16.2,0.0,Q4
11,INT-012,5,2025-01-12 00:25:00,2025-01-12 00:25:25.191187626,25.19,18.99,Q5
11,INT-012,6,2025-01-12 00:30:00,2025-01-12 00:30:14.435824464,14.44,14.4,Q6
11,INT-012,7,2025-01-12 00:35:00,2025-01-12 00:35:19.468860204,19.47,3.99,Q7
11,INT-012,8,2025-01-12 00:40:00,2025-01-12 00:40:18.881151574,18.88,13.0,Q8
11,INT-012,9,2025-01-12 00:45:00,2025-01-12 00:45:19.448401642,19.45,12.16,Q9
11,INT-012,10,2025-01-12 00:50:00,2025-01-12 00:50:17.643571388,17.64,0.0,Q10
11,INT-012,11,2025-01-12 00:55:00,2025-01-12 00:55:20.785983745,20.79,3.87,Q11
11,INT-012,12,2025-01-12 01:00:00,2025-01-12 01:00:24.003792113,24.0,8.91,Q12
11,INT-012,13,2025-01-12 01:05:00,2025-01-12 01:05:13.597025874,13.6,10.97,Q13
11,INT-012,14,2025-01-12 01:10:00,2025-01-12 01:10:18.465544980,18.47,2.62,Q14
11,INT-012,15,2025-01-12 01:15:00,2025-01-12 01:15:24.951265053,24.95,13.13,Q15
11,INT-012,16,2025-01-12 01:20:00,2025-01-12 01:20:19.717323500,19.72,19.91,Q16
11,INT-012,17,2025-01-12 01:25:00,2025-01-12 01:25:16.834723984,16.83,8.37,Q17
11,INT-012,18,2025-01-12 01:30:00,2025-01-12 01:30:18.213474872,18.21,20.89,Q18
11,INT-012,19,2025-01-12 01:35:00,2025-01-12 01:35:21.977637973,21.98,14.06,Q19
11,INT-012,20,2025-01-12 01:40:00,2025-01-12 01:40:26.527857529,26.53,16.77,Q20
12,INT-013,1,2025-01-13 00:05:00,2025-01-13 00:05:25.383696883,25.38,15.13,Q1
12,INT-013,2,2025-01-13 00:10:00,2025-01-13 00:10:21.821131171,21.82,0.0,Q2
12,INT-013,3,2025-01-13 00:15:00,2025-01-13 00:15:23.526209442,23.53,13.6,Q3
12,INT-013,4,2025-01-13 00:20:00,2025-01-13 00:20:24.443407286,24.44,14.98,Q4
12,INT-013,5,2025-01-13 00:25:00,2025-01-13 00:25:20.087777814,20.09,0.0,Q5
12,INT-013,6,2025-01-13 00:30:00,2025-01-13 00:30:23.147810693,23.15,8.65,Q6
12,INT-013,7,2025-01-13 00:35:00,2025-01-13 00:35:21.542483140,21.54,0.0,Q7
12,INT-013,8,2025-01-13 00:40:00,2025-01-13 00:40:13.864417620,13.86,10.93,Q8
12,INT-013,9,2025-01-13 00:45:00,2025-01-13 00:45:18.711094374,18.71,11.65,Q9
12,INT-013,10,2025-01-13 00:50:00,2025-01-13 00:50:35.283539680,35.28,16.04,Q10
12,INT-013,11,2025-01-13 00:55:00,2025-01-13 00:55:26.214967964,26.21,2.72,Q11
12,INT-013,12,2025-01-13 01:00:00,2025-01-13 01:00:22.859573087,22.86,8.07,Q12
12,INT-013,13,2025-01-13 01:05:00,2025-01-13 01:05:20.072002779,20.07,0.0,Q13
12,INT-013,14,2025-01-13 01:10:00,2025-01-13 01:10:22.363142191,22.36,10.99,Q14
12,INT-013,15,2025-01-13 01:15:00,2025-01-13 01:15:17.200902465,17.2,11.48,Q15
12,INT-013,16,2025-01-13 01:20:00,2025-01-13 01:20:30.009256619,30.01,0.0,Q16
12,INT-013,17,2025-01-13 01:25:00,2025-01-13 01:25:27.492849952,27.49,0.0,Q17
12,INT-013,18,2025-01-13 01:30:00,2025-01-13 01:30:21.624958913,21.62,20.48,Q18
12,INT-013,19,2025-01-13 01:35:00,2025-01-13 01:35:23.244384732,23.24,0.0,Q19
12,INT-013,20,2025-01-13 01:40:00,2025-01-13 01:40:25.781661873,25.78,21.41,Q20
13,INT-014,1,2025-01-14 00:05:00,2025-01-14 00:05:26.909836292,26.91,12.81,Q1
13,INT-014,2,2025-01-14 00:10:00,2025-01-14 00:10:19.610265994,19.61,13.29,Q2
13,INT-014,3,2025-01-14 00:15:00,2025-01-14 00:15:26.909728709,26.91,22.45,Q3
13,INT-014,4,2025-01-14 00:20:00,2025-01-14 00:20:18.690937640,18.69,0.0,Q4
13,INT-014,5,2025-01-14 00:25:00,2025-01-14 00:25:28.171805357,28.17,1.68,Q5
13,INT-014,6,2025-01-14 00:30:00,2025-01-14 00:30:20.796433447,20.8,0.0,Q6
13,INT-014,7,2025-01-14 00:35:00,2025-01-14 00:35:20.410058102,20.41,14.55,Q7
13,INT-014,8,2025-01-14 00:40:00,2025-01-14 00:40:33.852775558,33.85,1.85,Q8
13,INT-014,9,2025-01-14 00:45:00,2025-01-14 00:45:28.160950067,28.16,15.92,Q9
13,INT-014,10,2025-01-14 00:50:00,2025-01-14 00:50:22.257659777,22.26,7.22,Q10
13,INT-014,11,2025-01-14 00:55:00,2025-01-14 00:55:23.085055214,23.09,0.0,Q11
13,INT-014,12,2025-01-14 01:00:00,2025-01-14 01:00:18.812693761,18.81,6.73,Q12
13,INT-014,13,2025-01-14 01:05:00,2025-01-14 01:05:26.079811208,26.08,3.58,Q13
13,INT-014,14,2025-01-14 01:10:00,2025-01-14 01:10:27.826956160,27.83,27.18,Q14
13,INT-014,15,2025-01-14 01:15:00,2025-01-14 01:15:32.938931290,32.94,0.0,Q15
13,INT-014,16,2025-01-14 01:20:00,2025-01-14 01:20:20.415377147,20.42,0.0,Q16
13,INT-014,17,2025-01-14 01:25:00,2025-01-14 01:25:24.140985482,24.14,4.4,Q17
13,INT-014,18,2025-01-14 01:30:00,2025-01-14 01:30:26.222027840,26.22,0.99,Q18
13,INT-014,19,2025-01-14 01:35:00,2025-01-14 01:35:28.734528339,28.73,7.45,Q19
13,INT-014,20,2025-01-14 01:40:00,2025-01-14 01:40:22.147294562,22.15,3.03,Q20
14,INT-015,1,2025-01-15 00:05:00,2025-01-15 00:05:25.400450251,25.4,15.88,Q1
14,INT-015,2,2025-01-15 00:10:00,2025-01-15 00:10:30.801925026,30.8,4.42,Q2
14,INT-015,3,2025-01-15 00:15:00,2025-01-15 00:15:25.134218464,25.13,28.73,Q3
14,INT-015,4,2025-01-15 00:20:00,2025-01-15 00:20:22.763094699,22.76,7.27,Q4
14,INT-015,5,2025-01-15 00:25:00,2025-01-15 00:25:22.111780388,22.11,29.0,Q5
14,INT-015,6,2025-01-15 00:30:00,2025-01-15 00:30:13.174931413,13.17,7.82,Q6
14,INT-015,7,2025-01-15 00:35:00,2025-01-15 00:35:23.020694373,23.02,7.82,Q7
14,INT-015,8,2025-01-15 00:40:00,2025-01-15 00:40:22.571297817,22.57,20.26,Q8
14,INT-015,9,2025-01-15 00:45:00,2025-01-15 00:45:28.211619533,28.21,4.61,Q9
14,INT-015,10,2025-01-15 00:50:00,2025-01-15 00:50:32.823806774,32.82,6.23,Q10
14,INT-015,11,2025-01-15 00:55:00,2025-01-15 00:55:37.720823770,37.72,24.87,Q11
14,INT-015,12,2025-01-15 01:00:00,2025-01-15 01:00:28.197298483,28.2,14.69,Q12
14,INT-015,13,2025-01-15 01:05:00,2025-01-15 01:05:25.906307067,25.91,0.0,Q13
14,INT-015,14,2025-01-15 01:10:00,2025-01-15 01:10:27.286820308,27.29,0.0,Q14
14,INT-015,15,2025-01-15 01:15:00,2025-01-15 01:15:25.573392788,25.57,10.96,Q15
14,INT-015,16,2025-01-15 01:20:00,2025-01-15 01:20:20.060301242,20.06,10.13,Q16
14,INT-015,17,2025-01-15 01:25:00,2025-01-15 01:25:26.608682232,26.61,0.0,Q17
14,INT-015,18,2025-01-15 01:30:00,2025-01-15 01:30:37.384622643,37.38,2.54,Q18
14,INT-015,19,2025-01-15 01:35:00,2025-01-15 01:35:26.442960202,26.44,0.0,Q19
14,INT-015,20,2025-01-15 01:40:00,2025-01-15 01:40:17.731114472,17.73,0.0,Q20
15,INT-016,1,2025-01-16 00:05:00,2025-01-16 00:05:29.467811176,29.47,12.06,Q1
15,INT-016,2,2025-01-16 00:10:00,2025-01-16 00:10:24.985608760,24.99,0.0,Q2
15,INT-016,3,2025-01-16 00:15:00,2025-01-16 00:15:20.743114626,20.74,9.28,Q3
15,INT-016,4,2025-01-16 00:20:00,2025-01-16 00:20:28.002839680,28.0,0.0,Q4
15,INT-016,5,2025-01-16 00:25:00,2025-01-16 00:25:36.341860599,36.34,15.92,Q5
15,INT-016,6,2025-01-16 00:30:00,2025-01-16 00:30:34.998590399,35.0,0.51,Q6
15,INT-016,7,2025-01-16 00:35:00,2025-01-16 00:35:27.993635163,27.99,7.75,Q7
15,INT-016,8,2025-01-16 00:40:00,2025-01-16 00:40:32.909841082,32.91,4.75,Q8
15,INT-016,9,2025-01-16 00:45:00,2025-01-16 00:45:28.410040883,28.41,22.73,Q9
15,INT-016,10,2025-01-16 00:50:00,2025-01-16 00:50:32.237610319,32.24,12.97,Q10
15,INT-016,11,2025-01-16 00:55:00,2025-01-16 00:55:25.424042198,25.42,19.67,Q11
15,INT-016,12,2025-01-16 01:00:00,2025-01-16 01:00:17.306200602,17.31,19.2,Q12
15,INT-016,13,2025-01-16 01:05:00,2025-01-16 01:05:31.361508409,31.36,21.13,Q13
15,INT-016,14,2025-01-16 01:10:00,2025-01-16 01:10:22.565385496,22.57,1.28,Q14
15,INT-016,15,2025-01-16 01:15:00,2025-01-16 01:15:29.103104358,29.1,0.15,Q15
15,INT-016,16,2025-01-16 01:20:00,2025-01-16 01:20:33.908281727,33.91,0.0,Q16
15,INT-016,17,2025-01-16 01:25:00,2025-01-16 01:25:32.513317634,32.51,5.92,Q17
15,INT-016,18,2025-01-16 01:30:00,2025-01-16 01:30:23.220858626,23.22,0.0,Q18
15,INT-016,19,2025-01-16 01:35:00,2025-01-16 01:35:35.938119719,35.94,0.0,Q19
15,INT-016,20,2025-01-16 01:40:00,2025-01-16 01:40:26.761142343,26.76,21.64,Q20
16,INT-017,1,2025-01-17 00:05:00,2025-01-17 00:05:32.940176173,32.94,8.45,Q1
16,INT-017,2,2025-01-17 00:10:00,2025-01-17 00:10:24.349581512,24.35,0.0,Q2
16,INT-017,3,2025-01-17 00:15:00,2025-01-17 00:15:23.733101293,23.73,6.67,Q3
16,INT-017,4,2025-01-17 00:20:00,2025-01-17 00:20:32.917515171,32.92,16.03,Q4
16,INT-017,5,2025-01-17 00:25:00,2025-01-17 00:25:28.113340217,28.11,12.02,Q5
16,INT-017,6,2025-01-17 00:30:00,2025-01-17 00:30:31.125066857,31.13,7.91,Q6
16,INT-017,7,2025-01-17 00:35:00,2025-01-17 00:35:36.667576717,36.67,0.0,Q7
16,INT-017,8,2025-01-17 00:40:00,2025-01-17 00:40:30.743113533,30.74,11.56,Q8
16,INT-017,9,2025-01-17 00:45:00,2025-01-17 00:45:33.777105726,33.78,0.0,Q9
16,INT-017,10,2025-01-17 00:50:00,2025-01-17 00:50:29.289692706,29.29,0.0,Q10
16,INT-017,11,2025-01-17 00:55:00,2025-01-17 00:55:29.464117894,29.46,4.06,Q11
16,INT-017,12,2025-01-17 01:00:00,2025-01-17 01:00:32.925057191,32.93,24.43,Q12
16,INT-017,13,2025-01-17 01:05:00,2025-01-17 01:05:32.533209936,32.53,0.0,Q13
16,INT-017,14,2025-01-17 01:10:00,2025-01-17 01:10:30.711881315,30.71,5.79,Q14
16,INT-017,15,2025-01-17 01:15:00,2025-01-17 01:15:28.239983103,28.24,18.78,Q15
16,INT-017,16,2025-01-17 01:20:00,2025-01-17 01:20:28.627475372,28.63,12.78,Q16
16,INT-017,17,2025-01-17 01:25:00,2025-01-17 01:25:33.545764765,33.55,17.49,Q17
16,INT-017,18,2025-01-17 01:30:00,2025-01-17 01:30:32.523030452,32.52,20.39,Q18
16,INT-017,19,2025-01-17 01:35:00,2025-01-17 01:35:36.178203343,36.18,0.0,Q19
16,INT-017,20,2025-01-17 01:40:00,2025-01-17 01:40:31.808013470,31.81,8.42,Q20
17,INT-018,1,2025-01-18 00:05:00,2025-01-18 00:05:40.383407738,40.38,9.92,Q1
17,INT-018,2,2025-01-18 00:10:00,2025-01-18 00:10:32.415207501,32.42,0.0,Q2
17,INT-018,3,2025-01-18 00:15:00,2025-01-18 00:15:34.222646606,34.22,13.3,Q3
17,INT-018,4,2025-01-18 00:20:00,2025-01-18 00:20:27.485382242,27.49,2.72,Q4
17,INT-018,5,2025-01-18 00:25:00,2025-01-18 00:25:28.729719566,28.73,7.87,Q5
17,INT-018,6,2025-01-18 00:30:00,2025-01-18 00:30:26.785819069,26.79,0.0,Q6
17,INT-018,7,2025-01-18 00:35:00,2025-01-18 00:35:26.201624843,26.2,6.88,Q7
17,INT-018,8,2025-01-18 00:40:00,2025-01-18 00:40:39.025756589,39.03,9.62,Q8
17,INT-018,9,2025-01-18 00:45:00,2025-01-18 00:45:31.840120237,31.84,9.92,Q9
17,INT-018,10,2025-01-18 00:50:00,2025-01-18 00:50:30.892753219,30.89,0.0,Q10
17,INT-018,11,2025-01-18 00:55:00,2025-01-18 00:55:30.731327552,30.73,22.9,Q11
17,INT-018,12,2025-01-18 01:00:00,2025-01-18 01:00:29.127948620,29.13,14.15,Q12
17,INT-018,13,2025-01-18 01:05:00,2025-01-18 01:05:28.886250124,28.89,9.84,Q13
17,INT-018,14,2025-01-18 01:10:00,2025-01-18 01:10:29.453696559,29.45,14.29,Q14
17,INT-018,15,2025-01-18 01:15:00,2025-01-18 01:15:33.363683185,33.36,0.0,Q15
17,INT-018,16,2025-01-18 01:20:00,2025-01-18 01:20:39.121041154,39.12,0.0,Q16
17,INT-018,17,2025-01-18 01:25:00,2025-01-18 01:25:27.820846901,27.82,0.0,Q17
17,INT-018,18,2025-01-18 01:30:00,2025-01-18 01:30:35.604663831,35.6,2.81,Q18
17,INT-018,19,2025-01-18 01:35:00,2025-01-18 01:35:40.177530617,40.18,10.87,Q19
17,INT-018,20,2025-01-18 01:40:00,2025-01-18 01:40:30.518562328,30.52,0.0,Q20
18,INT-019,1,2025-01-19 00:05:00,2025-01-19 00:05:41.216861835,41.22,0.0,Q1
18,INT-019,2,2025-01-19 00:10:00,2025-01-19 00:10:36.114228360,36.11,0.0,Q2
18,INT-019,3,2025-01-19 00:15:00,2025-01-19 00:15:37.119868912,37.12,14.88,Q3
18,INT-019,4,2025-01-19 00:20:00,2025-01-19 00:20:34.204388149,34.2,17.85,Q4
18,INT-019,5,2025-01-19 00:25:00,2025-01-19 00:25:26.201621189,26.2,6.32,Q5
18,INT-019,6,2025-01-19 00:30:00,2025-01-19 00:30:37.494896929,37.49,0.0,Q6
18,INT-019,7,2025-01-19 00:35:00,2025-01-19 00:35:34.048904113,34.05,18.78,Q7
18,INT-019,8,2025-01-19 00:40:00,2025-01-19 00:40:38.050397985,38.05,7.19,Q8
18,INT-019,9,2025-01-19 00:45:00,2025-01-19 00:45:32.050578441,32.05,0.0,Q9
18,INT-019,10,2025-01-19 00:50:00,2025-01-19 00:50:28.763751144,28.76,9.77,Q10
18,INT-019,11,2025-01-19 00:55:00,2025-01-19 00:55:33.106399740,33.11,17.54,Q11
18,INT-019,12,2025-01-19 01:00:00,2025-01-19 01:00:39.378398754,39.38,11.97,Q12
18,INT-019,13,2025-01-19 01:05:00,2025-01-19 01:05:35.613222896,35.61,0.0,Q13
18,INT-019,14,2025-01-19 01:10:00,2025-01-19 01:10:40.270430527,40.27,0.0,Q14
18,INT-019,15,2025-01-19 01:15:00,2025-01-19 01:15:42.172314253,42.17,17.11,Q15
18,INT-019,16,2025-01-19 01:20:00,2025-01-19 01:20:40.667240936,40.67,8.95,Q16
18,INT-019,17,2025-01-19 01:25:00,2025-01-19 01:25:36.942439405,36.94,13.8,Q17
18,INT-019,18,2025-01-19 01:30:00,2025-01-19 01:30:28.924187539,28.92,13.31,Q18
18,INT-019,19,2025-01-19 01:35:00,2025-01-19 01:35:35.148647002,35.15,9.05,Q19
18,INT-019,20,2025-01-19 01:40:00,2025-01-19 01:40:36.104793660,36.1,14.15,Q20
19,INT-020,1,2025-01-20 00:05:00,2025-01-20 00:05:45.732594043,45.73,15.69,Q1
19,INT-020,2,2025-01-20 00:10:00,2025-01-20 00:10:40.143069585,40.14,25.78,Q2
19,INT-020,3,2025-01-20 00:15:00,2025-01-20 00:15:44.446926708,44.45,23.75,Q3
19,INT-020,4,2025-01-20 00:20:00,2025-01-20 00:20:39.760216585,39.76,6.53,Q4
19,INT-020,5,2025-01-20 00:25:00,2025-01-20 00:25:37.987272183,37.99,14.95,Q5
19,INT-020,6,2025-01-20 00:30:00,2025-01-20 00:30:38.853886425,38.85,10.22,Q6
19,INT-020,7,2025-01-20 00:35:00,2025-01-20 00:35:38.335051005,38.34,17.06,Q7
19,INT-020,8,2025-01-20 00:40:00,2025-01-20 00:40:45.785228140,45.79,14.26,Q8
19,INT-020,9,2025-01-20 00:45:00,2025-01-20 00:45:37.845141421,37.85,0.9,Q9
19,INT-020,10,2025-01-20 00:50:00,2025-01-20 00:50:35.605480834,35.61,9.68,Q10
19,INT-020,11,2025-01-20 00:55:00,2025-01-20 00:55:39.402141261,39.4,9.2,Q11
19,INT-020,12,2025-01-20 01:00:00,2025-01-20 01:00:42.070795064,42.07,2.79,Q12
19,INT-020,13,2025-01-20 01:05:00,2025-01-20 01:05:39.726297167,39.73,9.36,Q13
19,INT-020,14,2025-01-20 01:10:00,2025-01-20 01:10:31.797093063,31.8,17.06,Q14
19,INT-020,15,2025-01-20 01:15:00,2025-01-20 01:15:39.647510075,39.65,8.32,Q15
19,INT-020,16,2025-01-20 01:20:00,2025-01-20 01:20:36.567398268,36.57,8.14,Q16
19,INT-020,17,2025-01-20 01:25:00,2025-01-20 01:25:33.774110113,33.77,2.51,Q17
19,INT-020,18,2025-01-20 01:30:00,2025-01-20 01:30:44.145513651,44.15,9.67,Q18
19,INT-020,19,2025-01-20 01:35:00,2025-01-20 01:35:36.198054172,36.2,7.75,Q19
19,INT-020,20,2025-01-20 01:40:00,2025-01-20 01:40:42.366181804,42.37,0.73,Q20
20,INT-021,1,2025-01-21 00:05:00,2025-01-21 00:05:19.366102045,19.37,4.53,Q1
20,INT-021,2,2025-01-21 00:10:00,2025-01-21 00:10:20.612854350,20.61,17.21,Q2
20,INT-021,3,2025-01-21 00:15:00,2025-01-21 00:15:18.069101068,18.07,11.8,Q3
20,INT-021,4,2025-01-21 00:20:00,2025-01-21 00:20:17.538081736,17.54,3.33,Q4
20,INT-021,5,2025-01-21 00:25:00,2025-01-21 00:25:21.650025838,21.65,8.61,Q5
20,INT-021,6,2025-01-21 00:30:00,2025-01-21 00:30:21.877660056,21.88,11.99,Q6
20,INT-021,7,2025-01-21 00:35:00,2025-01-21 00:35:22.412471303,22.41,0.56,Q7
20,INT-021,8,2025-01-21 00:40:00,2025-01-21 00:40:15.858791717,15.86,7.3,Q8
20,INT-021,9,2025-01-21 00:45:00,2025-01-21 00:45:15.517310756,15.52,19.42,Q9
20,INT-021,10,2025-01-21 00:50:00,2025-01-21 00:50:25.399233379,25.4,0.0,Q10
20,INT-021,11,2025-01-21 00:55:00,2025-01-21 00:55:14.110489894,14.11,3.74,Q11
20,INT-021,12,2025-01-21 01:00:00,2025-01-21 01:00:25.272750193,25.27,6.85,Q12
20,INT-021,13,2025-01-21 01:05:00,2025-01-21 01:05:17.031328231,17.03,14.32,Q13
20,INT-021,14,2025-01-21 01:10:00,2025-01-21 01:10:16.047674901,16.05,0.0,Q14
20,INT-021,15,2025-01-21 01:15:00,2025-01-21 01:15:15.926939151,15.93,24.59,Q15
20,INT-021,16,2025-01-21 01:20:00,2025-01-21 01:20:18.529179925,18.53,8.85,Q16
20,INT-021,17,2025-01-21 01:25:00,2025-01-21 01:25:19.098983946,19.1,0.0,Q17
20,INT-021,18,2025-01-21 01:30:00,2025-01-21 01:30:21.888673953,21.89,4.46,Q18
20,INT-021,19,2025-01-21 01:35:00,2025-01-21 01:35:18.741112542,18.74,3.42,Q19
20,INT-021,20,2025-01-21 01:40:00,2025-01-21 01:40:30.090008791,30.09,10.62,Q20
21,INT-022,1,2025-01-22 00:05:00,2025-01-22 00:05:19.754347432,19.75,12.58,Q1
21,INT-022,2,2025-01-22 00:10:00,2025-01-22 00:10:30.125953935,30.13,12.54,Q2
21,INT-022,3,2025-01-22 00:15:00,2025-01-22 00:15:18.001547991,18.0,13.53,Q3
21,INT-022,4,2025-01-22 00:20:00,2025-01-22 00:20:20.462693692,20.46,0.0,Q4
21,INT-022,5,2025-01-22 00:25:00,2025-01-22 00:25:23.415134978,23.42,11.34,Q5
21,INT-022,6,2025-01-22 00:30:00,2025-01-22 00:30:16.473943058,16.47,1.92,Q6
21,INT-022,7,2025-01-22 00:35:00,2025-01-22 00:35:18.970092280,18.97,2.15,Q7
21,INT-022,8,2025-01-22 00:40:00,2025-01-22 00:40:20.783728292,20.78,23.27,Q8
21,INT-022,9,2025-01-22 00:45:00,2025-01-22 00:45:18.308720946,18.31,12.78,Q9
21,INT-022,10,2025-01-22 00:50:00,2025-01-22 00:50:14.609906809,14.61,11.0,Q10
21,INT-022,11,2025-01-22 00:55:00,2025-01-22 00:55:16.649793534,16.65,16.62,Q11
21,INT-022,12,2025-01-22 01:00:00,2025-01-22 01:00:20.906432643,20.91,15.23,Q12
21,INT-022,13,2025-01-22 01:05:00,2025-01-22 01:05:21.845387638,21.85,17.13,Q13
21,INT-022,14,2025-01-22 01:10:00,2025-01-22 01:10:21.941691613,21.94,5.03,Q14
21,INT-022,15,2025-01-22 01:15:00,2025-01-22 01:15:20.309785966,20.31,0.97,Q15
21,INT-022,16,2025-01-22 01:20:00,2025-01-22 01:20:22.668812544,22.67,0.0,Q16
21,INT-022,17,2025-01-22 01:25:00,2025-01-22 01:25:20.185355417,20.19,27.91,Q17
21,INT-022,18,2025-01-22 01:30:00,2025-01-22 01:30:23.324079376,23.32,0.0,Q18
21,INT-022,19,2025-01-22 01:35:00,2025-01-22 01:35:16.199032698,16.2,5.21,Q19
21,INT-022,20,2025-01-22 01:40:00,2025-01-22 01:40:19.849952334,19.85,11.96,Q20
22,INT-023,1,2025-01-23 00:05:00,2025-01-23 00:05:19.930714260,19.93,22.82,Q1
22,INT-023,2,2025-01-23 00:10:00,2025-01-23 00:10:29.535573684,29.54,0.0,Q2
22,INT-023,3,2025-01-23 00:15:00,2025-01-23 00:15:26.088634274,26.09,5.05,Q3
22,INT-023,4,2025-01-23 00:20:00,2025-01-23 00:20:19.037840293,19.04,8.8,Q4
22,INT-023,5,2025-01-23 00:25:00,2025-01-23 00:25:21.600208230,21.6,16.09,Q5
22,INT-023,6,2025-01-23 00:30:00,2025-01-23 00:30:21.544965556,21.54,9.74,Q6
22,INT-023,7,2025-01-23 00:35:00,2025-01-23 00:35:27.849264845,27.85,5.87,Q7
22,INT-023,8,2025-01-23 00:40:00,2025-01-23 00:40:27.856155288,27.86,0.0,Q8
22,INT-023,9,2025-01-23 00:45:00,2025-01-23 00:45:26.007727321,26.01,14.22,Q9
22,INT-023,10,2025-01-23 00:50:00,2025-01-23 00:50:24.468201152,24.47,0.0,Q10
22,INT-023,11,2025-01-23 00:55:00,2025-01-23 00:55:24.835100920,24.84,0.76,Q11
22,INT-023,12,2025-01-23 01:00:00,2025-01-23 01:00:24.338521010,24.34,0.0,Q12
22,INT-023,13,2025-01-23 01:05:00,2025-01-23 01:05:18.552263737,18.55,2.61,Q13
22,INT-023,14,2025-01-23 01:10:00,2025-01-23 01:10:18.741749581,18.74,0.0,Q14
22,INT-023,15,2025-01-23 01:15:00,2025-01-23 01:15:22.005717201,22.01,6.72,Q15
22,INT-023,16,2025-01-23 01:20:00,2025-01-23 01:20:20.030083080,20.03,12.41,Q16
22,INT-023,17,2025-01-23 01:25:00,2025-01-23 01:25:29.582771090,29.58,13.29,Q17
22,INT-023,18,2025-01-23 01:30:00,2025-01-23 01:30:22.366195373,22.37,10.81,Q18
22,INT-023,19,2025-01-23 01:35:00,2025-01-23 01:35:32.853382952,32.85,0.0,Q19
22,INT-023,20,2025-01-23 01:40:00,2025-01-23 01:40:28.632994583,28.63,1.09,Q20
23,INT-024,1,2025-01-24 00:05:00,2025-01-24 00:05:25.752582576,25.75,14.42,Q1
23,INT-024,2,2025-01-24 00:10:00,2025-01-24 00:10:15.729734736,15.73,14.27,Q2
23,INT-024,3,2025-01-24 00:15:00,2025-01-24 00:15:19.243745517,19.24,5.48,Q3
23,INT-024,4,2025-01-24 00:20:00,2025-01-24 00:20:26.436155322,26.44,23.64,Q4
23,INT-024,5,2025-01-24 00:25:00,2025-01-24 00:25:32.484017512,32.48,7.89,Q5
23,INT-024,6,2025-01-24 00:30:00,2025-01-24 00:30:20.222587984,20.22,10.12,Q6
23,INT-024,7,2025-01-24 00:35:00,2025-01-24 00:35:31.365201234,31.37,5.34,Q7
23,INT-024,8,2025-01-24 00:40:00,2025-01-24 00:40:25.581226991,25.58,8.32,Q8
23,INT-024,9,2025-01-24 00:45:00,2025-01-24 00:45:31.017061166,31.02,0.0,Q9
23,INT-024,10,2025-01-24 00:50:00,2025-01-24 00:50:20.909133685,20.91,13.26,Q10
23,INT-024,11,2025-01-24 00:55:00,2025-01-24 00:55:26.896522968,26.9,7.27,Q11
23,INT-024,12,2025-01-24 01:00:00,2025-01-24 01:00:33.836061597,33.84,23.53,Q12
23,INT-024,13,2025-01-24 01:05:00,2025-01-24 01:05:20.358605974,20.36,6.17,Q13
23,INT-024,14,2025-01-24 01:10:00,2025-01-24 01:10:24.628328579,24.63,22.13,Q14
23,INT-024,15,2025-01-24 01:15:00,2025-01-24 01:15:24.439286321,24.44,0.0,Q15
23,INT-024,16,2025-01-24 01:20:00,2025-01-24 01:20:19.369826387,19.37,0.0,Q16
23,INT-024,17,2025-01-24 01:25:00,2025-01-24 01:25:32.195752757,32.2,2.77,Q17
23,INT-024,18,2025-01-24 01:30:00,2025-01-24 01:30:17.762551364,17.76,6.14,Q18
23,INT-024,19,2025-01-24 01:35:00,2025-01-24 01:35:20.383452746,20.38,3.28,Q19
23,INT-024,20,2025-01-24 01:40:00,2025-01-24 01:40:28.193596300,28.19,12.36,Q20
24,INT-025,1,2025-01-25 00:05:00,2025-01-25 00:05:31.143658010,31.14,0.0,Q1
24,INT-025,2,2025-01-25 00:10:00,2025-01-25 00:10:24.429436556,24.43,10.49,Q2
24,INT-025,3,2025-01-25 00:15:00,2025-01-25 00:15:36.533692862,36.53,17.19,Q3
24,INT-025,4,2025-01-25 00:20:00,2025-01-25 00:20:29.241599831,29.24,0.0,Q4
24,INT-025,5,2025-01-25 00:25:00,2025-01-25 00:25:18.588026540,18.59,2.93,Q5
24,INT-025,6,2025-01-25 00:30:00,2025-01-25 00:30:35.289862287,35.29,6.6,Q6
24,INT-025,7,2025-01-25 00:35:00,2025-01-25 00:35:30.080903694,30.08,11.92,Q7
24,INT-025,8,2025-01-25 00:40:00,2025-01-25 00:40:18.981170389,18.98,2.39,Q8
24,INT-025,9,2025-01-25 00:45:00,2025-01-25 00:45:29.963111376,29.96,10.68,Q9
24,INT-025,10,2025-01-25 00:50:00,2025-01-25 00:50:33.402528401,33.4,9.92,Q10
24,INT-025,11,2025-01-25 00:55:00,2025-01-25 00:55:22.541798115,22.54,4.69,Q11
24,INT-025,12,2025-01-25 01:00:00,2025-01-25 01:00:36.465247143,36.47,13.9,Q12
24,INT-025,13,2025-01-25 01:05:00,2025-01-25 01:05:23.879986376,23.88,0.0,Q13
24,INT-025,14,2025-01-25 01:10:00,2025-01-25 01:10:33.538056015,33.54,9.13,Q14
24,INT-025,15,2025-01-25 01:15:00,2025-01-25 01:15:23.488095164,23.49,0.0,Q15
24,INT-025,16,2025-01-25 01:20:00,2025-01-25 01:20:32.138156153,32.14,11.38,Q16
24,INT-025,17,2025-01-25 01:25:00,2025-01-25 01:25:25.411201668,25.41,0.0,Q17
24,INT-025,18,2025-01-25 01:30:00,2025-01-25 01:30:20.108788315,20.11,22.37,Q18
24,INT-025,19,2025-01-25 01:35:00,2025-01-25 01:35:33.810306644,33.81,0.0,Q19
24,INT-025,20,2025-01-25 01:40:00,2025-01-25 01:40:26.145593524,26.15,23.25,Q20
25,INT-001,1,2025-01-26 00:05:00,2025-01-26 00:05:32.338028848,32.34,7.47,Q1
25,INT-001,2,2025-01-26 00:10:00,2025-01-26 00:10:33.344203448,33.34,8.13,Q2
25,INT-001,3,2025-01-26 00:15:00,2025-01-26 00:15:29.319101334,29.32,11.51,Q3
25,INT-001,4,2025-01-26 00:20:00,2025-01-26 00:20:26.333569243,26.33,0.0,Q4
25,INT-001,5,2025-01-26 00:25:00,2025-01-26 00:25:29.953759920,29.95,28.2,Q5
25,INT-001,6,2025-01-26 00:30:00,2025-01-26 00:30:32.036088937,32.04,1.67,Q6
25,INT-001,7,2025-01-26 00:35:00,2025-01-26 00:35:22.839670997,22.84,6.54,Q7
25,INT-001,8,2025-01-26 00:40:00,2025-01-26 00:40:39.157445681,39.16,18.05,Q8
25,INT-001,9,2025-01-26 00:45:00,2025-01-26 00:45:35.986329406,35.99,13.25,Q9
25,INT-001,10,2025-01-26 00:50:00,2025-01-26 00:50:30.067015891,30.07,15.14,Q10
25,INT-001,11,2025-01-26 00:55:00,2025-01-26 00:55:24.569569710,24.57,6.17,Q11
25,INT-001,12,2025-01-26 01:00:00,2025-01-26 01:00:29.578539778,29.58,9.21,Q12
25,INT-001,13,2025-01-26 01:05:00,2025-01-26 01:05:31.483996147,31.48,12.41,Q13
25,INT-001,14,2025-01-26 01:10:00,2025-01-26 01:10:24.682350254,24.68,18.92,Q14
25,INT-001,15,2025-01-26 01:15:00,2025-01-26 01:15:26.217496958,26.22,4.07,Q15
25,INT-001,16,2025-01-26 01:20:00,2025-01-26 01:20:29.641030860,29.64,0.02,Q16
25,INT-001,17,2025-01-26 01:25:00,2025-01-26 01:25:32.970530887,32.97,0.0,Q17
25,INT-001,18,2025-01-26 01:30:00,2025-01-26 01:30:33.698149594,33.7,12.96,Q18
25,INT-001,19,2025-01-26 01:35:00,2025-01-26 01:35:29.703161037,29.7,0.0,Q19
25,INT-001,20,2025-01-26 01:40:00,2025-01-26 01:40:29.313404545,29.31,3.04,Q20
26,INT-002,1,2025-01-27 00:05:00,2025-01-27 00:05:35.579685026,35.58,16.08,Q1
26,INT-002,2,2025-01-27 00:10:00,2025-01-27 00:10:31.545434113,31.55,11.76,Q2
26,INT-002,3,2025-01-27 00:15:00,2025-01-27 00:15:27.536085544,27.54,0.48,Q3
26,INT-002,4,2025-01-27 00:20:00,2025-01-27 00:20:25.801961101,25.8,8.81,Q4
26,INT-002,5,2025-01-27 00:25:00,2025-01-27 00:25:33.307896555,33.31,11.93,Q5
26,INT-002,6,2025-01-27 00:30:00,2025-01-27 00:30:29.141471489,29.14,0.0,Q6
26,INT-002,7,2025-01-27 00:35:00,2025-01-27 00:35:33.699592292,33.7,11.09,Q7
26,INT-002,8,2025-01-27 00:40:00,2025-01-27 00:40:30.327839249,30.33,3.57,Q8
26,INT-002,9,2025-01-27 00:45:00,2025-01-27 00:45:33.095138344,33.1,10.73,Q9
26,INT-002,10,2025-01-27 00:50:00,2025-01-27 00:50:33.389913549,33.39,0.0,Q10
26,INT-002,11,2025-01-27 00:55:00,2025-01-27 00:55:17.035091897,17.04,7.68,Q11
26,INT-002,12,2025-01-27 01:00:00,2025-01-27 01:00:31.825839875,31.83,23.38,Q12
26,INT-002,13,2025-01-27 01:05:00,2025-01-27 01:05:26.575411970,26.58,0.0,Q13
26,INT-002,14,2025-01-27 01:10:00,2025-01-27 01:10:38.817027454,38.82,15.44,Q14
26,INT-002,15,2025-01-27 01:15:00,2025-01-27 01:15:35.375902832,35.38,0.0,Q15
26,INT-002,16,2025-01-27 01:20:00,2025-01-27 01:20:31.554100679,31.55,0.0,Q16
26,INT-002,17,2025-01-27 01:25:00,2025-01-27 01:25:37.775222856,37.78,8.46,Q17
26,INT-002,18,2025-01-27 01:30:00,2025-01-27 01:30:37.380151327,37.38,5.57,Q18
26,INT-002,19,2025-01-27 01:35:00,2025-01-27 01:35:31.709041848,31.71,6.79,Q19
26,INT-002,20,2025-01-27 01:40:00,2025-01-27 01:40:34.756725760,34.76,0.97,Q20
27,INT-003,1,2025-01-28 00:05:00,2025-01-28 00:05:40.442498899,40.44,15.67,Q1
27,INT-003,2,2025-01-28 00:10:00,2025-01-28 00:10:29.788573655,29.79,4.93,Q2
27,INT-003,3,2025-01-28 00:15:00,2025-01-28 00:15:33.123826498,33.12,0.0,Q3
27,INT-003,4,2025-01-28 00:20:00,2025-01-28 00:20:35.181623953,35.18,16.41,Q4
27,INT-003,5,2025-01-28 00:25:00,2025-01-28 00:25:33.953450068,33.95,0.0,Q5
27,INT-003,6,2025-01-28 00:30:00,2025-01-28 00:30:35.870060614,35.87,8.98,Q6
27,INT-003,7,2025-01-28 00:35:00,2025-01-28 00:35:28.129367917,28.13,20.88,Q7
27,INT-003,8,2025-01-28 00:40:00,2025-01-28 00:40:36.654214674,36.65,8.7,Q8
27,INT-003,9,2025-01-28 00:45:00,2025-01-28 00:45:34.260128155,34.26,7.91,Q9
27,INT-003,10,2025-01-28 00:50:00,2025-01-28 00:50:34.851152203,34.85,2.48,Q10
27,INT-003,11,2025-01-28 00:55:00,2025-01-28 00:55:27.783541851,27.78,5.53,Q11
27,INT-003,12,2025-01-28 01:00:00,2025-01-28 01:00:38.575851801,38.58,7.56,Q12
27,INT-003,13,2025-01-28 01:05:00,2025-01-28 01:05:28.510890605,28.51,5.6,Q13
27,INT-003,14,2025-01-28 01:10:00,2025-01-28 01:10:31.764297527,31.76,5.1,Q14
27,INT-003,15,2025-01-28 01:15:00,2025-01-28 01:15:33.471566097,33.47,0.63,Q15
27,INT-003,16,2025-01-28 01:20:00,2025-01-28 01:20:30.393264712,30.39,7.64,Q16
27,INT-003,17,2025-01-28 01:25:00,2025-01-28 01:25:18.187020647,18.19,18.88,Q17
27,INT-003,18,2025-01-28 01:30:00,2025-01-28 01:30:39.030331407,39.03,5.34,Q18
27,INT-003,19,2025-01-28 01:35:00,2025-01-28 01:35:37.301888144,37.3,0.0,Q19
27,INT-003,20,2025-01-28 01:40:00,2025-01-28 01:40:29.621024198,29.62,20.31,Q20
28,INT-004,1,2025-01-29 00:05:00,2025-01-29 00:05:39.966031283,39.97,6.87,Q1
28,INT-004,2,2025-01-29 00:10:00,2025-01-29 00:10:40.185095923,40.19,0.0,Q2
28,INT-004,3,2025-01-29 00:15:00,2025-01-29 00:15:33.241253517,33.24,0.0,Q3
28,INT-004,4,2025-01-29 00:20:00,2025-01-29 00:20:33.278899996,33.28,0.0,Q4
28,INT-004,5,2025-01-29 00:25:00,2025-01-29 00:25:37.616286715,37.62,0.82,Q5
28,INT-004,6,2025-01-29 00:30:00,2025-01-29 00:30:36.828882564,36.83,14.17,Q6
28,INT-004,7,2025-01-29 00:35:00,2025-01-29 00:35:42.267618458,42.27,11.67,Q7
28,INT-004,8,2025-01-29 00:40:00,2025-01-29 00:40:38.095096048,38.1,0.44,Q8
28,INT-004,9,2025-01-29 00:45:00,2025-01-29 00:45:39.685543045,39.69,0.0,Q9
28,INT-004,10,2025-01-29 00:50:00,2025-01-29 00:50:38.217788459,38.22,0.0,Q10
28,INT-004,11,2025-01-29 00:55:00,2025-01-29 00:55:34.623707976,34.62,29.17,Q11
28,INT-004,12,2025-01-29 01:00:00,2025-01-29 01:00:41.987903645,41.99,0.0,Q12
28,INT-004,13,2025-01-29 01:05:00,2025-01-29 01:05:38.333947328,38.33,20.03,Q13
28,INT-004,14,2025-01-29 01:10:00,2025-01-29 01:10:29.960610500,29.96,18.64,Q14
28,INT-004,15,2025-01-29 01:15:00,2025-01-29 01:15:47.846232740,47.85,12.29,Q15
28,INT-004,16,2025-01-29 01:20:00,2025-01-29 01:20:35.101750671,35.1,12.75,Q16
28,INT-004,17,2025-01-29 01:25:00,2025-01-29 01:25:38.459428324,38.46,8.14,Q17
28,INT-004,18,2025-01-29 01:30:00,2025-01-29 01:30:31.541564732,31.54,0.0,Q18
28,INT-004,19,2025-01-29 01:35:00,2025-01-29 01:35:43.638436081,43.64,0.51,Q19
28,INT-004,20,2025-01-29 01:40:00,2025-01-29 01:40:31.818207697,31.82,2.41,Q20
29,INT-005,1,2025-01-30 00:05:00,2025-01-30 00:05:35.988113010,35.99,19.34,Q1
29,INT-005,2,2025-01-30 00:10:00,2025-01-30 00:10:43.830619988,43.83,26.63,Q2
29,INT-005,3,2025-01-30 00:15:00,2025-01-30 00:15:33.667842371,33.67,0.0,Q3
29,INT-005,4,2025-01-30 00:20:00,2025-01-30 00:20:41.536221334,41.54,1.39,Q4
29,INT-005,5,2025-01-30 00:25:00,2025-01-30 00:25:39.501074026,39.5,10.43,Q5
29,INT-005,6,2025-01-30 00:30:00,2025-01-30 00:30:31.571718031,31.57,4.61,Q6
29,INT-005,7,2025-01-30 00:35:00,2025-01-30 00:35:31.820612111,31.82,15.71,Q7
29,INT-005,8,2025-01-30 00:40:00,2025-01-30 00:40:35.115870658,35.12,0.0,Q8
29,INT-005,9,2025-01-30 00:45:00,2025-01-30 00:45:35.036354276,35.04,14.1,Q9
29,INT-005,10,2025-01-30 00:50:00,2025-01-30 00:50:30.844419448,30.84,12.52,Q10
29,INT-005,11,2025-01-30 00:55:00,2025-01-30 00:55:38.777923086,38.78,4.62,Q11
29,INT-005,12,2025-01-30 01:00:00,2025-01-30 01:00:38.333694337,38.33,5.12,Q12
29,INT-005,13,2025-01-30 01:05:00,2025-01-30 01:05:45.352222190,45.35,23.96,Q13
29,INT-005,14,2025-01-30 01:10:00,2025-01-30 01:10:27.556777609,27.56,2.94,Q14
29,INT-005,15,2025-01-30 01:15:00,2025-01-30 01:15:42.666201719,42.67,3.83,Q15
29,INT-005,16,2025-01-30 01:20:00,2025-01-30 01:20:38.824907471,38.82,15.44,Q16
29,INT-005,17,2025-01-30 01:25:00,2025-01-30 01:25:40.365839577,40.37,5.48,Q17
29,INT-005,18,2025-01-30 01:30:00,2025-01-30 01:30:35.495232863,35.5,0.0,Q18
29,INT-005,19,2025-01-30 01:35:00,2025-01-30 01:35:40.393349416,40.39,16.01,Q19
29,INT-005,20,2025-01-30 01:40:00,2025-01-30 01:40:34.742005568,34.74,22.54,Q20
30,INT-006,1,2025-01-31 00:05:00,2025-01-31 00:05:05.000000000,5.0,173.49,Q1
30,INT-006,2,2025-01-31 00:10:00,2025-01-31 00:11:07.694890898,67.69,200.98,Q2
30,INT-006,3,2025-01-31 00:15:00,2025-01-31 00:15:33.617514181,33.62,171.32,Q3
30,INT-006,4,2025-01-31 00:20:00,2025-01-31 00:20:42.206276859,42.21,0.0,Q4
30,INT-006,5,2025-01-31 00:25:00,2025-01-31 00:25:27.298709951,27.3,106.84,Q5
30,INT-006,6,2025-01-31 00:30:00,2025-01-31 00:30:24.558860698,24.56,67.35,Q6
30,INT-006,7,2025-01-31 00:35:00,2025-01-31 00:35:37.402463187,37.4,184.98,Q7
30,INT-006,8,2025-01-31 00:40:00,2025-01-31 00:40:05.000000000,5.0,144.31,Q8
30,INT-006,9,2025-01-31 00:45:00,2025-01-31 00:45:14.375643876,14.38,243.63,Q9
30,INT-006,10,2025-01-31 00:50:00,2025-01-31 00:50:30.561166743,30.56,146.51,Q10
30,INT-006,11,2025-01-31 00:55:00,2025-01-31 00:56:19.075585282,79.08,299.69,Q11
30,INT-006,12,2025-01-31 01:00:00,2025-01-31 01:00:56.907092046,56.91,195.2,Q12
30,INT-006,13,2025-01-31 01:05:00,2025-01-31 01:05:05.000000000,5.0,0.0,Q13
30,INT-006,14,2025-01-31 01:10:00,2025-01-31 01:10:20.415654557,20.42,140.04,Q14
30,INT-006,15,2025-01-31 01:15:00,2025-01-31 01:15:13.909901516,13.91,179.99,Q15
30,INT-006,16,2025-01-31 01:20:00,2025-01-31 01:20:08.705016217,8.71,238.94,Q16
30,INT-006,17,2025-01-31 01:25:00,2025-01-31 01:25:05.000000000,5.0,135.28,Q17
30,INT-006,18,2025-01-31 01:30:00,2025-01-31 01:30:10.970562833,10.97,0.0,Q18
30,INT-006,19,2025-01-31 01:35:00,2025-01-31 01:35:12.232218402,12.23,163.46,Q19
30,INT-006,20,2025-01-31 01:40:00,2025-01-31 01:40:37.251841667,37.25,87.7,Q20
31,INT-007,1,2025-02-01 00:05:00,2025-02-01 00:05:20.415157207,20.42,13.08,Q1
31,INT-007,2,2025-02-01 00:10:00,2025-02-01 00:10:17.610325333,17.61,20.51,Q2
31,INT-007,3,2025-02-01 00:15:00,2025-02-01 00:15:21.166149867,21.17,8.11,Q3
31,INT-007,4,2025-02-01 00:20:00,2025-02-01 00:20:14.459728897,14.46,0.0,Q4
31,INT-007,5,2025-02-01 00:25:00,2025-02-01 00:25:24.076884842,24.08,11.72,Q5
31,INT-007,6,2025-02-01 00:30:00,2025-02-01 00:30:15.523874741,15.52,5.77,Q6
31,INT-007,7,2025-02-01 00:35:00,2025-02-01 00:35:20.468170520,20.47,0.0,Q7
31,INT-007,8,2025-02-01 00:40:00,2025-02-01 00:40:15.445843745,15.45,9.15,Q8
31,INT-007,9,2025-02-01 00:45:00,2025-02-01 00:45:20.851600655,20.85,0.0,Q9
31,INT-007,10,2025-02-01 00:50:00,2025-02-01 00:50:22.753760052,22.75,11.0,Q10
31,INT-007,11,2025-02-01 00:55:00,2025-02-01 00:55:26.445171492,26.45,19.98,Q11
31,INT-007,12,2025-02-01 01:00:00,2025-02-01 01:00:23.758305256,23.76,0.0,Q12
31,INT-007,13,2025-02-01 01:05:00,2025-02-01 01:05:10.885979428,10.89,14.03,Q13
31,INT-007,14,2025-02-01 01:10:00,2025-02-01 01:10:23.039642778,23.04,4.65,Q14
31,INT-007,15,2025-02-01 01:15:00,2025-02-01 01:15:28.562782611,28.56,8.08,Q15
31,INT-007,16,2025-02-01 01:20:00,2025-02-01 01:20:24.839495115,24.84,0.0,Q16
31,INT-007,17,2025-02-01 01:25:00,2025-02-01 01:25:19.436723787,19.44,16.26,Q17
31,INT-007,18,2025-02-01 01:30:00,2025-02-01 01:30:20.695698488,20.7,0.0,Q18
31,INT-007,19,2025-02-01 01:35:00,2025-02-01 01:35:19.483414723,19.48,6.67,Q19
31,INT-007,20,2025-02-01 01:40:00,2025-02-01 01:40:18.666298931,18.67,0.0,Q20
32,INT-008,1,2025-02-02 00:05:00,2025-02-02 00:05:22.726236989,22.73,8.68,Q1
32,INT-008,2,2025-02-02 00:10:00,2025-02-02 00:10:27.306121180,27.31,6.97,Q2
32,INT-008,3,2025-02-02 00:15:00,2025-02-02 00:15:28.226289232,28.23,0.0,Q3
32,INT-008,4,2025-02-02 00:20:00,2025-02-02 00:20:25.124790830,25.12,3.86,Q4
32,INT-008,5,2025-02-02 00:25:00,2025-02-02 00:25:21.826102747,21.83,0.0,Q5
32,INT-008,6,2025-02-02 00:30:00,2025-02-02 00:30:19.623779668,19.62,23.87,Q6
32,INT-008,7,2025-02-02 00:35:00,2025-02-02 00:35:21.457873418,21.46,7.03,Q7
32,INT-008,8,2025-02-02 00:40:00,2025-02-02 00:40:31.692682595,31.69,4.24,Q8
32,INT-008,9,2025-02-02 00:45:00,2025-02-02 00:45:25.363361791,25.36,12.95,Q9
32,INT-008,10,2025-02-02 00:50:00,2025-02-02 00:50:29.938795299,29.94,0.0,Q10
32,INT-008,11,2025-02-02 00:55:00,2025-02-02 00:55:23.098441216,23.1,5.9,Q11
32,INT-008,12,2025-02-02 01:00:00,2025-02-02 01:00:20.814816296,20.81,6.91,Q12
32,INT-008,13,2025-02-02 01:05:00,2025-02-02 01:05:17.007868297,17.01,7.79,Q13
32,INT-008,14,2025-02-02 01:10:00,2025-02-02 01:10:17.201960707,17.2,16.59,Q14
32,INT-008,15,2025-02-02 01:15:00,2025-02-02 01:15:24.066309426,24.07,9.19,Q15
32,INT-008,16,2025-02-02 01:20:00,2025-02-02 01:20:28.612003271,28.61,0.0,Q16
32,INT-008,17,2025-02-02 01:25:00,2025-02-02 01:25:21.797804044,21.8,0.0,Q17
32,INT-008,18,2025-02-02 01:30:00,2025-02-02 01:30:20.698280408,20.7,0.0,Q18
32,INT-008,19,2025-02-02 01:35:00,2025-02-02 01:35:24.470993925,24.47,0.0,Q19
32,INT-008,20,2025-02-02 01:40:00,2025-02-02 01:40:15.333242026,15.33,1.15,Q20
33,INT-009,1,2025-02-03 00:05:00,2025-02-03 00:05:23.220374737,23.22,26.31,Q1
33,INT-009,2,2025-02-03 00:10:00,2025-02-03 00:10:21.715986781,21.72,13.67,Q2
33,INT-009,3,2025-02-03 00:15:00,2025-02-03 00:15:23.903863868,23.9,0.0,Q3
33,INT-009,4,2025-02-03 00:20:00,2025-02-03 00:20:31.028266960,31.03,9.86,Q4
33,INT-009,5,2025-02-03 00:25:00,2025-02-03 00:25:37.792338704,37.79,0.0,Q5
33,INT-009,6,2025-02-03 00:30:00,2025-02-03 00:30:21.037906501,21.04,0.0,Q6
33,INT-009,7,2025-02-03 00:35:00,2025-02-03 00:35:32.466835619,32.47,10.6,Q7
33,INT-009,8,2025-02-03 00:40:00,2025-02-03 00:40:30.068483301,30.07,0.0,Q8
33,INT-009,9,2025-02-03 00:45:00,2025-02-03 00:45:25.563610093,25.56,0.0,Q9
33,INT-009,10,2025-02-03 00:50:00,2025-02-03 00:50:26.451629768,26.45,0.0,Q10
33,INT-009,11,2025-02-03 00:55:00,2025-02-03 00:55:22.793243223,22.79,11.05,Q11
33,INT-009,12,2025-02-03 01:00:00,2025-02-03 01:00:28.895627886,28.9,17.56,Q12
33,INT-009,13,2025-02-03 01:05:00,2025-02-03 01:05:29.187127043,29.19,22.03,Q13
33,INT-009,14,2025-02-03 01:10:00,2025-02-03 01:10:18.337717729,18.34,4.44,Q14
33,INT-009,15,2025-02-03 01:15:00,2025-02-03 01:15:32.595154542,32.6,0.0,Q15
33,INT-009,16,2025-02-03 01:20:00,2025-02-03 01:20:23.879877305,23.88,9.67,Q16
33,INT-009,17,2025-02-03 01:25:00,2025-02-03 01:25:27.096655709,27.1,14.04,Q17
33,INT-009,18,2025-02-03 01:30:00,2025-02-03 01:30:26.047693699,26.05,16.22,Q18
33,INT-009,19,2025-02-03 01:35:00,2025-02-03 01:35:26.292881378,26.29,0.0,Q19
33,INT-009,20,2025-02-03 01:40:00,2025-02-03 01:40:25.871414998,25.87,8.8,Q20
34,INT-010,1,2025-02-04 00:05:00,2025-02-04 00:05:27.369832109,27.37,7.32,Q1
34,INT-010,2,2025-02-04 00:10:00,2025-02-04 00:10:26.218611805,26.22,17.64,Q2
34,INT-010,3,2025-02-04 00:15:00,2025-02-04 00:15:34.164483055,34.16,2.36,Q3
34,INT-010,4,2025-02-04 00:20:00,2025-02-04 00:20:36.237643722,36.24,21.98,Q4
34,INT-010,5,2025-02-04 00:25:00,2025-02-04 00:25:25.356612055,25.36,6.29,Q5
34,INT-010,6,2025-02-04 00:30:00,2025-02-04 00:30:32.742343892,32.74,20.9,Q6
34,INT-010,7,2025-02-04 00:35:00,2025-02-04 00:35:22.550065940,22.55,15.09,Q7
34,INT-010,8,2025-02-04 00:40:00,2025-02-04 00:40:20.818710742,20.82,7.24,Q8
34,INT-010,9,2025-02-04 00:45:00,2025-02-04 00:45:28.133492306,28.13,0.0,Q9
34,INT-010,10,2025-02-04 00:50:00,2025-02-04 00:50:36.381760455,36.38,0.0,Q10
34,INT-010,11,2025-02-04 00:55:00,2025-02-04 00:55:30.561192041,30.56,7.37,Q11
34,INT-010,12,2025-02-04 01:00:00,2025-02-04 01:00:27.299531114,27.3,0.0,Q12
34,INT-010,13,2025-02-04 01:05:00,2025-02-04 01:05:27.775251195,27.78,5.43,Q13
34,INT-010,14,2025-02-04 01:10:00,2025-02-04 01:10:33.345335268,33.35,12.93,Q14
34,INT-010,15,2025-02-04 01:15:00,2025-02-04 01:15:34.356465083,34.36,0.0,Q15
34,INT-010,16,2025-02-04 01:20:00,2025-02-04 01:20:27.407605576,27.41,1.19,Q16
34,INT-010,17,2025-02-04 01:25:00,2025-02-04 01:25:27.540726727,27.54,0.0,Q17
34,INT-010,18,2025-02-04 01:30:00,2025-02-04 01:30:30.123658946,30.12,0.0,Q18
34,INT-010,19,2025-02-04 01:35:00,2025-02-04 01:35:33.599419132,33.6,7.85,Q19
34,INT-010,20,2025-02-04 01:40:00,2025-02-04 01:40:27.280825905,27.28,33.61,Q20
35,INT-011,1,2025-02-05 00:05:00,2025-02-05 00:05:36.250002236,36.25,0.0,Q1
35,INT-011,2,2025-02-05 00:10:00,2025-02-05 00:10:40.572102711,40.57,17.83,Q2
35,INT-011,3,2025-02-05 00:15:00,2025-02-05 00:15:22.806016425,22.81,17.42,Q3
35,INT-011,4,2025-02-05 00:20:00,2025-02-05 00:20:37.137929655,37.14,8.44,Q4
35,INT-011,5,2025-02-05 00:25:00,2025-02-05 00:25:34.904450913,34.9,0.0,Q5
35,INT-011,6,2025-02-05 00:30:00,2025-02-05 00:30:29.779724049,29.78,0.0,Q6
35,INT-011,7,2025-02-05 00:35:00,2025-02-05 00:35:24.621069417,24.62,18.54,Q7
35,INT-011,8,2025-02-05 00:40:00,2025-02-05 00:40:22.940813367,22.94,7.15,Q8
35,INT-011,9,2025-02-05 00:45:00,2025-02-05 00:45:32.696639236,32.7,18.95,Q9
35,INT-011,10,2025-02-05 00:50:00,2025-02-05 00:50:29.507841203,29.51,4.38,Q10
35,INT-011,11,2025-02-05 00:55:00,2025-02-05 00:55:34.166277848,34.17,10.96,Q11
35,INT-011,12,2025-02-05 01:00:00,2025-02-05 01:00:24.077728072,24.08,7.28,Q12
35,INT-011,13,2025-02-05 01:05:00,2025-02-05 01:05:30.072049374,30.07,17.37,Q13
35,INT-011,14,2025-02-05 01:10:00,2025-02-05 01:10:37.421198647,37.42,5.07,Q14
35,INT-011,15,2025-02-05 01:15:00,2025-02-05 01:15:31.902976309,31.9,2.24,Q15
35,INT-011,16,2025-02-05 01:20:00,2025-02-05 01:20:30.661461287,30.66,9.05,Q16
35,INT-011,17,2025-02-05 01:25:00,2025-02-05 01:25:31.052853912,31.05,11.24,Q17
35,INT-011,18,2025-02-05 01:30:00,2025-02-05 01:30:29.543006465,29.54,7.58,Q18
35,INT-011,19,2025-02-05 01:35:00,2025-02-05 01:35:27.013683598,27.01,13.37,Q19
35,INT-011,20,2025-02-05 01:40:00,2025-02-05 01:40:31.116904357,31.12,7.94,Q20
36,INT-012,1,2025-02-06 00:05:00,2025-02-06 00:05:29.754073789,29.75,24.27,Q1
36,INT-012,2,2025-02-06 00:10:00,2025-02-06 00:10:29.168363903,29.17,19.8,Q2
36,INT-012,3,2025-02-06 00:15:00,2025-02-06 00:15:30.179573779,30.18,16.12,Q3
36,INT-012,4,2025-02-06 00:20:00,2025-02-06 00:20:30.110311892,30.11,5.22,Q4
36,INT-012,5,2025-02-06 00:25:00,2025-02-06 00:25:43.296577879,43.3,0.0,Q5
36,INT-012,6,2025-02-06 00:30:00,2025-02-06 00:30:36.551447102,36.55,0.0,Q6
36,INT-012,7,2025-02-06 00:35:00,2025-02-06 00:35:28.291005246,28.29,3.99,Q7
36,INT-012,8,2025-02-06 00:40:00,2025-02-06 00:40:43.736649073,43.74,6.7,Q8
36,INT-012,9,2025-02-06 00:45:00,2025-02-06 00:45:32.977211154,32.98,3.17,Q9
36,INT-012,10,2025-02-06 00:50:00,2025-02-06 00:50:34.875780054,34.88,16.27,Q10
36,INT-012,11,2025-02-06 00:55:00,2025-02-06 00:55:22.406204034,22.41,12.58,Q11
36,INT-012,12,2025-02-06 01:00:00,2025-02-06 01:00:29.615656412,29.62,0.0,Q12
36,INT-012,13,2025-02-06 01:05:00,2025-02-06 01:05:23.267754918,23.27,20.0,Q13
36,INT-012,14,2025-02-06 01:10:00,2025-02-06 01:10:30.716866399,30.72,10.24,Q14
36,INT-012,15,2025-02-06 01:15:00,2025-02-06 01:15:35.367980090,35.37,23.69,Q15
36,INT-012,16,2025-02-06 01:20:00,2025-02-06 01:20:27.450705233,27.45,9.17,Q16
36,INT-012,17,2025-02-06 01:25:00,2025-02-06 01:25:28.790850767,28.79,4.98,Q17
36,INT-012,18,2025-02-06 01:30:00,2025-02-06 01:30:25.970968475,25.97,0.0,Q18
36,INT-012,19,2025-02-06 01:35:00,2025-02-06 01:35:35.208008012,35.21,22.54,Q19
36,INT-012,20,2025-02-06 01:40:00,2025-02-06 01:40:26.673156958,26.67,0.0,Q20
37,INT-013,1,2025-02-07 00:05:00,2025-02-07 00:05:31.935332687,31.94,11.36,Q1
37,INT-013,2,2025-02-07 00:10:00,2025-02-07 00:10:33.765500885,33.77,0.0,Q2
37,INT-013,3,2025-02-07 00:15:00,2025-02-07 00:15:36.427308507,36.43,0.0,Q3
37,INT-013,4,2025-02-07 00:20:00,2025-02-07 00:20:33.410436287,33.41,10.51,Q4
37,INT-013,5,2025-02-07 00:25:00,2025-02-07 00:25:40.802016311,40.8,18.73,Q5
37,INT-013,6,2025-02-07 00:30:00,2025-02-07 00:30:30.778564279,30.78,2.77,Q6
37,INT-013,7,2025-02-07 00:35:00,2025-02-07 00:35:38.208895846,38.21,9.3,Q7
37,INT-013,8,2025-02-07 00:40:00,2025-02-07 00:40:39.980494641,39.98,28.38,Q8
37,INT-013,9,2025-02-07 00:45:00,2025-02-07 00:45:42.191841107,42.19,19.48,Q9
37,INT-013,10,2025-02-07 00:50:00,2025-02-07 00:50:24.631151435,24.63,1.18,Q10
37,INT-013,11,2025-02-07 00:55:00,2025-02-07 00:55:37.309939022,37.31,13.78,Q11
37,INT-013,12,2025-02-07 01:00:00,2025-02-07 01:00:37.084972105,37.08,0.0,Q12
37,INT-013,13,2025-02-07 01:05:00,2025-02-07 01:05:29.430794595,29.43,6.03,Q13
37,INT-013,14,2025-02-07 01:10:00,2025-02-07 01:10:31.648995248,31.65,16.86,Q14
37,INT-013,15,2025-02-07 01:15:00,2025-02-07 01:15:26.709407775,26.71,10.05,Q15
37,INT-013,16,2025-02-07 01:20:00,2025-02-07 01:20:33.572779733,33.57,0.0,Q16
37,INT-013,17,2025-02-07 01:25:00,2025-02-07 01:25:43.273703509,43.27,5.15,Q17
37,INT-013,18,2025-02-07 01:30:00,2025-02-07 01:30:34.179222770,34.18,16.2,Q18
37,INT-013,19,2025-02-07 01:35:00,2025-02-07 01:35:40.976425110,40.98,18.67,Q19
37,INT-013,20,2025-02-07 01:40:00,2025-02-07 01:40:30.883047726,30.88,11.96,Q20
38,INT-014,1,2025-02-08 00:05:00,2025-02-08 00:05:36.473123006,36.47,21.19,Q1
38,INT-014,2,2025-02-08 00:10:00,2025-02-08 00:10:33.492382720,33.49,0.0,Q2
38,INT-014,3,2025-02-08 00:15:00,2025-02-08 00:15:41.028897190,41.03,9.71,Q3
38,INT-014,4,2025-02-08 00:20:00,2025-02-08 00:20:35.346764836,35.35,2.24,Q4
38,INT-014,5,2025-02-08 00:25:00,2025-02-08 00:25:40.958958965,40.96,3.16,Q5
38,INT-014,6,2025-02-08 00:30:00,2025-02-08 00:30:32.159777852,32.16,20.12,Q6
38,INT-014,7,2025-02-08 00:35:00,2025-02-08 00:35:36.263044084,36.26,3.7,Q7
38,INT-014,8,2025-02-08 00:40:00,2025-02-08 00:40:35.263449602,35.26,0.0,Q8
38,INT-014,9,2025-02-08 00:45:00,2025-02-08 00:45:45.105222649,45.11,11.58,Q9
38,INT-014,10,2025-02-08 00:50:00,2025-02-08 00:50:39.790488541,39.79,0.0,Q10
38,INT-014,11,2025-02-08 00:55:00,2025-02-08 00:55:38.335004059,38.34,12.58,Q11
38,INT-014,12,2025-02-08 01:00:00,2025-02-08 01:00:26.938186159,26.94,7.57,Q12
38,INT-014,13,2025-02-08 01:05:00,2025-02-08 01:05:32.147257200,32.15,14.67,Q13
38,INT-014,14,2025-02-08 01:10:00,2025-02-08 01:10:22.038218716,22.04,0.33,Q14
38,INT-014,15,2025-02-08 01:15:00,2025-02-08 01:15:32.092883616,32.09,0.0,Q15
38,INT-014,16,2025-02-08 01:20:00,2025-02-08 01:20:41.308098569,41.31,0.0,Q16
38,INT-014,17,2025-02-08 01:25:00,2025-02-08 01:25:31.396692314,31.4,16.98,Q17
38,INT-014,18,2025-02-08 01:30:00,2025-02-08 01:30:39.060521939,39.06,10.29,Q18
38,INT-014,19,2025-02-08 01:35:00,2025-02-08 01:35:27.985880062,27.99,15.65,Q19
38,INT-014,20,2025-02-08 01:40:00,2025-02-08 01:40:37.404670679,37.4,7.21,Q20
39,INT-015,1,2025-02-09 00:05:00,2025-02-09 00:05:41.323704479,41.32,0.0,Q1
39,INT-015,2,2025-02-09 00:10:00,2025-02-09 00:10:38.910424528,38.91,0.0,Q2
39,INT-015,3,2025-02-09 00:15:00,2025-02-09 00:15:36.474223433,36.47,10.38,Q3
39,INT-015,4,2025-02-09 00:20:00,2025-02-09 00:20:47.563904897,47.56,2.27,Q4
39,INT-015,5,2025-02-09 00:25:00,2025-02-09 00:25:49.248307770,49.25,13.77,Q5
39,INT-015,6,2025-02-09 00:30:00,2025-02-09 00:30:44.455869458,44.46,7.45,Q6
39,INT-015,7,2025-02-09 00:35:00,2025-02-09 00:35:36.829994621,36.83,2.16,Q7
39,INT-015,8,2025-02-09 00:40:00,2025-02-09 00:40:39.938670358,39.94,15.06,Q8
39,INT-015,9,2025-02-09 00:45:00,2025-02-09 00:45:29.830154163,29.83,20.93,Q9
39,INT-015,10,2025-02-09 00:50:00,2025-02-09 00:50:38.096745724,38.1,0.0,Q10
39,INT-015,11,2025-02-09 00:55:00,2025-02-09 00:55:35.256113631,35.26,0.0,Q11
39,INT-015,12,2025-02-09 01:00:00,2025-02-09 01:00:37.932589989,37.93,0.0,Q12
39,INT-015,13,2025-02-09 01:05:00,2025-02-09 01:05:41.677724942,41.68,12.37,Q13
39,INT-015,14,2025-02-09 01:10:00,2025-02-09 01:10:25.642849812,25.64,10.29,Q14
39,INT-015,15,2025-02-09 01:15:00,2025-02-09 01:15:36.787163803,36.79,19.28,Q15
39,INT-015,16,2025-02-09 01:20:00,2025-02-09 01:20:37.729562049,37.73,17.93,Q16
39,INT-015,17,2025-02-09 01:25:00,2025-02-09 01:25:36.078304677,36.08,8.2,Q17
39,INT-015,18,2025-02-09 01:30:00,2025-02-09 01:30:36.208221576,36.21,13.76,Q18
39,INT-015,19,2025-02-09 01:35:00,2025-02-09 01:35:30.456020623,30.46,17.14,Q19
39,INT-015,20,2025-02-09 01:40:00,2025-02-09 01:40:44.500306935,44.5,9.55,Q20
40,INT-016,1,2025-02-10 00:05:00,2025-02-10 00:05:15.645789643,15.65,16.86,Q1
40,INT-016,2,2025-02-10 00:10:00,2025-02-10 00:10:20.140101751,20.14,9.47,Q2
40,INT-016,3,2025-02-10 00:15:00,2025-02-10 00:15:22.645434780,22.65,0.34,Q3
40,INT-016,4,2025-02-10 00:20:00,2025-02-10 00:20:22.009372403,22.01,17.38,Q4
40,INT-016,5,2025-02-10 00:25:00,2025-02-10 00:25:20.767664178,20.77,4.22,Q5
40,INT-016,6,2025-02-10 00:30:00,2025-02-10 00:30:17.441333001,17.44,7.94,Q6
40,INT-016,7,2025-02-10 00:35:00,2025-02-10 00:35:24.783022476,24.78,24.12,Q7
40,INT-016,8,2025-02-10 00:40:00,2025-02-10 00:40:13.683181574,13.68,0.0,Q8
40,INT-016,9,2025-02-10 00:45:00,2025-02-10 00:45:17.258125798,17.26,7.87,Q9
40,INT-016,10,2025-02-10 00:50:00,2025-02-10 00:50:22.721635799,22.72,15.19,Q10
40,INT-016,11,2025-02-10 00:55:00,2025-02-10 00:55:24.923802424,24.92,13.31,Q11
40,INT-016,12,2025-02-10 01:00:00,2025-02-10 01:00:18.009300292,18.01,10.32,Q12
40,INT-016,13,2025-02-10 01:05:00,2025-02-10 01:05:20.150035459,20.15,21.2,Q13
40,INT-016,14,2025-02-10 01:10:00,2025-02-10 01:10:20.797948351,20.8,13.58,Q14
40,INT-016,15,2025-02-10 01:15:00,2025-02-10 01:15:24.262987626,24.26,7.73,Q15
40,INT-016,16,2025-02-10 01:20:00,2025-02-10 01:20:21.490055897,21.49,3.26,Q16
40,INT-016,17,2025-02-10 01:25:00,2025-02-10 01:25:23.961320915,23.96,0.0,Q17
40,INT-016,18,2025-02-10 01:30:00,2025-02-10 01:30:10.920443876,10.92,1.66,Q18
40,INT-016,19,2025-02-10 01:35:00,2025-02-10 01:35:30.953875156,30.95,1.89,Q19
40,INT-016,20,2025-02-10 01:40:00,2025-02-10 01:40:31.886765616,31.89,0.0,Q20
41,INT-017,1,2025-02-11 00:05:00,2025-02-11 00:05:20.016049033,20.02,21.91,Q1
41,INT-017,2,2025-02-11 00:10:00,2025-02-11 00:10:18.689682826,18.69,7.26,Q2
41,INT-017,3,2025-02-11 00:15:00,2025-02-11 00:15:24.026954464,24.03,2.69,Q3
41,INT-017,4,2025-02-11 00:20:00,2025-02-11 00:20:15.834581354,15.83,5.82,Q4
41,INT-017,5,2025-02-11 00:25:00,2025-02-11 00:25:19.370962515,19.37,0.0,Q5
41,INT-017,6,2025-02-11 00:30:00,2025-02-11 00:30:16.253299609,16.25,7.78,Q6
41,INT-017,7,2025-02-11 00:35:00,2025-02-11 00:35:16.811221344,16.81,4.8,Q7
41,INT-017,8,2025-02-11 00:40:00,2025-02-11 00:40:13.345796665,13.35,2.08,Q8
41,INT-017,9,2025-02-11 00:45:00,2025-02-11 00:45:25.178005076,25.18,10.59,Q9
41,INT-017,10,2025-02-11 00:50:00,2025-02-11 00:50:29.321836240,29.32,10.76,Q10
41,INT-017,11,2025-02-11 00:55:00,2025-02-11 00:55:20.098640457,20.1,0.0,Q11
41,INT-017,12,2025-02-11 01:00:00,2025-02-11 01:00:16.982535147,16.98,11.05,Q12
41,INT-017,13,2025-02-11 01:05:00,2025-02-11 01:05:28.730736580,28.73,4.11,Q13
41,INT-017,14,2025-02-11 01:10:00,2025-02-11 01:10:23.194491265,23.19,0.0,Q14
41,INT-017,15,2025-02-11 01:15:00,2025-02-11 01:15:17.433732279,17.43,7.82,Q15
41,INT-017,16,2025-02-11 01:20:00,2025-02-11 01:20:20.391785971,20.39,5.89,Q16
41,INT-017,17,2025-02-11 01:25:00,2025-02-11 01:25:18.084679774,18.08,32.06,Q17
41,INT-017,18,2025-02-11 01:30:00,2025-02-11 01:30:25.939008843,25.94,0.0,Q18
41,INT-017,19,2025-02-11 01:35:00,2025-02-11 01:35:26.928864933,26.93,0.0,Q19
41,INT-017,20,2025-02-11 01:40:00,2025-02-11 01:40:21.340273379,21.34,10.49,Q20
42,INT-018,1,2025-02-12 00:05:00,2025-02-12 00:05:17.966008346,17.97,9.35,Q1
42,INT-018,2,2025-02-12 00:10:00,2025-02-12 00:10:19.163465741,19.16,6.04,Q2
42,INT-018,3,2025-02-12 00:15:00,2025-02-12 00:15:24.932418504,24.93,0.0,Q3
42,INT-018,4,2025-02-12 00:20:00,2025-02-12 00:20:23.373404942,23.37,11.48,Q4
42,INT-018,5,2025-02-12 00:25:00,2025-02-12 00:25:12.966027383,12.97,20.3,Q5
42,INT-018,6,2025-02-12 00:30:00,2025-02-12 00:30:26.574022743,26.57,8.39,Q6
42,INT-018,7,2025-02-12 00:35:00,2025-02-12 00:35:20.729038305,20.73,11.51,Q7
42,INT-018,8,2025-02-12 00:40:00,2025-02-12 00:40:18.690990396,18.69,11.28,Q8
42,INT-018,9,2025-02-12 00:45:00,2025-02-12 00:45:22.227220146,22.23,16.14,Q9
42,INT-018,10,2025-02-12 00:50:00,2025-02-12 00:50:31.291683785,31.29,20.3,Q10
42,INT-018,11,2025-02-12 00:55:00,2025-02-12 00:55:22.675738007,22.68,0.0,Q11
42,INT-018,12,2025-02-12 01:00:00,2025-02-12 01:00:21.312278705,21.31,12.16,Q12
42,INT-018,13,2025-02-12 01:05:00,2025-02-12 01:05:26.627355129,26.63,15.61,Q13
42,INT-018,14,2025-02-12 01:10:00,2025-02-12 01:10:23.062910030,23.06,14.58,Q14
42,INT-018,15,2025-02-12 01:15:00,2025-02-12 01:15:30.553830840,30.55,20.85,Q15
42,INT-018,16,2025-02-12 01:20:00,2025-02-12 01:20:25.258513401,25.26,3.36,Q16
42,INT-018,17,2025-02-12 01:25:00,2025-02-12 01:25:21.283597032,21.28,13.67,Q17
42,INT-018,18,2025-02-12 01:30:00,2025-02-12 01:30:32.033262547,32.03,13.42,Q18
42,INT-018,19,2025-02-12 01:35:00,2025-02-12 01:35:24.887284206,24.89,0.0,Q19
42,INT-018,20,2025-02-12 01:40:00,2025-02-12 01:40:25.713527982,25.71,16.56,Q20
43,INT-019,1,2025-02-13 00:05:00,2025-02-13 00:05:25.227481356,25.23,25.89,Q1
43,INT-019,2,2025-02-13 00:10:00,2025-02-13 00:10:21.674280257,21.67,1.73,Q2
43,INT-019,3,2025-02-13 00:15:00,2025-02-13 00:15:22.050041927,22.05,6.15,Q3
43,INT-019,4,2025-02-13 00:20:00,2025-02-13 00:20:19.214633410,19.21,0.14,Q4
43,INT-019,5,2025-02-13 00:25:00,2025-02-13 00:25:23.972371641,23.97,20.56,Q5
43,INT-019,6,2025-02-13 00:30:00,2025-02-13 00:30:27.668346902,27.67,12.99,Q6
43,INT-019,7,2025-02-13 00:35:00,2025-02-13 00:35:29.140028216,29.14,21.23,Q7
43,INT-019,8,2025-02-13 00:40:00,2025-02-13 00:40:23.628064903,23.63,12.14,Q8
43,INT-019,9,2025-02-13 00:45:00,2025-02-13 00:45:28.790289553,28.79,20.45,Q9
43,INT-019,10,2025-02-13 00:50:00,2025-02-13 00:50:12.878132423,12.88,0.0,Q10
43,INT-019,11,2025-02-13 00:55:00,2025-02-13 00:55:23.256567997,23.26,10.29,Q11
43,INT-019,12,2025-02-13 01:00:00,2025-02-13 01:00:24.418196663,24.42,10.8,Q12
43,INT-019,13,2025-02-13 01:05:00,2025-02-13 01:05:28.704347942,28.7,10.26,Q13
43,INT-019,14,2025-02-13 01:10:00,2025-02-13 01:10:31.780735474,31.78,7.86,Q14
43,INT-019,15,2025-02-13 01:15:00,2025-02-13 01:15:23.932613057,23.93,2.4,Q15
43,INT-019,16,2025-02-13 01:20:00,2025-02-13 01:20:23.928112016,23.93,10.24,Q16
43,INT-019,17,2025-02-13 01:25:00,2025-02-13 01:25:26.288484830,26.29,3.37,Q17
43,INT-019,18,2025-02-13 01:30:00,2025-02-13 01:30:23.049745603,23.05,8.86,Q18
43,INT-019,19,2025-02-13 01:35:00,2025-02-13 01:35:25.599590090,25.6,0.0,Q19
43,INT-019,20,2025-02-13 01:40:00,2025-02-13 01:40:27.865286397,27.87,12.57,Q20
44,INT-020,1,2025-02-14 00:05:00,2025-02-14 00:05:30.124225772,30.12,3.15,Q1
44,INT-020,2,2025-02-14 00:10:00,2025-02-14 00:10:35.695859406,35.7,13.29,Q2
44,INT-020,3,2025-02-14 00:15:00,2025-02-14 00:15:30.319523263,30.32,9.76,Q3
44,INT-020,4,2025-02-14 00:20:00,2025-02-14 00:20:28.035536895,28.04,0.0,Q4
44,INT-020,5,2025-02-14 00:25:00,2025-02-14 00:25:23.796536659,23.8,1.44,Q5
44,INT-020,6,2025-02-14 00:30:00,2025-02-14 00:30:35.499825074,35.5,23.82,Q6
44,INT-020,7,2025-02-14 00:35:00,2025-02-14 00:35:27.671899424,27.67,13.97,Q7
44,INT-020,8,2025-02-14 00:40:00,2025-02-14 00:40:21.820541940,21.82,7.24,Q8
44,INT-020,9,2025-02-14 00:45:00,2025-02-14 00:45:21.136767906,21.14,13.49,Q9
44,INT-020,10,2025-02-14 00:50:00,2025-02-14 00:50:30.610721905,30.61,16.93,Q10
44,INT-020,11,2025-02-14 00:55:00,2025-02-14 00:55:29.693514037,29.69,3.13,Q11
44,INT-020,12,2025-02-14 01:00:00,2025-02-14 01:00:26.933509289,26.93,8.46,Q12
44,INT-020,13,2025-02-14 01:05:00,2025-02-14 01:05:31.824013835,31.82,0.0,Q13
44,INT-020,14,2025-02-14 01:10:00,2025-02-14 01:10:35.509388926,35.51,8.9,Q14
44,INT-020,15,2025-02-14 01:15:00,2025-02-14 01:15:36.536932621,36.54,0.0,Q15
44,INT-020,16,2025-02-14 01:20:00,2025-02-14 01:20:25.965887982,25.97,0.0,Q16
44,INT-020,17,2025-02-14 01:25:00,2025-02-14 01:25:29.747527739,29.75,0.0,Q17
44,INT-020,18,2025-02-14 01:30:00,2025-02-14 01:30:26.068490652,26.07,6.39,Q18
44,INT-020,19,2025-02-14 01:35:00,2025-02-14 01:35:18.885859812,18.89,5.85,Q19
44,INT-020,20,2025-02-14 01:40:00,2025-02-14 01:40:22.813883387,22.81,9.03,Q20
45,INT-021,1,2025-02-15 00:05:00,2025-02-15 00:05:35.135449666,35.14,0.0,Q1
45,INT-021,2,2025-02-15 00:10:00,2025-02-15 00:10:22.333763226,22.33,3.57,Q2
45,INT-021,3,2025-02-15 00:15:00,2025-02-15 00:15:29.604537947,29.6,0.0,Q3
45,INT-021,4,2025-02-15 00:20:00,2025-02-15 00:20:21.667142578,21.67,24.36,Q4
45,INT-021,5,2025-02-15 00:25:00,2025-02-15 00:25:38.623977839,38.62,10.21,Q5
45,INT-021,6,2025-02-15 00:30:00,2025-02-15 00:30:29.338126492,29.34,1.2,Q6
45,INT-021,7,2025-02-15 00:35:00,2025-02-15 00:35:28.862750821,28.86,12.25,Q7
45,INT-021,8,2025-02-15 00:40:00,2025-02-15 00:40:31.063720736,31.06,18.31,Q8
45,INT-021,9,2025-02-15 00:45:00,2025-02-15 00:45:28.909179584,28.91,24.92,Q9
45,INT-021,10,2025-02-15 00:50:00,2025-02-15 00:50:24.297744099,24.3,5.14,Q10
45,INT-021,11,2025-02-15 00:55:00,2025-02-15 00:55:25.792280648,25.79,20.08,Q11
45,INT-021,12,2025-02-15 01:00:00,2025-02-15 01:00:37.094275218,37.09,18.2,Q12
45,INT-021,13,2025-02-15 01:05:00,2025-02-15 01:05:37.014565015,37.01,21.12,Q13
45,INT-021,14,2025-02-15 01:10:00,2025-02-15 01:10:42.591237363,42.59,10.09,Q14
45,INT-021,15,2025-02-15 01:15:00,2025-02-15 01:15:28.999117469,29.0,6.06,Q15
45,INT-021,16,2025-02-15 01:20:00,2025-02-15 01:20:36.287450482,36.29,25.63,Q16
45,INT-021,17,2025-02-15 01:25:00,2025-02-15 01:25:27.858177399,27.86,4.99,Q17
45,INT-021,18,2025-02-15 01:30:00,2025-02-15 01:30:32.474983296,32.47,7.26,Q18
45,INT-021,19,2025-02-15 01:35:00,2025-02-15 01:35:27.350512496,27.35,21.66,Q19
45,INT-021,20,2025-02-15 01:40:00,2025-02-15 01:40:25.636198492,25.64,0.0,Q20
46,INT-022,1,2025-02-16 00:05:00,2025-02-16 00:05:29.360227377,29.36,10.62,Q1
46,INT-022,2,2025-02-16 00:10:00,2025-02-16 00:10:31.709116935,31.71,9.01,Q2
46,INT-022,3,2025-02-16 00:15:00,2025-02-16 00:15:38.095192145,38.1,0.0,Q3
46,INT-022,4,2025-02-16 00:20:00,2025-02-16 00:20:33.292739237,33.29,12.26,Q4
46,INT-022,5,2025-02-16 00:25:00,2025-02-16 00:25:31.719734154,31.72,6.31,Q5
46,INT-022,6,2025-02-16 00:30:00,2025-02-16 00:30:33.991105611,33.99,7.05,Q6
46,INT-022,7,2025-02-16 00:35:00,2025-02-16 00:35:32.053029120,32.05,0.0,Q7
46,INT-022,8,2025-02-16 00:40:00,2025-02-16 00:40:29.327653296,29.33,8.98,Q8
46,INT-022,9,2025-02-16 00:45:00,2025-02-16 00:45:31.875718568,31.88,0.0,Q9
46,INT-022,10,2025-02-16 00:50:00,2025-02-16 00:50:34.942289141,34.94,14.79,Q10
46,INT-022,11,2025-02-16 00:55:00,2025-02-16 00:55:36.192753774,36.19,12.17,Q11
46,INT-022,12,2025-02-16 01:00:00,2025-02-16 01:00:30.359032100,30.36,10.16,Q12
46,INT-022,13,2025-02-16 01:05:00,2025-02-16 01:05:25.327859546,25.33,16.77,Q13
46,INT-022,14,2025-02-16 01:10:00,2025-02-16 01:10:31.005524757,31.01,9.43,Q14
46,INT-022,15,2025-02-16 01:15:00,2025-02-16 01:15:34.067700526,34.07,1.15,Q15
46,INT-022,16,2025-02-16 01:20:00,2025-02-16 01:20:27.979825468,27.98,4.33,Q16
46,INT-022,17,2025-02-16 01:25:00,2025-02-16 01:25:22.967252541,22.97,6.92,Q17
46,INT-022,18,2025-02-16 01:30:00,2025-02-16 01:30:37.723392353,37.72,9.91,Q18
46,INT-022,19,2025-02-16 01:35:00,2025-02-16 01:35:27.815132419,27.82,25.94,Q19
46,INT-022,20,2025-02-16 01:40:00,2025-02-16 01:40:24.558090970,24.56,17.15,Q20
47,INT-023,1,2025-02-17 00:05:00,2025-02-17 00:05:37.827875696,37.83,0.0,Q1
47,INT-023,2,2025-02-17 00:10:00,2025-02-17 00:10:31.562075416,31.56,0.0,Q2
47,INT-023,3,2025-02-17 00:15:00,2025-02-17 00:15:36.434306001,36.43,0.0,Q3
47,INT-023,4,2025-02-17 00:20:00,2025-02-17 00:20:32.926991899,32.93,1.96,Q4
47,INT-023,5,2025-02-17 00:25:00,2025-02-17 00:25:39.671703051,39.67,23.16,Q5
47,INT-023,6,2025-02-17 00:30:00,2025-02-17 00:30:31.578819761,31.58,15.69,Q6
47,INT-023,7,2025-02-17 00:35:00,2025-02-17 00:35:35.605270532,35.61,23.11,Q7
47,INT-023,8,2025-02-17 00:40:00,2025-02-17 00:40:37.272500002,37.27,3.48,Q8
47,INT-023,9,2025-02-17 00:45:00,2025-02-17 00:45:29.738447833,29.74,9.01,Q9
47,INT-023,10,2025-02-17 00:50:00,2025-02-17 00:50:32.020408571,32.02,5.19,Q10
47,INT-023,11,2025-02-17 00:55:00,2025-02-17 00:55:31.314359486,31.31,4.62,Q11
47,INT-023,12,2025-02-17 01:00:00,2025-02-17 01:00:33.760826273,33.76,2.24,Q12
47,INT-023,13,2025-02-17 01:05:00,2025-02-17 01:05:32.871819828,32.87,16.13,Q13
47,INT-023,14,2025-02-17 01:10:00,2025-02-17 01:10:27.482319441,27.48,5.9,Q14
47,INT-023,15,2025-02-17 01:15:00,2025-02-17 01:15:26.326381089,26.33,13.17,Q15
47,INT-023,16,2025-02-17 01:20:00,2025-02-17 01:20:34.755552800,34.76,0.0,Q16
47,INT-023,17,2025-02-17 01:25:00,2025-02-17 01:25:35.978459379,35.98,9.31,Q17
47,INT-023,18,2025-02-17 01:30:00,2025-02-17 01:30:25.796539063,25.8,6.75,Q18
47,INT-023,19,2025-02-17 01:35:00,2025-02-17 01:35:26.495514059,26.5,19.31,Q19
47,INT-023,20,2025-02-17 01:40:00,2025-02-17 01:40:32.229989581,32.23,9.12,Q20
48,INT-024,1,2025-02-18 00:05:00,2025-02-18 00:05:33.028615055,33.03,11.23,Q1
48,INT-024,2,2025-02-18 00:10:00,2025-02-18 00:10:32.119273549,32.12,0.0,Q2
48,INT-024,3,2025-02-18 00:15:00,2025-02-18 00:15:36.163854014,36.16,8.06,Q3
48,INT-024,4,2025-02-18 00:20:00,2025-02-18 00:20:35.749905108,35.75,12.88,Q4
48,INT-024,5,2025-02-18 00:25:00,2025-02-18 00:25:34.225270078,34.23,8.52,Q5
48,INT-024,6,2025-02-18 00:30:00,2025-02-18 00:30:32.246036140,32.25,17.25,Q6
48,INT-024,7,2025-02-18 00:35:00,2025-02-18 00:35:33.413972927,33.41,14.54,Q7
48,INT-024,8,2025-02-18 00:40:00,2025-02-18 00:40:28.839089075,28.84,4.26,Q8
48,INT-024,9,2025-02-18 00:45:00,2025-02-18 00:45:34.501689399,34.5,0.0,Q9
48,INT-024,10,2025-02-18 00:50:00,2025-02-18 00:50:35.916835846,35.92,2.26,Q10
48,INT-024,11,2025-02-18 00:55:00,2025-02-18 00:55:36.867133369,36.87,24.34,Q11
48,INT-024,12,2025-02-18 01:00:00,2025-02-18 01:00:31.862795083,31.86,21.27,Q12
48,INT-024,13,2025-02-18 01:05:00,2025-02-18 01:05:31.771698979,31.77,6.38,Q13
48,INT-024,14,2025-02-18 01:10:00,2025-02-18 01:10:40.668875039,40.67,9.57,Q14
48,INT-024,15,2025-02-18 01:15:00,2025-02-18 01:15:37.995614347,38.0,0.0,Q15
48,INT-024,16,2025-02-18 01:20:00,2025-02-18 01:20:35.861824115,35.86,17.56,Q16
48,INT-024,17,2025-02-18 01:25:00,2025-02-18 01:25:22.698569624,22.7,0.0,Q17
48,INT-024,18,2025-02-18 01:30:00,2025-02-18 01:30:41.076774023,41.08,13.76,Q18
48,INT-024,19,2025-02-18 01:35:00,2025-02-18 01:35:38.499003870,38.5,4.1,Q19
48,INT-024,20,2025-02-18 01:40:00,2025-02-18 01:40:39.342317669,39.34,10.27,Q20
49,INT-025,1,2025-02-19 00:05:00,2025-02-19 00:05:35.680250487,35.68,20.54,Q1
49,INT-025,2,2025-02-19 00:10:00,2025-02-19 00:10:33.110395053,33.11,4.92,Q2
49,INT-025,3,2025-02-19 00:15:00,2025-02-19 00:15:41.611271381,41.61,26.18,Q3
49,INT-025,4,2025-02-19 00:20:00,2025-02-19 00:20:38.017315586,38.02,10.9,Q4
49,INT-025,5,2025-02-19 00:25:00,2025-02-19 00:25:38.491689300,38.49,17.34,Q5
49,INT-025,6,2025-02-19 00:30:00,2025-02-19 00:30:46.802054084,46.8,0.0,Q6
49,INT-025,7,2025-02-19 00:35:00,2025-02-19 00:35:32.652150084,32.65,0.0,Q7
49,INT-025,8,2025-02-19 00:40:00,2025-02-19 00:40:42.878352490,42.88,15.97,Q8
49,INT-025,9,2025-02-19 00:45:00,2025-02-19 00:45:36.244879080,36.24,0.0,Q9
49,INT-025,10,2025-02-19 00:50:00,2025-02-19 00:50:38.087977126,38.09,25.04,Q10
49,INT-025,11,2025-02-19 00:55:00,2025-02-19 00:55:44.220493346,44.22,0.0,Q11
49,INT-025,12,2025-02-19 01:00:00,2025-02-19 01:00:30.291905951,30.29,8.46,Q12
49,INT-025,13,2025-02-19 01:05:00,2025-02-19 01:05:40.079374563,40.08,9.46,Q13
49,INT-025,14,2025-02-19 01:10:00,2025-02-19 01:10:44.187691235,44.19,21.02,Q14
49,INT-025,15,2025-02-19 01:15:00,2025-02-19 01:15:33.135041979,33.14,0.0,Q15
49,INT-025,16,2025-02-19 01:20:00,2025-02-19 01:20:35.791573932,35.79,9.52,Q16
49,INT-025,17,2025-02-19 01:25:00,2025-02-19 01:25:42.339054998,42.34,6.03,Q17
49,INT-025,18,2025-02-19 01:30:00,2025-02-19 01:30:30.234835732,30.23,9.57,Q18
49,INT-025,19,2025-02-19 01:35:00,2025-02-19 01:35:39.951355733,39.95,11.98,Q19
49,INT-025,20,2025-02-19 01:40:00,2025-02-19 01:40:31.488294546,31.49,14.59,Q20
50,INT-001,1,2025-02-20 00:05:00,2025-02-20 00:05:24.809930269,24.81,0.0,Q1
50,INT-001,2,2025-02-20 00:10:00,2025-02-20 00:10:17.106877133,17.11,7.75,Q2
50,INT-001,3,2025-02-20 00:15:00,2025-02-20 00:15:23.663239225,23.66,16.68,Q3
50,INT-001,4,2025-02-20 00:20:00,2025-02-20 00:20:26.364331416,26.36,9.25,Q4
50,INT-001,5,2025-02-20 00:25:00,2025-02-20 00:25:18.644505583,18.64,8.36,Q5
50,INT-001,6,2025-02-20 00:30:00,2025-02-20 00:30:21.930753032,21.93,4.08,Q6
50,INT-001,7,2025-02-20 00:35:00,2025-02-20 00:35:24.725144720,24.73,8.44,Q7
50,INT-001,8,2025-02-20 00:40:00,2025-02-20 00:40:35.258076763,35.26,2.76,Q8
50,INT-001,9,2025-02-20 00:45:00,2025-02-20 00:45:23.100696227,23.1,10.01,Q9
50,INT-001,10,2025-02-20 00:50:00,2025-02-20 00:50:25.567659197,25.57,10.79,Q10
50,INT-001,11,2025-02-20 00:55:00,2025-02-20 00:55:20.596913956,20.6,14.21,Q11
50,INT-001,12,2025-02-20 01:00:00,2025-02-20 01:00:19.710694030,19.71,2.16,Q12
50,INT-001,13,2025-02-20 01:05:00,2025-02-20 01:05:25.073373634,25.07,4.62,Q13
50,INT-001,14,2025-02-20 01:10:00,2025-02-20 01:10:18.086378705,18.09,12.89,Q14
50,INT-001,15,2025-02-20 01:15:00,2025-02-20 01:15:20.249257037,20.25,0.0,Q15
50,INT-001,16,2025-02-20 01:20:00,2025-02-20 01:20:17.538522778,17.54,0.0,Q16
50,INT-001,17,2025-02-20 01:25:00,2025-02-20 01:25:20.913690448,20.91,8.84,Q17
50,INT-001,18,2025-02-20 01:30:00,2025-02-20 01:30:21.287373927,21.29,15.15,Q18
50,INT-001,19,2025-02-20 01:35:00,2025-02-20 01:35:25.682835043,25.68,8.45,Q19
50,INT-001,20,2025-02-20 01:40:00,2025-02-20 01:40:20.749731739,20.75,12.59,Q20
51,INT-002,1,2025-02-21 00:05:00,2025-02-21 00:05:25.075475161,25.08,6.91,Q1
51,INT-002,2,2025-02-21 00:10:00,2025-02-21 00:10:32.184470891,32.18,5.6,Q2
51,INT-002,3,2025-02-21 00:15:00,2025-02-21 00:15:19.443373316,19.44,1.39,Q3
51,INT-002,4,2025-02-21 00:20:00,2025-02-21 00:20:25.321841012,25.32,9.19,Q4
51,INT-002,5,2025-02-21 00:25:00,2025-02-21 00:25:24.669338230,24.67,17.32,Q5
51,INT-002,6,2025-02-21 00:30:00,2025-02-21 00:30:17.950706852,17.95,14.58,Q6
51,INT-002,7,2025-02-21 00:35:00,2025-02-21 00:35:13.574390144,13.57,0.0,Q7
51,INT-002,8,2025-02-21 00:40:00,2025-02-21 00:40:22.939478974,22.94,2.6,Q8
51,INT-002,9,2025-02-21 00:45:00,2025-02-21 00:45:11.009961958,11.01,11.7,Q9
51,INT-002,10,2025-02-21 00:50:00,2025-02-21 00:50:19.594786216,19.59,13.25,Q10
51,INT-002,11,2025-02-21 00:55:00,2025-02-21 00:55:24.056638862,24.06,26.69,Q11
51,INT-002,12,2025-02-21 01:00:00,2025-02-21 01:00:36.410796849,36.41,18.89,Q12
51,INT-002,13,2025-02-21 01:05:00,2025-02-21 01:05:24.091071903,24.09,0.0,Q13
51,INT-002,14,2025-02-21 01:10:00,2025-02-21 01:10:05.000000000,5.0,6.52,Q14
51,INT-002,15,2025-02-21 01:15:00,2025-02-21 01:15:18.718269180,18.72,12.36,Q15
51,INT-002,16,2025-02-21 01:20:00,2025-02-21 01:20:21.157447193,21.16,0.0,Q16
51,INT-002,17,2025-02-21 01:25:00,2025-02-21 01:25:23.849012477,23.85,25.2,Q17
51,INT-002,18,2025-02-21 01:30:00,2025-02-21 01:30:16.150109032,16.15,22.1,Q18
51,INT-002,19,2025-02-21 01:35:00,2025-02-21 01:35:25.000327159,25.0,19.58,Q19
51,INT-002,20,2025-02-21 01:40:00,2025-02-21 01:40:18.420902028,18.42,0.0,Q20
52,INT-003,1,2025-02-22 00:05:00,2025-02-22 00:05:20.288944611,20.29,0.0,Q1
52,INT-003,2,2025-02-22 00:10:00,2025-02-22 00:10:21.021442816,21.02,0.0,Q2
52,INT-003,3,2025-02-22 00:15:00,2025-02-22 00:15:22.752869553,22.75,0.0,Q3
52,INT-003,4,2025-02-22 00:20:00,2025-02-22 00:20:19.705753346,19.71,10.34,Q4
52,INT-003,5,2025-02-22 00:25:00,2025-02-22 00:25:27.068952913,27.07,13.13,Q5
52,INT-003,6,2025-02-22 00:30:00,2025-02-22 00:30:23.817651255,23.82,0.0,Q6
52,INT-003,7,2025-02-22 00:35:00,2025-02-22 00:35:23.969415053,23.97,18.67,Q7
52,INT-003,8,2025-02-22 00:40:00,2025-02-22 00:40:29.807500426,29.81,0.0,Q8
52,INT-003,9,2025-02-22 00:45:00,2025-02-22 00:45:26.468653349,26.47,4.13,Q9
52,INT-003,10,2025-02-22 00:50:00,2025-02-22 00:50:14.450692430,14.45,0.75,Q10
52,INT-003,11,2025-02-22 00:55:00,2025-02-22 00:55:29.655954051,29.66,0.0,Q11
52,INT-003,12,2025-02-22 01:00:00,2025-02-22 01:00:15.841844860,15.84,17.5,Q12
52,INT-003,13,2025-02-22 01:05:00,2025-02-22 01:05:22.209431893,22.21,8.62,Q13
52,INT-003,14,2025-02-22 01:10:00,2025-02-22 01:10:26.566372912,26.57,23.44,Q14
52,INT-003,15,2025-02-22 01:15:00,2025-02-22 01:15:21.193507572,21.19,0.0,Q15
52,INT-003,16,2025-02-22 01:20:00,2025-02-22 01:20:22.168767380,22.17,0.0,Q16
52,INT-003,17,2025-02-22 01:25:00,2025-02-22 01:25:21.506632379,21.51,22.69,Q17
52,INT-003,18,2025-02-22 01:30:00,2025-02-22 01:30:20.198386146,20.2,5.79,Q18
52,INT-003,19,2025-02-22 01:35:00,2025-02-22 01:35:22.353682357,22.35,8.43,Q19
52,INT-003,20,2025-02-22 01:40:00,2025-02-22 01:40:21.582661470,21.58,28.5,Q20
53,INT-004,1,2025-02-23 00:05:00,2025-02-23 00:05:22.146142539,22.15,30.72,Q1
53,INT-004,2,2025-02-23 00:10:00,2025-02-23 00:10:25.534682725,25.53,0.0,Q2
53,INT-004,3,2025-02-23 00:15:00,2025-02-23 00:15:19.241522093,19.24,0.0,Q3
53,INT-004,4,2025-02-23 00:20:00,2025-02-23 00:20:27.174096603,27.17,0.0,Q4
53,INT-004,5,2025-02-23 00:25:00,2025-02-23 00:25:32.348641293,32.35,9.83,Q5
53,INT-004,6,2025-02-23 00:30:00,2025-02-23 00:30:22.315093227,22.32,0.0,Q6
53,INT-004,7,2025-02-23 00:35:00,2025-02-23 00:35:31.133624270,31.13,24.48,Q7
53,INT-004,8,2025-02-23 00:40:00,2025-02-23 00:40:24.179838082,24.18,0.0,Q8
53,INT-004,9,2025-02-23 00:45:00,2025-02-23 00:45:19.097456892,19.1,9.42,Q9
53,INT-004,10,2025-02-23 00:50:00,2025-02-23 00:50:29.771308616,29.77,9.84,Q10
53,INT-004,11,2025-02-23 00:55:00,2025-02-23 00:55:28.388807022,28.39,0.2,Q11
53,INT-004,12,2025-02-23 01:00:00,2025-02-23 01:00:31.334429630,31.33,0.0,Q12
53,INT-004,13,2025-02-23 01:05:00,2025-02-23 01:05:30.361083864,30.36,3.81,Q13
53,INT-004,14,2025-02-23 01:10:00,2025-02-23 01:10:23.783559712,23.78,8.94,Q14
53,INT-004,15,2025-02-23 01:15:00,2025-02-23 01:15:30.765037106,30.77,1.25,Q15
53,INT-004,16,2025-02-23 01:20:00,2025-02-23 01:20:27.020690214,27.02,12.67,Q16
53,INT-004,17,2025-02-23 01:25:00,2025-02-23 01:25:24.780292288,24.78,0.0,Q17
53,INT-004,18,2025-02-23 01:30:00,2025-02-23 01:30:30.207277151,30.21,13.74,Q18
53,INT-004,19,2025-02-23 01:35:00,2025-02-23 01:35:30.252925386,30.25,0.0,Q19
53,INT-004,20,2025-02-23 01:40:00,2025-02-23 01:40:22.886887616,22.89,0.84,Q20
54,INT-005,1,2025-02-24 00:05:00,2025-02-24 00:05:24.158885265,24.16,28.76,Q1
54,INT-005,2,2025-02-24 00:10:00,2025-02-24 00:10:30.311976902,30.31,13.6,Q2
54,INT-005,3,2025-02-24 00:15:00,2025-02-24 00:15:26.133140997,26.13,11.43,Q3
54,INT-005,4,2025-02-24 00:20:00,2025-02-24 00:20:31.120014253,31.12,7.74,Q4
54,INT-005,5,2025-02-24 00:25:00,2025-02-24 00:25:20.033698922,20.03,8.84,Q5
54,INT-005,6,2025-02-24 00:30:00,2025-02-24 00:30:31.610503648,31.61,0.0,Q6
54,INT-005,7,2025-02-24 00:35:00,2025-02-24 00:35:23.829284572,23.83,4.58,Q7
54,INT-005,8,2025-02-24 00:40:00,2025-02-24 00:40:32.052032067,32.05,4.31,Q8
54,INT-005,9,2025-02-24 00:45:00,2025-02-24 00:45:22.237775988,22.24,14.83,Q9
54,INT-005,10,2025-02-24 00:50:00,2025-02-24 00:50:28.492734847,28.49,23.42,Q10
54,INT-005,11,2025-02-24 00:55:00,2025-02-24 00:55:32.743748763,32.74,2.59,Q11
54,INT-005,12,2025-02-24 01:00:00,2025-02-24 01:00:31.480216568,31.48,18.43,Q12
54,INT-005,13,2025-02-24 01:05:00,2025-02-24 01:05:31.395809707,31.4,15.78,Q13
54,INT-005,14,2025-02-24 01:10:00,2025-02-24 01:10:24.835882282,24.84,9.25,Q14
54,INT-005,15,2025-02-24 01:15:00,2025-02-24 01:15:33.573333429,33.57,9.67,Q15
54,INT-005,16,2025-02-24 01:20:00,2025-02-24 01:20:29.771432595,29.77,8.32,Q16
54,INT-005,17,2025-02-24 01:25:00,2025-02-24 01:25:26.161615006,26.16,0.0,Q17
54,INT-005,18,2025-02-24 01:30:00,2025-02-24 01:30:24.578883805,24.58,0.0,Q18
54,INT-005,19,2025-02-24 01:35:00,2025-02-24 01:35:24.832429239,24.83,1.36,Q19
54,INT-005,20,2025-02-24 01:40:00,2025-02-24 01:40:31.029559600,31.03,0.0,Q20
55,INT-006,1,2025-02-25 00:05:00,2025-02-25 00:05:19.799055616,19.8,12.6,Q1
55,INT-006,2,2025-02-25 00:10:00,2025-02-25 00:10:39.493894263,39.49,18.22,Q2
55,INT-006,3,2025-02-25 00:15:00,2025-02-25 00:15:19.260484460,19.26,9.77,Q3
55,INT-006,4,2025-02-25 00:20:00,2025-02-25 00:20:26.940229141,26.94,0.0,Q4
55,INT-006,5,2025-02-25 00:25:00,2025-02-25 00:25:30.139098957,30.14,0.0,Q5
55,INT-006,6,2025-02-25 00:30:00,2025-02-25 00:30:26.922523116,26.92,0.0,Q6
55,INT-006,7,2025-02-25 00:35:00,2025-02-25 00:35:30.932620324,30.93,6.12,Q7
55,INT-006,8,2025-02-25 00:40:00,2025-02-25 00:40:35.331658346,35.33,0.0,Q8
55,INT-006,9,2025-02-25 00:45:00,2025-02-25 00:45:29.606669006,29.61,13.12,Q9
55,INT-006,10,2025-02-25 00:50:00,2025-02-25 00:50:26.665118088,26.67,0.0,Q10
55,INT-006,11,2025-02-25 00:55:00,2025-02-25 00:55:31.598014086,31.6,8.47,Q11
55,INT-006,12,2025-02-25 01:00:00,2025-02-25 01:00:26.449845204,26.45,14.27,Q12
55,INT-006,13,2025-02-25 01:05:00,2025-02-25 01:05:20.182615440,20.18,14.23,Q13
55,INT-006,14,2025-02-25 01:10:00,2025-02-25 01:10:25.648672115,25.65,3.21,Q14
55,INT-006,15,2025-02-25 01:15:00,2025-02-25 01:15:27.567453781,27.57,12.32,Q15
55,INT-006,16,2025-02-25 01:20:00,2025-02-25 01:20:30.623361663,30.62,0.0,Q16
55,INT-006,17,2025-02-25 01:25:00,2025-02-25 01:25:18.168215503,18.17,15.29,Q17
55,INT-006,18,2025-02-25 01:30:00,2025-02-25 01:30:32.433413286,32.43,5.42,Q18
55,INT-006,19,2025-02-25 01:35:00,2025-02-25 01:35:34.274646435,34.27,0.0,Q19
55,INT-006,20,2025-02-25 01:40:00,2025-02-25 01:40:30.619745336,30.62,9.29,Q20
56,INT-007,1,2025-02-26 00:05:00,2025-02-26 00:05:34.751237376,34.75,9.22,Q1
56,INT-007,2,2025-02-26 00:10:00,2025-02-26 00:10:30.680876321,30.68,0.0,Q2
56,INT-007,3,2025-02-26 00:15:00,2025-02-26 00:15:30.195591892,30.2,15.14,Q3
56,INT-007,4,2025-02-26 00:20:00,2025-02-26 00:20:41.369518466,41.37,1.86,Q4
56,INT-007,5,2025-02-26 00:25:00,2025-02-26 00:25:33.745672718,33.75,3.8,Q5
56,INT-007,6,2025-02-26 00:30:00,2025-02-26 00:30:24.292766793,24.29,10.65,Q6
56,INT-007,7,2025-02-26 00:35:00,2025-02-26 00:35:33.825267270,33.83,0.0,Q7
56,INT-007,8,2025-02-26 00:40:00,2025-02-26 00:40:30.029167286,30.03,12.91,Q8
56,INT-007,9,2025-02-26 00:45:00,2025-02-26 00:45:28.479365829,28.48,6.85,Q9
56,INT-007,10,2025-02-26 00:50:00,2025-02-26 00:50:29.443872694,29.44,15.89,Q10
56,INT-007,11,2025-02-26 00:55:00,2025-02-26 00:55:24.653693775,24.65,19.97,Q11
56,INT-007,12,2025-02-26 01:00:00,2025-02-26 01:00:25.127827450,25.13,13.74,Q12
56,INT-007,13,2025-02-26 01:05:00,2025-02-26 01:05:35.629772564,35.63,20.28,Q13
56,INT-007,14,2025-02-26 01:10:00,2025-02-26 01:10:39.348612037,39.35,0.0,Q14
56,INT-007,15,2025-02-26 01:15:00,2025-02-26 01:15:35.218167287,35.22,10.95,Q15
56,INT-007,16,2025-02-26 01:20:00,2025-02-26 01:20:33.968675404,33.97,4.82,Q16
56,INT-007,17,2025-02-26 01:25:00,2025-02-26 01:25:38.795821486,38.8,3.85,Q17
56,INT-007,18,2025-02-26 01:30:00,2025-02-26 01:30:34.642748186,34.64,1.51,Q18
56,INT-007,19,2025-02-26 01:35:00,2025-02-26 01:35:32.887124917,32.89,11.4,Q19
56,INT-007,20,2025-02-26 01:40:00,2025-02-26 01:40:29.403562383,29.4,0.0,Q20
57,INT-008,1,2025-02-27 00:05:00,2025-02-27 00:05:32.258179236,32.26,7.2,Q1
57,INT-008,2,2025-02-27 00:10:00,2025-02-27 00:10:36.419868623,36.42,0.0,Q2
57,INT-008,3,2025-02-27 00:15:00,2025-02-27 00:15:33.950129216,33.95,0.0,Q3
57,INT-008,4,2025-02-27 00:20:00,2025-02-27 00:20:31.744041905,31.74,13.12,Q4
57,INT-008,5,2025-02-27 00:25:00,2025-02-27 00:25:43.624631678,43.62,6.55,Q5
57,INT-008,6,2025-02-27 00:30:00,2025-02-27 00:30:32.262692032,32.26,4.31,Q6
57,INT-008,7,2025-02-27 00:35:00,2025-02-27 00:35:42.635909280,42.64,11.75,Q7
57,INT-008,8,2025-02-27 00:40:00,2025-02-27 00:40:44.993988252,44.99,10.98,Q8
57,INT-008,9,2025-02-27 00:45:00,2025-02-27 00:45:33.475356195,33.48,9.38,Q9
57,INT-008,10,2025-02-27 00:50:00,2025-02-27 00:50:35.448266995,35.45,0.0,Q10
57,INT-008,11,2025-02-27 00:55:00,2025-02-27 00:55:29.984059618,29.98,3.1,Q11
57,INT-008,12,2025-02-27 01:00:00,2025-02-27 01:00:36.238737214,36.24,9.89,Q12
57,INT-008,13,2025-02-27 01:05:00,2025-02-27 01:05:39.606105146,39.61,13.62,Q13
57,INT-008,14,2025-02-27 01:10:00,2025-02-27 01:10:29.508066481,29.51,0.0,Q14
57,INT-008,15,2025-02-27 01:15:00,2025-02-27 01:15:33.467439693,33.47,1.87,Q15
57,INT-008,16,2025-02-27 01:20:00,2025-02-27 01:20:39.129192924,39.13,8.85,Q16
57,INT-008,17,2025-02-27 01:25:00,2025-02-27 01:25:36.281632461,36.28,21.41,Q17
57,INT-008,18,2025-02-27 01:30:00,2025-02-27 01:30:33.477366645,33.48,0.0,Q18
57,INT-008,19,2025-02-27 01:35:00,2025-02-27 01:35:33.448603113,33.45,0.0,Q19
57,INT-008,20,2025-02-27 01:40:00,2025-02-27 01:40:41.859937518,41.86,18.01,Q20
58,INT-009,1,2025-02-28 00:05:00,2025-02-28 00:05:42.886759743,42.89,0.0,Q1
58,INT-009,2,2025-02-28 00:10:00,2025-02-28 00:10:39.072756847,39.07,0.0,Q2
58,INT-009,3,2025-02-28 00:15:00,2025-02-28 00:15:31.972685985,31.97,0.0,Q3
58,INT-009,4,2025-02-28 00:20:00,2025-02-28 00:20:26.317359370,26.32,0.0,Q4
58,INT-009,5,2025-02-28 00:25:00,2025-02-28 00:25:31.677689788,31.68,13.88,Q5
58,INT-009,6,2025-02-28 00:30:00,2025-02-28 00:30:34.303516030,34.3,0.0,Q6
58,INT-009,7,2025-02-28 00:35:00,2025-02-28 00:35:35.479401688,35.48,4.39,Q7
58,INT-009,8,2025-02-28 00:40:00,2025-02-28 00:40:38.367823849,38.37,0.0,Q8
58,INT-009,9,2025-02-28 00:45:00,2025-02-28 00:45:26.348322641,26.35,9.29,Q9
58,INT-009,10,2025-02-28 00:50:00,2025-02-28 00:50:38.256050827,38.26,6.46,Q10
58,INT-009,11,2025-02-28 00:55:00,2025-02-28 00:55:38.684281855,38.68,14.46,Q11
58,INT-009,12,2025-02-28 01:00:00,2025-02-28 01:00:36.257798828,36.26,4.93,Q12
58,INT-009,13,2025-02-28 01:05:00,2025-02-28 01:05:34.891730317,34.89,12.97,Q13
58,INT-009,14,2025-02-28 01:10:00,2025-02-28 01:10:35.844225557,35.84,3.15,Q14
58,INT-009,15,2025-02-28 01:15:00,2025-02-28 01:15:34.100287469,34.1,15.42,Q15
58,INT-009,16,2025-02-28 01:20:00,2025-02-28 01:20:39.349021277,39.35,0.0,Q16
58,INT-009,17,2025-02-28 01:25:00,2025-02-28 01:25:31.463634126,31.46,12.89,Q17
58,INT-009,18,2025-02-28 01:30:00,2025-02-28 01:30:35.341022441,35.34,0.0,Q18
58,INT-009,19,2025-02-28 01:35:00,2025-02-28 01:35:25.947295128,25.95,9.95,Q19
58,INT-009,20,2025-02-28 01:40:00,2025-02-28 01:40:35.501272941,35.5,0.0,Q20
59,INT-010,1,2025-03-01 00:05:00,2025-03-01 00:05:39.590654685,39.59,12.52,Q1
59,INT-010,2,2025-03-01 00:10:00,2025-03-01 00:10:42.881522110,42.88,17.37,Q2
59,INT-010,3,2025-03-01 00:15:00,2025-03-01 00:15:34.938218924,34.94,7.02,Q3
59,INT-010,4,2025-03-01 00:20:00,2025-03-01 00:20:29.514194467,29.51,6.61,Q4
59,INT-010,5,2025-03-01 00:25:00,2025-03-01 00:25:35.712408527,35.71,16.39,Q5
59,INT-010,6,2025-03-01 00:30:00,2025-03-01 00:30:38.118363536,38.12,16.66,Q6
59,INT-010,7,2025-03-01 00:35:00,2025-03-01 00:35:45.414949967,45.41,10.29,Q7
59,INT-010,8,2025-03-01 00:40:00,2025-03-01 00:40:35.861164543,35.86,4.57,Q8
59,INT-010,9,2025-03-01 00:45:00,2025-03-01 00:45:34.220180346,34.22,0.0,Q9
59,INT-010,10,2025-03-01 00:50:00,2025-03-01 00:50:36.969625236,36.97,11.48,Q10
59,INT-010,11,2025-03-01 00:55:00,2025-03-01 00:55:37.411805118,37.41,10.96,Q11
59,INT-010,12,2025-03-01 01:00:00,2025-03-01 01:00:39.623852603,39.62,5.49,Q12
59,INT-010,13,2025-03-01 01:05:00,2025-03-01 01:05:35.354015417,35.35,5.68,Q13
59,INT-010,14,2025-03-01 01:10:00,2025-03-01 01:10:36.532236018,36.53,13.49,Q14
59,INT-010,15,2025-03-01 01:15:00,2025-03-01 01:15:35.434330196,35.43,7.44,Q15
59,INT-010,16,2025-03-01 01:20:00,2025-03-01 01:20:36.763668473,36.76,16.33,Q16
59,INT-010,17,2025-03-01 01:25:00,2025-03-01 01:25:34.267118459,34.27,0.0,Q17
59,INT-010,18,2025-03-01 01:30:00,2025-03-01 01:30:35.415888490,35.42,0.0,Q18
59,INT-010,19,2025-03-01 01:35:00,2025-03-01 01:35:32.078127118,32.08,24.38,Q19
59,INT-010,20,2025-03-01 01:40:00,2025-03-01 01:40:42.588623979,42.59,0.0,Q20
60,INT-011,1,2025-03-02 00:05:00,2025-03-02 00:06:05.051309980,65.05,193.07,Q1
60,INT-011,2,2025-03-02 00:10:00,2025-03-02 00:10:51.939493695,51.94,172.0,Q2
60,INT-011,3,2025-03-02 00:15:00,2025-03-02 00:15:05.000000000,5.0,121.81,Q3
60,INT-011,4,2025-03-02 00:20:00,2025-03-02 00:20:41.561570501,41.56,212.93,Q4
60,INT-011,5,2025-03-02 00:25:00,2025-03-02 00:25:09.235267332,9.24,365.19,Q5
60,INT-011,6,2025-03-02 00:30:00,2025-03-02 00:30:39.453201009,39.45,173.18,Q6
60,INT-011,7,2025-03-02 00:35:00,2025-03-02 00:35:16.717044559,16.72,129.15,Q7
60,INT-011,8,2025-03-02 00:40:00,2025-03-02 00:40:29.770482054,29.77,145.85,Q8
60,INT-011,9,2025-03-02 00:45:00,2025-03-02 00:45:21.847028751,21.85,145.3,Q9
60,INT-011,10,2025-03-02 00:50:00,2025-03-02 00:50:07.636085596,7.64,155.13,Q10
60,INT-011,11,2025-03-02 00:55:00,2025-03-02 00:55:06.472533124,6.47,253.62,Q11
60,INT-011,12,2025-03-02 01:00:00,2025-03-02 01:00:48.608963883,48.61,174.14,Q12
60,INT-011,13,2025-03-02 01:05:00,2025-03-02 01:05:10.181662156,10.18,211.36,Q13
60,INT-011,14,2025-03-02 01:10:00,2025-03-02 01:10:28.241192991,28.24,174.05,Q14
60,INT-011,15,2025-03-02 01:15:00,2025-03-02 01:15:44.258935077,44.26,165.52,Q15
60,INT-011,16,2025-03-02 01:20:00,2025-03-02 01:20:05.000000000,5.0,139.07,Q16
60,INT-011,17,2025-03-02 01:25:00,2025-03-02 01:25:20.312548291,20.31,0.0,Q17
60,INT-011,18,2025-03-02 01:30:00,2025-03-02 01:30:19.281598893,19.28,183.89,Q18
60,INT-011,19,2025-03-02 01:35:00,2025-03-02 01:35:51.663529062,51.66,117.07,Q19
60,INT-011,20,2025-03-02 01:40:00,2025-03-02 01:40:25.145744896,25.15,201.01,Q20
61,INT-012,1,2025-03-03 00:05:00,2025-03-03 00:05:21.617928824,21.62,6.35,Q1
61,INT-012,2,2025-03-03 00:10:00,2025-03-03 00:10:23.767504996,23.77,33.78,Q2
61,INT-012,3,2025-03-03 00:15:00,2025-03-03 00:15:19.764610190,19.76,10.82,Q3
61,INT-012,4,2025-03-03 00:20:00,2025-03-03 00:20:26.016414465,26.02,11.63,Q4
61,INT-012,5,2025-03-03 00:25:00,2025-03-03 00:25:18.856034432,18.86,22.1,Q5
61,INT-012,6,2025-03-03 00:30:00,2025-03-03 00:30:22.078964785,22.08,0.0,Q6
61,INT-012,7,2025-03-03 00:35:00,2025-03-03 00:35:20.469466683,20.47,13.6,Q7
61,INT-012,8,2025-03-03 00:40:00,2025-03-03 00:40:26.128853925,26.13,0.0,Q8
61,INT-012,9,2025-03-03 00:45:00,2025-03-03 00:45:14.888222010,14.89,12.02,Q9
61,INT-012,10,2025-03-03 00:50:00,2025-03-03 00:50:19.083362092,19.08,16.19,Q10
61,INT-012,11,2025-03-03 00:55:00,2025-03-03 00:55:21.065652059,21.07,18.48,Q11
61,INT-012,12,2025-03-03 01:00:00,2025-03-03 01:00:14.766069408,14.77,11.14,Q12
61,INT-012,13,2025-03-03 01:05:00,2025-03-03 01:05:19.656392252,19.66,27.83,Q13
61,INT-012,14,2025-03-03 01:10:00,2025-03-03 01:10:26.303940855,26.3,0.76,Q14
61,INT-012,15,2025-03-03 01:15:00,2025-03-03 01:15:25.365047380,25.37,7.8,Q15
61,INT-012,16,2025-03-03 01:20:00,2025-03-03 01:20:19.152500635,19.15,8.78,Q16
61,INT-012,17,2025-03-03 01:25:00,2025-03-03 01:25:22.938394010,22.94,21.38,Q17
61,INT-012,18,2025-03-03 01:30:00,2025-03-03 01:30:10.561482122,10.56,13.44,Q18
61,INT-012,19,2025-03-03 01:35:00,2025-03-03 01:35:20.826104880,20.83,15.97,Q19
61,INT-012,20,2025-03-03 01:40:00,2025-03-03 01:40:23.109256753,23.11,6.61,Q20
62,INT-013,1,2025-03-04 00:05:00,2025-03-04 00:05:16.778013015,16.78,0.85,Q1
62,INT-013,2,2025-03-04 00:10:00,2025-03-04 00:10:21.011679444,21.01,0.0,Q2
62,INT-013,3,2025-03-04 00:15:00,2025-03-04 00:15:21.807057481,21.81,3.63,Q3
62,INT-013,4,2025-03-04 00:20:00,2025-03-04 00:20:23.316473680,23.32,6.59,Q4
62,INT-013,5,2025-03-04 00:25:00,2025-03-04 00:25:24.041179790,24.04,17.37,Q5
62,INT-013,6,2025-03-04 00:30:00,2025-03-04 00:30:16.836421556,16.84,20.12,Q6
62,INT-013,7,2025-03-04 00:35:00,2025-03-04 00:35:25.670056966,25.67,9.79,Q7
62,INT-013,8,2025-03-04 00:40:00,2025-03-04 00:40:29.365533975,29.37,0.0,Q8
62,INT-013,9,2025-03-04 00:45:00,2025-03-04 00:45:32.104548674,32.1,0.0,Q9
62,INT-013,10,2025-03-04 00:50:00,2025-03-04 00:50:29.184572809,29.18,14.22,Q10
62,INT-013,11,2025-03-04 00:55:00,2025-03-04 00:55:25.579016561,25.58,9.52,Q11
62,INT-013,12,2025-03-04 01:00:00,2025-03-04 01:00:20.843635927,20.84,3.63,Q12
62,INT-013,13,2025-03-04 01:05:00,2025-03-04 01:05:15.307012076,15.31,13.66,Q13
62,INT-013,14,2025-03-04 01:10:00,2025-03-04 01:10:27.378818501,27.38,3.17,Q14
62,INT-013,15,2025-03-04 01:15:00,2025-03-04 01:15:16.722577863,16.72,10.19,Q15
62,INT-013,16,2025-03-04 01:20:00,2025-03-04 01:20:18.562227179,18.56,15.34,Q16
62,INT-013,17,2025-03-04 01:25:00,2025-03-04 01:25:29.727187999,29.73,15.89,Q17
62,INT-013,18,2025-03-04 01:30:00,2025-03-04 01:30:21.995955379,22.0,18.98,Q18
62,INT-013,19,2025-03-04 01:35:00,2025-03-04 01:35:18.196657174,18.2,0.0,Q19
62,INT-013,20,2025-03-04 01:40:00,2025-03-04 01:40:27.346627015,27.35,11.9,Q20
63,INT-014,1,2025-03-05 00:05:00,2025-03-05 00:05:19.537481969,19.54,5.89,Q1
63,INT-014,2,2025-03-05 00:10:00,2025-03-05 00:10:21.631047952,21.63,0.0,Q2
63,INT-014,3,2025-03-05 00:15:00,2025-03-05 00:15:26.207209986,26.21,4.34,Q3
63,INT-014,4,2025-03-05 00:20:00,2025-03-05 00:20:32.213973616,32.21,0.0,Q4
63,INT-014,5,2025-03-05 00:25:00,2025-03-05 00:25:18.292785233,18.29,8.29,Q5
63,INT-014,6,2025-03-05 00:30:00,2025-03-05 00:30:27.412851030,27.41,13.78,Q6
63,INT-014,7,2025-03-05 00:35:00,2025-03-05 00:35:25.577258563,25.58,6.26,Q7
63,INT-014,8,2025-03-05 00:40:00,2025-03-05 00:40:30.412366295,30.41,27.06,Q8
63,INT-014,9,2025-03-05 00:45:00,2025-03-05 00:45:17.596107365,17.6,13.72,Q9
63,INT-014,10,2025-03-05 00:50:00,2025-03-05 00:50:30.031910465,30.03,0.0,Q10
63,INT-014,11,2025-03-05 00:55:00,2025-03-05 00:55:29.241237483,29.24,0.0,Q11
63,INT-014,12,2025-03-05 01:00:00,2025-03-05 01:00:21.446495315,21.45,0.0,Q12
63,INT-014,13,2025-03-05 01:05:00,2025-03-05 01:05:15.506477672,15.51,0.16,Q13
63,INT-014,14,2025-03-05 01:10:00,2025-03-05 01:10:26.045243214,26.05,24.04,Q14
63,INT-014,15,2025-03-05 01:15:00,2025-03-05 01:15:22.223021786,22.22,0.0,Q15
63,INT-014,16,2025-03-05 01:20:00,2025-03-05 01:20:25.410192159,25.41,0.0,Q16
63,INT-014,17,2025-03-05 01:25:00,2025-03-05 01:25:22.163938364,22.16,1.76,Q17
63,INT-014,18,2025-03-05 01:30:00,2025-03-05 01:30:30.402212797,30.4,0.0,Q18
63,INT-014,19,2025-03-05 01:35:00,2025-03-05 01:35:21.074247080,21.07,0.0,Q19
63,INT-014,20,2025-03-05 01:40:00,2025-03-05 01:40:25.872765910,25.87,0.0,Q20
64,INT-015,1,2025-03-06 00:05:00,2025-03-06 00:05:28.310525214,28.31,0.0,Q1
64,INT-015,2,2025-03-06 00:10:00,2025-03-06 00:10:24.014273832,24.01,0.0,Q2
64,INT-015,3,2025-03-06 00:15:00,2025-03-06 00:15:25.441258351,25.44,11.25,Q3
64,INT-015,4,2025-03-06 00:20:00,2025-03-06 00:20:25.433801111,25.43,0.0,Q4
64,INT-015,5,2025-03-06 00:25:00,2025-03-06 00:25:25.020959032,25.02,0.0,Q5
64,INT-015,6,2025-03-06 00:30:00,2025-03-06 00:30:34.502595358,34.5,5.54,Q6
64,INT-015,7,2025-03-06 00:35:00,2025-03-06 00:35:25.055098098,25.06,5.34,Q7
64,INT-015,8,2025-03-06 00:40:00,2025-03-06 00:40:21.388207460,21.39,0.0,Q8
64,INT-015,9,2025-03-06 00:45:00,2025-03-06 00:45:33.718363670,33.72,7.55,Q9
64,INT-015,10,2025-03-06 00:50:00,2025-03-06 00:50:26.912305213,26.91,13.56,Q10
64,INT-015,11,2025-03-06 00:55:00,2025-03-06 00:55:21.547640551,21.55,11.28,Q11
64,INT-015,12,2025-03-06 01:00:00,2025-03-06 01:00:20.790914575,20.79,16.58,Q12
64,INT-015,13,2025-03-06 01:05:00,2025-03-06 01:05:25.830301473,25.83,25.12,Q13
64,INT-015,14,2025-03-06 01:10:00,2025-03-06 01:10:26.880213977,26.88,9.74,Q14
64,INT-015,15,2025-03-06 01:15:00,2025-03-06 01:15:26.395944267,26.4,5.31,Q15
64,INT-015,16,2025-03-06 01:20:00,2025-03-06 01:20:30.181468848,30.18,15.57,Q16
64,INT-015,17,2025-03-06 01:25:00,2025-03-06 01:25:32.078571533,32.08,0.0,Q17
64,INT-015,18,2025-03-06 01:30:00,2025-03-06 01:30:28.028933415,28.03,7.95,Q18
64,INT-015,19,2025-03-06 01:35:00,2025-03-06 01:35:36.047870427,36.05,19.67,Q19
64,INT-015,20,2025-03-06 01:40:00,2025-03-06 01:40:33.439933135,33.44,0.11,Q20
65,INT-016,1,2025-03-07 00:05:00,2025-03-07 00:05:30.681873526,30.68,23.97,Q1
65,INT-016,2,2025-03-07 00:10:00,2025-03-07 00:10:28.268680527,28.27,0.0,Q2
65,INT-016,3,2025-03-07 00:15:00,2025-03-07 00:15:37.183887564,37.18,31.03,Q3
65,INT-016,4,2025-03-07 00:20:00,2025-03-07 00:20:26.334183054,26.33,8.78,Q4
65,INT-016,5,2025-03-07 00:25:00,2025-03-07 00:25:29.740150817,29.74,0.0,Q5
65,INT-016,6,2025-03-07 00:30:00,2025-03-07 00:30:24.013136124,24.01,0.0,Q6
65,INT-016,7,2025-03-07 00:35:00,2025-03-07 00:35:35.303321825,35.3,0.0,Q7
65,INT-016,8,2025-03-07 00:40:00,2025-03-07 00:40:24.969674905,24.97,0.0,Q8
65,INT-016,9,2025-03-07 00:45:00,2025-03-07 00:45:23.111055409,23.11,0.0,Q9
65,INT-016,10,2025-03-07 00:50:00,2025-03-07 00:50:24.767345785,24.77,15.34,Q10
65,INT-016,11,2025-03-07 00:55:00,2025-03-07 00:55:36.801496639,36.8,14.43,Q11
65,INT-016,12,2025-03-07 01:00:00,2025-03-07 01:00:35.329817370,35.33,0.81,Q12
65,INT-016,13,2025-03-07 01:05:00,2025-03-07 01:05:32.769100140,32.77,4.7,Q13
65,INT-016,14,2025-03-07 01:10:00,2025-03-07 01:10:28.068080585,28.07,8.84,Q14
65,INT-016,15,2025-03-07 01:15:00,2025-03-07 01:15:27.192616137,27.19,8.86,Q15
65,INT-016,16,2025-03-07 01:20:00,2025-03-07 01:20:31.450145722,31.45,0.0,Q16
65,INT-016,17,2025-03-07 01:25:00,2025-03-07 01:25:24.495317311,24.5,2.18,Q17
65,INT-016,18,2025-03-07 01:30:00,2025-03-07 01:30:25.774415871,25.77,6.68,Q18
65,INT-016,19,2025-03-07 01:35:00,2025-03-07 01:35:28.542461576,28.54,15.13,Q19
65,INT-016,20,2025-03-07 01:40:00,2025-03-07 01:40:35.394902625,35.39,13.94,Q20
66,INT-017,1,2025-03-08 00:05:00,2025-03-08 00:05:29.863160995,29.86,9.19,Q1
66,INT-017,2,2025-03-08 00:10:00,2025-03-08 00:10:33.024848281,33.02,17.0,Q2
66,INT-017,3,2025-03-08 00:15:00,2025-03-08 00:15:33.646168478,33.65,23.11,Q3
66,INT-017,4,2025-03-08 00:20:00,2025-03-08 00:20:41.313229566,41.31,0.0,Q4
66,INT-017,5,2025-03-08 00:25:00,2025-03-08 00:25:31.802832463,31.8,5.76,Q5
66,INT-017,6,2025-03-08 00:30:00,2025-03-08 00:30:27.258033984,27.26,0.0,Q6
66,INT-017,7,2025-03-08 00:35:00,2025-03-08 00:35:26.737132144,26.74,0.0,Q7
66,INT-017,8,2025-03-08 00:40:00,2025-03-08 00:40:27.435949933,27.44,2.33,Q8
66,INT-017,9,2025-03-08 00:45:00,2025-03-08 00:45:42.039805602,42.04,0.0,Q9
66,INT-017,10,2025-03-08 00:50:00,2025-03-08 00:50:27.301824751,27.3,16.55,Q10
66,INT-017,11,2025-03-08 00:55:00,2025-03-08 00:55:39.886460923,39.89,2.14,Q11
66,INT-017,12,2025-03-08 01:00:00,2025-03-08 01:00:33.769231450,33.77,1.79,Q12
66,INT-017,13,2025-03-08 01:05:00,2025-03-08 01:05:34.624392615,34.62,6.88,Q13
66,INT-017,14,2025-03-08 01:10:00,2025-03-08 01:10:34.867696264,34.87,0.0,Q14
66,INT-017,15,2025-03-08 01:15:00,2025-03-08 01:15:31.032475516,31.03,12.94,Q15
66,INT-017,16,2025-03-08 01:20:00,2025-03-08 01:20:32.084720329,32.08,12.36,Q16
66,INT-017,17,2025-03-08 01:25:00,2025-03-08 01:25:22.104341669,22.1,17.89,Q17
66,INT-017,18,2025-03-08 01:30:00,2025-03-08 01:30:35.773900105,35.77,23.67,Q18
66,INT-017,19,2025-03-08 01:35:00,2025-03-08 01:35:30.714250160,30.71,22.32,Q19
66,INT-017,20,2025-03-08 01:40:00,2025-03-08 01:40:28.936807984,28.94,3.05,Q20
67,INT-018,1,2025-03-09 00:05:00,2025-03-09 00:05:35.137547845,35.14,23.41,Q1
67,INT-018,2,2025-03-09 00:10:00,2025-03-09 00:10:36.973145266,36.97,4.88,Q2
67,INT-018,3,2025-03-09 00:15:00,2025-03-09 00:15:32.369195471,32.37,1.39,Q3
67,INT-018,4,2025-03-09 00:20:00,2025-03-09 00:20:38.562454362,38.56,21.9,Q4
67,INT-018,5,2025-03-09 00:25:00,2025-03-09 00:25:34.792250317,34.79,3.0,Q5
67,INT-018,6,2025-03-09 00:30:00,2025-03-09 00:30:28.613369462,28.61,0.0,Q6
67,INT-018,7,2025-03-09 00:35:00,2025-03-09 00:35:30.020118849,30.02,13.41,Q7
67,INT-018,8,2025-03-09 00:40:00,2025-03-09 00:40:32.965306114,32.97,8.92,Q8
67,INT-018,9,2025-03-09 00:45:00,2025-03-09 00:45:36.017190955,36.02,2.59,Q9
67,INT-018,10,2025-03-09 00:50:00,2025-03-09 00:50:35.913475541,35.91,0.25,Q10
67,INT-018,11,2025-03-09 00:55:00,2025-03-09 00:55:35.004634784,35.0,0.0,Q11
67,INT-018,12,2025-03-09 01:00:00,2025-03-09 01:00:39.652788829,39.65,14.32,Q12
67,INT-018,13,2025-03-09 01:05:00,2025-03-09 01:05:33.308676998,33.31,22.22,Q13
67,INT-018,14,2025-03-09 01:10:00,2025-03-09 01:10:29.428683815,29.43,0.0,Q14
67,INT-018,15,2025-03-09 01:15:00,2025-03-09 01:15:42.739582929,42.74,6.14,Q15
67,INT-018,16,2025-03-09 01:20:00,2025-03-09 01:20:33.130304654,33.13,1.85,Q16
67,INT-018,17,2025-03-09 01:25:00,2025-03-09 01:25:30.458372555,30.46,0.0,Q17
67,INT-018,18,2025-03-09 01:30:00,2025-03-09 01:30:31.201906392,31.2,0.0,Q18
67,INT-018,19,2025-03-09 01:35:00,2025-03-09 01:35:41.819582020,41.82,0.16,Q19
67,INT-018,20,2025-03-09 01:40:00,2025-03-09 01:40:37.758681095,37.76,13.0,Q20
68,INT-019,1,2025-03-10 00:05:00,2025-03-10 00:05:38.993290657,38.99,11.73,Q1
68,INT-019,2,2025-03-10 00:10:00,2025-03-10 00:10:38.971569615,38.97,19.36,Q2
68,INT-019,3,2025-03-10 00:15:00,2025-03-10 00:15:28.183335044,28.18,0.0,Q3
68,INT-019,4,2025-03-10 00:20:00,2025-03-10 00:20:41.557618468,41.56,9.68,Q4
68,INT-019,5,2025-03-10 00:25:00,2025-03-10 00:25:35.528199002,35.53,12.89,Q5
68,INT-019,6,2025-03-10 00:30:00,2025-03-10 00:30:35.117161133,35.12,0.86,Q6
68,INT-019,7,2025-03-10 00:35:00,2025-03-10 00:35:41.056041008,41.06,18.42,Q7
68,INT-019,8,2025-03-10 00:40:00,2025-03-10 00:40:28.153958679,28.15,0.0,Q8
68,INT-019,9,2025-03-10 00:45:00,2025-03-10 00:45:29.409111336,29.41,13.38,Q9
68,INT-019,10,2025-03-10 00:50:00,2025-03-10 00:50:30.425716649,30.43,4.79,Q10
68,INT-019,11,2025-03-10 00:55:00,2025-03-10 00:55:33.859505342,33.86,17.74,Q11
68,INT-019,12,2025-03-10 01:00:00,2025-03-10 01:00:36.085030097,36.09,15.66,Q12
68,INT-019,13,2025-03-10 01:05:00,2025-03-10 01:05:27.186685797,27.19,15.98,Q13
68,INT-019,14,2025-03-10 01:10:00,2025-03-10 01:10:34.905090333,34.91,0.0,Q14
68,INT-019,15,2025-03-10 01:15:00,2025-03-10 01:15:33.304799146,33.3,15.3,Q15
68,INT-019,16,2025-03-10 01:20:00,2025-03-10 01:20:39.071304513,39.07,19.76,Q16
68,INT-019,17,2025-03-10 01:25:00,2025-03-10 01:25:37.733291813,37.73,6.59,Q17
68,INT-019,18,2025-03-10 01:30:00,2025-03-10 01:30:35.133921750,35.13,26.63,Q18
68,INT-019,19,2025-03-10 01:35:00,2025-03-10 01:35:36.862892258,36.86,10.71,Q19
68,INT-019,20,2025-03-10 01:40:00,2025-03-10 01:40:42.476649415,42.48,12.06,Q20
69,INT-020,1,2025-03-11 00:05:00,2025-03-11 00:05:28.814640445,28.81,0.67,Q1
69,INT-020,2,2025-03-11 00:10:00,2025-03-11 00:10:20.418501214,20.42,2.12,Q2
69,INT-020,3,2025-03-11 00:15:00,2025-03-11 00:15:38.752329752,38.75,2.46,Q3
69,INT-020,4,2025-03-11 00:20:00,2025-03-11 00:20:39.127314947,39.13,0.0,Q4
69,INT-020,5,2025-03-11 00:25:00,2025-03-11 00:25:32.170626431,32.17,12.1,Q5
69,INT-020,6,2025-03-11 00:30:00,2025-03-11 00:30:30.629391932,30.63,9.84,Q6
69,INT-020,7,2025-03-11 00:35:00,2025-03-11 00:35:40.399763542,40.4,0.0,Q7
69,INT-020,8,2025-03-11 00:40:00,2025-03-11 00:40:32.585490908,32.59,9.23,Q8
69,INT-020,9,2025-03-11 00:45:00,2025-03-11 00:45:44.960790387,44.96,0.0,Q9
69,INT-020,10,2025-03-11 00:50:00,2025-03-11 00:50:35.675849354,35.68,2.5,Q10
69,INT-020,11,2025-03-11 00:55:00,2025-03-11 00:55:38.487720909,38.49,7.13,Q11
69,INT-020,12,2025-03-11 01:00:00,2025-03-11 01:00:38.139756960,38.14,15.25,Q12
69,INT-020,13,2025-03-11 01:05:00,2025-03-11 01:05:38.904395709,38.9,0.0,Q13
69,INT-020,14,2025-03-11 01:10:00,2025-03-11 01:10:34.376375747,34.38,16.9,Q14
69,INT-020,15,2025-03-11 01:15:00,2025-03-11 01:15:51.445783627,51.45,16.46,Q15
69,INT-020,16,2025-03-11 01:20:00,2025-03-11 01:20:36.260369802,36.26,0.7,Q16
69,INT-020,17,2025-03-11 01:25:00,2025-03-11 01:25:39.987111700,39.99,4.61,Q17
69,INT-020,18,2025-03-11 01:30:00,2025-03-11 01:30:41.352490115,41.35,20.34,Q18
69,INT-020,19,2025-03-11 01:35:00,2025-03-11 01:35:32.578894225,32.58,0.0,Q19
69,INT-020,20,2025-03-11 01:40:00,2025-03-11 01:40:30.225895696,30.23,22.23,Q20
70,INT-021,1,2025-03-12 00:05:00,2025-03-12 00:05:13.941532893,13.94,22.84,Q1
70,INT-021,2,2025-03-12 00:10:00,2025-03-12 00:10:13.235341274,13.24,11.22,Q2
70,INT-021,3,2025-03-12 00:15:00,2025-03-12 00:15:21.932825242,21.93,13.69,Q3
70,INT-021,4,2025-03-12 00:20:00,2025-03-12 00:20:17.861305287,17.86,5.67,Q4
70,INT-021,5,2025-03-12 00:25:00,2025-03-12 00:25:14.848787910,14.85,19.68,Q5
70,INT-021,6,2025-03-12 00:30:00,2025-03-12 00:30:21.124506020,21.12,24.5,Q6
70,INT-021,7,2025-03-12 00:35:00,2025-03-12 00:35:14.330343680,14.33,11.06,Q7
70,INT-021,8,2025-03-12 00:40:00,2025-03-12 00:40:25.009182416,25.01,22.85,Q8
70,INT-021,9,2025-03-12 00:45:00,2025-03-12 00:45:26.288925115,26.29,12.8,Q9
70,INT-021,10,2025-03-12 00:50:00,2025-03-12 00:50:19.029180225,19.03,8.36,Q10
70,INT-021,11,2025-03-12 00:55:00,2025-03-12 00:55:23.628890809,23.63,12.13,Q11
70,INT-021,12,2025-03-12 01:00:00,2025-03-12 01:00:26.531233547,26.53,7.19,Q12
70,INT-021,13,2025-03-12 01:05:00,2025-03-12 01:05:27.918421472,27.92,11.49,Q13
70,INT-021,14,2025-03-12 01:10:00,2025-03-12 01:10:19.558234013,19.56,13.31,Q14
70,INT-021,15,2025-03-12 01:15:00,2025-03-12 01:15:30.038735140,30.04,9.27,Q15
70,INT-021,16,2025-03-12 01:20:00,2025-03-12 01:20:23.278108382,23.28,0.51,Q16
70,INT-021,17,2025-03-12 01:25:00,2025-03-12 01:25:21.357116162,21.36,5.42,Q17
70,INT-021,18,2025-03-12 01:30:00,2025-03-12 01:30:19.268839146,19.27,22.79,Q18
70,INT-021,19,2025-03-12 01:35:00,2025-03-12 01:35:13.601281326,13.6,13.08,Q19
70,INT-021,20,2025-03-12 01:40:00,2025-03-12 01:40:18.197263109,18.2,12.53,Q20
71,INT-022,1,2025-03-13 00:05:00,2025-03-13 00:05:25.764454762,25.76,2.68,Q1
71,INT-022,2,2025-03-13 00:10:00,2025-03-13 00:10:23.327571523,23.33,12.91,Q2
71,INT-022,3,2025-03-13 00:15:00,2025-03-13 00:15:20.940111516,20.94,8.51,Q3
71,INT-022,4,2025-03-13 00:20:00,2025-03-13 00:20:19.500396158,19.5,9.92,Q4
71,INT-022,5,2025-03-13 00:25:00,2025-03-13 00:25:26.645209070,26.65,17.95,Q5
71,INT-022,6,2025-03-13 00:30:00,2025-03-13 00:30:28.887511158,28.89,1.67,Q6
71,INT-022,7,2025-03-13 00:35:00,2025-03-13 00:35:17.236513988,17.24,8.94,Q7
71,INT-022,8,2025-03-13 00:40:00,2025-03-13 00:40:18.452785986,18.45,8.92,Q8
71,INT-022,9,2025-03-13 00:45:00,2025-03-13 00:45:23.205112418,23.21,2.4,Q9
71,INT-022,10,2025-03-13 00:50:00,2025-03-13 00:50:21.542428556,21.54,0.0,Q10
71,INT-022,11,2025-03-13 00:55:00,2025-03-13 00:55:24.191205273,24.19,12.47,Q11
71,INT-022,12,2025-03-13 01:00:00,2025-03-13 01:00:23.085343680,23.09,25.74,Q12
71,INT-022,13,2025-03-13 01:05:00,2025-03-13 01:05:25.664018457,25.66,4.27,Q13
71,INT-022,14,2025-03-13 01:10:00,2025-03-13 01:10:19.759422099,19.76,0.0,Q14
71,INT-022,15,2025-03-13 01:15:00,2025-03-13 01:15:22.443560423,22.44,10.65,Q15
71,INT-022,16,2025-03-13 01:20:00,2025-03-13 01:20:20.339430384,20.34,3.56,Q16
71,INT-022,17,2025-03-13 01:25:00,2025-03-13 01:25:26.089429936,26.09,19.6,Q17
71,INT-022,18,2025-03-13 01:30:00,2025-03-13 01:30:25.216100299,25.22,3.36,Q18
71,INT-022,19,2025-03-13 01:35:00,2025-03-13 01:35:20.791986484,20.79,21.93,Q19
71,INT-022,20,2025-03-13 01:40:00,2025-03-13 01:40:14.517954414,14.52,17.26,Q20
72,INT-023,1,2025-03-14 00:05:00,2025-03-14 00:05:19.638760754,19.64,17.41,Q1
72,INT-023,2,2025-03-14 00:10:00,2025-03-14 00:10:22.398949547,22.4,16.89,Q2
72,INT-023,3,2025-03-14 00:15:00,2025-03-14 00:15:23.123392513,23.12,0.0,Q3
72,INT-023,4,2025-03-14 00:20:00,2025-03-14 00:20:23.925303450,23.93,1.3,Q4
72,INT-023,5,2025-03-14 00:25:00,2025-03-14 00:25:25.828291256,25.83,14.73,Q5
72,INT-023,6,2025-03-14 00:30:00,2025-03-14 00:30:20.664149902,20.66,18.6,Q6
72,INT-023,7,2025-03-14 00:35:00,2025-03-14 00:35:23.206204857,23.21,0.0,Q7
72,INT-023,8,2025-03-14 00:40:00,2025-03-14 00:40:21.148420252,21.15,13.77,Q8
72,INT-023,9,2025-03-14 00:45:00,2025-03-14 00:45:25.517600379,25.52,0.0,Q9
72,INT-023,10,2025-03-14 00:50:00,2025-03-14 00:50:22.328257774,22.33,11.15,Q10
72,INT-023,11,2025-03-14 00:55:00,2025-03-14 00:55:25.215446646,25.22,11.07,Q11
72,INT-023,12,2025-03-14 01:00:00,2025-03-14 01:00:30.865745776,30.87,8.92,Q12
72,INT-023,13,2025-03-14 01:05:00,2025-03-14 01:05:22.388507139,22.39,0.0,Q13
72,INT-023,14,2025-03-14 01:10:00,2025-03-14 01:10:17.449985361,17.45,4.53,Q14
72,INT-023,15,2025-03-14 01:15:00,2025-03-14 01:15:19.851609608,19.85,2.03,Q15
72,INT-023,16,2025-03-14 01:20:00,2025-03-14 01:20:16.475676518,16.48,20.58,Q16
72,INT-023,17,2025-03-14 01:25:00,2025-03-14 01:25:25.417821563,25.42,10.56,Q17
72,INT-023,18,2025-03-14 01:30:00,2025-03-14 01:30:27.027000243,27.03,10.01,Q18
72,INT-023,19,2025-03-14 01:35:00,2025-03-14 01:35:24.119583849,24.12,23.91,Q19
72,INT-023,20,2025-03-14 01:40:00,2025-03-14 01:40:23.826091422,23.83,1.6,Q20
73,INT-024,1,2025-03-15 00:05:00,2025-03-15 00:05:30.065653853,30.07,9.75,Q1
73,INT-024,2,2025-03-15 00:10:00,2025-03-15 00:10:24.121087454,24.12,6.76,Q2
73,INT-024,3,2025-03-15 00:15:00,2025-03-15 00:15:35.188853211,35.19,0.0,Q3
73,INT-024,4,2025-03-15 00:20:00,2025-03-15 00:20:18.569448920,18.57,26.78,Q4
73,INT-024,5,2025-03-15 00:25:00,2025-03-15 00:25:23.418705674,23.42,0.0,Q5
73,INT-024,6,2025-03-15 00:30:00,2025-03-15 00:30:23.962087522,23.96,9.43,Q6
73,INT-024,7,2025-03-15 00:35:00,2025-03-15 00:35:31.100224069,31.1,16.0,Q7
73,INT-024,8,2025-03-15 00:40:00,2025-03-15 00:40:27.833754949,27.83,0.0,Q8
73,INT-024,9,2025-03-15 00:45:00,2025-03-15 00:45:30.091479482,30.09,0.0,Q9
73,INT-024,10,2025-03-15 00:50:00,2025-03-15 00:50:14.157250095,14.16,0.0,Q10
73,INT-024,11,2025-03-15 00:55:00,2025-03-15 00:55:22.510324781,22.51,0.0,Q11
73,INT-024,12,2025-03-15 01:00:00,2025-03-15 01:00:18.094490568,18.09,4.7,Q12
73,INT-024,13,2025-03-15 01:05:00,2025-03-15 01:05:31.377491586,31.38,7.86,Q13
73,INT-024,14,2025-03-15 01:10:00,2025-03-15 01:10:24.993393314,24.99,9.02,Q14
73,INT-024,15,2025-03-15 01:15:00,2025-03-15 01:15:32.457113935,32.46,0.0,Q15
73,INT-024,16,2025-03-15 01:20:00,2025-03-15 01:20:28.918149364,28.92,10.88,Q16
73,INT-024,17,2025-03-15 01:25:00,2025-03-15 01:25:30.320893404,30.32,0.0,Q17
73,INT-024,18,2025-03-15 01:30:00,2025-03-15 01:30:25.304799425,25.3,9.88,Q18
73,INT-024,19,2025-03-15 01:35:00,2025-03-15 01:35:26.024186793,26.02,13.53,Q19
73,INT-024,20,2025-03-15 01:40:00,2025-03-15 01:40:26.858747329,26.86,0.0,Q20
74,INT-025,1,2025-03-16 00:05:00,2025-03-16 00:05:26.206602953,26.21,0.0,Q1
74,INT-025,2,2025-03-16 00:10:00,2025-03-16 00:10:36.435167226,36.44,21.46,Q2
74,INT-025,3,2025-03-16 00:15:00,2025-03-16 00:15:25.527436584,25.53,0.0,Q3
74,INT-025,4,2025-03-16 00:20:00,2025-03-16 00:20:24.662950347,24.66,10.03,Q4
74,INT-025,5,2025-03-16 00:25:00,2025-03-16 00:25:30.372141202,30.37,6.1,Q5
74,INT-025,6,2025-03-16 00:30:00,2025-03-16 00:30:28.013285005,28.01,21.11,Q6
74,INT-025,7,2025-03-16 00:35:00,2025-03-16 00:35:36.810041485,36.81,21.18,Q7
74,INT-025,8,2025-03-16 00:40:00,2025-03-16 00:40:24.430348920,24.43,0.56,Q8
74,INT-025,9,2025-03-16 00:45:00,2025-03-16 00:45:26.580217781,26.58,9.39,Q9
74,INT-025,10,2025-03-16 00:50:00,2025-03-16 00:50:23.772601490,23.77,0.0,Q10
74,INT-025,11,2025-03-16 00:55:00,2025-03-16 00:55:23.996713052,24.0,0.0,Q11
74,INT-025,12,2025-03-16 01:00:00,2025-03-16 01:00:31.943761477,31.94,0.0,Q12
74,INT-025,13,2025-03-16 01:05:00,2025-03-16 01:05:23.734675684,23.73,0.0,Q13
74,INT-025,14,2025-03-16 01:10:00,2025-03-16 01:10:27.330157264,27.33,15.57,Q14
74,INT-025,15,2025-03-16 01:15:00,2025-03-16 01:15:36.446841754,36.45,14.78,Q15
74,INT-025,16,2025-03-16 01:20:00,2025-03-16 01:20:22.284682259,22.28,7.6,Q16
74,INT-025,17,2025-03-16 01:25:00,2025-03-16 01:25:26.793034379,26.79,0.0,Q17
74,INT-025,18,2025-03-16 01:30:00,2025-03-16 01:30:25.145226660,25.15,0.0,Q18
74,INT-025,19,2025-03-16 01:35:00,2025-03-16 01:35:29.897721681,29.9,12.58,Q19
74,INT-025,20,2025-03-16 01:40:00,2025-03-16 01:40:34.395574256,34.4,5.29,Q20
75,INT-001,1,2025-03-17 00:05:00,2025-03-17 00:05:27.476614211,27.48,10.73,Q1
75,INT-001,2,2025-03-17 00:10:00,2025-03-17 00:10:35.627018570,35.63,3.74,Q2
75,INT-001,3,2025-03-17 00:15:00,2025-03-17 00:15:34.385467831,34.39,7.65,Q3
75,INT-001,4,2025-03-17 00:20:00,2025-03-17 00:20:25.404049649,25.4,0.0,Q4
75,INT-001,5,2025-03-17 00:25:00,2025-03-17 00:25:29.417149977,29.42,14.95,Q5
75,INT-001,6,2025-03-17 00:30:00,2025-03-17 00:30:26.799712355,26.8,7.35,Q6
75,INT-001,7,2025-03-17 00:35:00,2025-03-17 00:35:29.541570898,29.54,15.82,Q7
75,INT-001,8,2025-03-17 00:40:00,2025-03-17 00:40:27.942784946,27.94,0.0,Q8
75,INT-001,9,2025-03-17 00:45:00,2025-03-17 00:45:31.910476992,31.91,11.71,Q9
75,INT-001,10,2025-03-17 00:50:00,2025-03-17 00:50:27.071672462,27.07,25.56,Q10
75,INT-001,11,2025-03-17 00:55:00,2025-03-17 00:55:29.728730690,29.73,7.42,Q11
75,INT-001,12,2025-03-17 01:00:00,2025-03-17 01:00:21.378462677,21.38,0.42,Q12
75,INT-001,13,2025-03-17 01:05:00,2025-03-17 01:05:27.535082619,27.54,8.97,Q13
75,INT-001,14,2025-03-17 01:10:00,2025-03-17 01:10:28.361892962,28.36,0.0,Q14
75,INT-001,15,2025-03-17 01:15:00,2025-03-17 01:15:31.035372365,31.04,6.16,Q15
75,INT-001,16,2025-03-17 01:20:00,2025-03-17 01:20:34.078014712,34.08,15.62,Q16
75,INT-001,17,2025-03-17 01:25:00,2025-03-17 01:25:28.397000274,28.4,21.64,Q17
75,INT-001,18,2025-03-17 01:30:00,2025-03-17 01:30:36.936678754,36.94,0.0,Q18
75,INT-001,19,2025-03-17 01:35:00,2025-03-17 01:35:32.064464436,32.06,19.94,Q19
75,INT-001,20,2025-03-17 01:40:00,2025-03-17 01:40:33.974436026,33.97,22.39,Q20
76,INT-002,1,2025-03-18 00:05:00,2025-03-18 00:05:29.317077657,29.32,1.81,Q1
76,INT-002,2,2025-03-18 00:10:00,2025-03-18 00:10:35.766583415,35.77,4.99,Q2
76,INT-002,3,2025-03-18 00:15:00,2025-03-18 00:15:30.107292725,30.11,6.7,Q3
76,INT-002,4,2025-03-18 00:20:00,2025-03-18 00:20:33.609267346,33.61,3.21,Q4
76,INT-002,5,2025-03-18 00:25:00,2025-03-18 00:25:23.247548240,23.25,3.23,Q5
76,INT-002,6,2025-03-18 00:30:00,2025-03-18 00:30:33.890102579,33.89,14.9,Q6
76,INT-002,7,2025-03-18 00:35:00,2025-03-18 00:35:30.986400693,30.99,16.1,Q7
76,INT-002,8,2025-03-18 00:40:00,2025-03-18 00:40:31.277886035,31.28,0.0,Q8
76,INT-002,9,2025-03-18 00:45:00,2025-03-18 00:45:37.376686363,37.38,0.0,Q9
76,INT-002,10,2025-03-18 00:50:00,2025-03-18 00:50:25.260419466,25.26,10.7,Q10
76,INT-002,11,2025-03-18 00:55:00,2025-03-18 00:55:32.989082743,32.99,0.02,Q11
76,INT-002,12,2025-03-18 01:00:00,2025-03-18 01:00:21.892815592,21.89,14.24,Q12
76,INT-002,13,2025-03-18 01:05:00,2025-03-18 01:05:33.456794982,33.46,25.13,Q13
76,INT-002,14,2025-03-18 01:10:00,2025-03-18 01:10:36.007034901,36.01,17.94,Q14
76,INT-002,15,2025-03-18 01:15:00,2025-03-18 01:15:32.829311658,32.83,15.41,Q15
76,INT-002,16,2025-03-18 01:20:00,2025-03-18 01:20:33.948975449,33.95,0.62,Q16
76,INT-002,17,2025-03-18 01:25:00,2025-03-18 01:25:23.397105148,23.4,10.11,Q17
76,INT-002,18,2025-03-18 01:30:00,2025-03-18 01:30:36.087973178,36.09,20.37,Q18
76,INT-002,19,2025-03-18 01:35:00,2025-03-18 01:35:39.012557818,39.01,1.79,Q19
76,INT-002,20,2025-03-18 01:40:00,2025-03-18 01:40:23.506483068,23.51,0.0,Q20
77,INT-003,1,2025-03-19 00:05:00,2025-03-19 00:05:36.026957788,36.03,8.78,Q1
77,INT-003,2,2025-03-19 00:10:00,2025-03-19 00:10:39.370810835,39.37,0.0,Q2
77,INT-003,3,2025-03-19 00:15:00,2025-03-19 00:15:32.991254042,32.99,5.27,Q3
77,INT-003,4,2025-03-19 00:20:00,2025-03-19 00:20:29.169119111,29.17,1.66,Q4
77,INT-003,5,2025-03-19 00:25:00,2025-03-19 00:25:26.934830603,26.93,8.32,Q5
77,INT-003,6,2025-03-19 00:30:00,2025-03-19 00:30:30.429384398,30.43,18.16,Q6
77,INT-003,7,2025-03-19 00:35:00,2025-03-19 00:35:29.543244140,29.54,12.73,Q7
77,INT-003,8,2025-03-19 00:40:00,2025-03-19 00:40:33.977556135,33.98,10.1,Q8
77,INT-003,9,2025-03-19 00:45:00,2025-03-19 00:45:36.649978185,36.65,4.0,Q9
77,INT-003,10,2025-03-19 00:50:00,2025-03-19 00:50:45.280995045,45.28,0.0,Q10
77,INT-003,11,2025-03-19 00:55:00,2025-03-19 00:55:34.590058869,34.59,18.47,Q11
77,INT-003,12,2025-03-19 01:00:00,2025-03-19 01:00:34.304249563,34.3,10.11,Q12
77,INT-003,13,2025-03-19 01:05:00,2025-03-19 01:05:34.597650160,34.6,1.28,Q13
77,INT-003,14,2025-03-19 01:10:00,2025-03-19 01:10:37.376401688,37.38,16.78,Q14
77,INT-003,15,2025-03-19 01:15:00,2025-03-19 01:15:40.989431043,40.99,5.49,Q15
77,INT-003,16,2025-03-19 01:20:00,2025-03-19 01:20:36.703090494,36.7,10.89,Q16
77,INT-003,17,2025-03-19 01:25:00,2025-03-19 01:25:42.485267194,42.49,0.0,Q17
77,INT-003,18,2025-03-19 01:30:00,2025-03-19 01:30:36.688406842,36.69,0.0,Q18
77,INT-003,19,2025-03-19 01:35:00,2025-03-19 01:35:33.595924041,33.6,0.0,Q19
77,INT-003,20,2025-03-19 01:40:00,2025-03-19 01:40:35.920907218,35.92,5.96,Q20
78,INT-004,1,2025-03-20 00:05:00,2025-03-20 00:05:31.476595327,31.48,1.59,Q1
78,INT-004,2,2025-03-20 00:10:00,2025-03-20 00:10:33.687717881,33.69,6.4,Q2
78,INT-004,3,2025-03-20 00:15:00,2025-03-20 00:15:41.888881496,41.89,13.04,Q3
78,INT-004,4,2025-03-20 00:20:00,2025-03-20 00:20:39.170014680,39.17,13.8,Q4
78,INT-004,5,2025-03-20 00:25:00,2025-03-20 00:25:35.478195148,35.48,4.24,Q5
78,INT-004,6,2025-03-20 00:30:00,2025-03-20 00:30:31.429784699,31.43,10.3,Q6
78,INT-004,7,2025-03-20 00:35:00,2025-03-20 00:35:41.382685829,41.38,0.0,Q7
78,INT-004,8,2025-03-20 00:40:00,2025-03-20 00:40:37.152125991,37.15,3.08,Q8
78,INT-004,9,2025-03-20 00:45:00,2025-03-20 00:45:37.620307290,37.62,9.19,Q9
78,INT-004,10,2025-03-20 00:50:00,2025-03-20 00:50:41.077996182,41.08,13.91,Q10
78,INT-004,11,2025-03-20 00:55:00,2025-03-20 00:55:41.014602966,41.01,0.0,Q11
78,INT-004,12,2025-03-20 01:00:00,2025-03-20 01:00:42.159223393,42.16,19.49,Q12
78,INT-004,13,2025-03-20 01:05:00,2025-03-20 01:05:36.719206652,36.72,1.42,Q13
78,INT-004,14,2025-03-20 01:10:00,2025-03-20 01:10:41.434841250,41.43,11.86,Q14
78,INT-004,15,2025-03-20 01:15:00,2025-03-20 01:15:21.940713563,21.94,6.99,Q15
78,INT-004,16,2025-03-20 01:20:00,2025-03-20 01:20:34.194012970,34.19,3.71,Q16
78,INT-004,17,2025-03-20 01:25:00,2025-03-20 01:25:34.989466373,34.99,0.0,Q17
78,INT-004,18,2025-03-20 01:30:00,2025-03-20 01:30:34.935152076,34.94,9.76,Q18
78,INT-004,19,2025-03-20 01:35:00,2025-03-20 01:35:43.131296558,43.13,22.15,Q19
78,INT-004,20,2025-03-20 01:40:00,2025-03-20 01:40:29.518501187,29.52,18.59,Q20
79,INT-005,1,2025-03-21 00:05:00,2025-03-21 00:05:42.611688619,42.61,13.19,Q1
79,INT-005,2,2025-03-21 00:10:00,2025-03-21 00:10:41.489577832,41.49,10.26,Q2
79,INT-005,3,2025-03-21 00:15:00,2025-03-21 00:15:37.350453104,37.35,11.9,Q3
79,INT-005,4,2025-03-21 00:20:00,2025-03-21 00:20:32.446792352,32.45,7.61,Q4
79,INT-005,5,2025-03-21 00:25:00,2025-03-21 00:25:39.565088658,39.57,19.33,Q5
79,INT-005,6,2025-03-21 00:30:00,2025-03-21 00:30:41.771566026,41.77,0.0,Q6
79,INT-005,7,2025-03-21 00:35:00,2025-03-21 00:35:45.002954161,45.0,9.79,Q7
79,INT-005,8,2025-03-21 00:40:00,2025-03-21 00:40:33.219447566,33.22,0.19,Q8
79,INT-005,9,2025-03-21 00:45:00,2025-03-21 00:45:40.559738846,40.56,0.0,Q9
79,INT-005,10,2025-03-21 00:50:00,2025-03-21 00:50:40.586494715,40.59,10.61,Q10
79,INT-005,11,2025-03-21 00:55:00,2025-03-21 00:55:28.959658250,28.96,14.29,Q11
79,INT-005,12,2025-03-21 01:00:00,2025-03-21 01:00:45.158867756,45.16,21.34,Q12
79,INT-005,13,2025-03-21 01:05:00,2025-03-21 01:05:46.013401683,46.01,3.82,Q13
79,INT-005,14,2025-03-21 01:10:00,2025-03-21 01:10:39.598940697,39.6,11.9,Q14
79,INT-005,15,2025-03-21 01:15:00,2025-03-21 01:15:40.986409793,40.99,9.29,Q15
79,INT-005,16,2025-03-21 01:20:00,2025-03-21 01:20:34.011828185,34.01,18.74,Q16
79,INT-005,17,2025-03-21 01:25:00,2025-03-21 01:25:34.745203551,34.75,13.76,Q17
79,INT-005,18,2025-03-21 01:30:00,2025-03-21 01:30:41.462832986,41.46,9.8,Q18
79,INT-005,19,2025-03-21 01:35:00,2025-03-21 01:35:38.140654042,38.14,6.28,Q19
79,INT-005,20,2025-03-21 01:40:00,2025-03-21 01:40:40.206804507,40.21,18.61,Q20
80,INT-006,1,2025-03-22 00:05:00,2025-03-22 00:05:13.227148950,13.23,7.88,Q1
80,INT-006,2,2025-03-22 00:10:00,2025-03-22 00:10:12.793956646,12.79,2.59,Q2
80,INT-006,3,2025-03-22 00:15:00,2025-03-22 00:15:23.957329695,23.96,0.0,Q3
80,INT-006,4,2025-03-22 00:20:00,2025-03-22 00:20:17.810542809,17.81,7.55,Q4
80,INT-006,5,2025-03-22 00:25:00,2025-03-22 00:25:18.127207251,18.13,23.88,Q5
80,INT-006,6,2025-03-22 00:30:00,2025-03-22 00:30:23.862555995,23.86,13.76,Q6
80,INT-006,7,2025-03-22 00:35:00,2025-03-22 00:35:17.601973939,17.6,18.47,Q7
80,INT-006,8,2025-03-22 00:40:00,2025-03-22 00:40:23.782270701,23.78,4.66,Q8
80,INT-006,9,2025-03-22 00:45:00,2025-03-22 00:45:14.885969261,14.89,9.71,Q9
80,INT-006,10,2025-03-22 00:50:00,2025-03-22 00:50:24.772996601,24.77,26.66,Q10
80,INT-006,11,2025-03-22 00:55:00,2025-03-22 00:55:24.969681092,24.97,0.0,Q11
80,INT-006,12,2025-03-22 01:00:00,2025-03-22 01:00:20.566753958,20.57,10.89,Q12
80,INT-006,13,2025-03-22 01:05:00,2025-03-22 01:05:18.320671635,18.32,17.68,Q13
80,INT-006,14,2025-03-22 01:10:00,2025-03-22 01:10:18.038033375,18.04,6.15,Q14
80,INT-006,15,2025-03-22 01:15:00,2025-03-22 01:15:11.001243452,11.0,12.96,Q15
80,INT-006,16,2025-03-22 01:20:00,2025-03-22 01:20:20.482672195,20.48,29.12,Q16
80,INT-006,17,2025-03-22 01:25:00,2025-03-22 01:25:15.663002117,15.66,8.47,Q17
80,INT-006,18,2025-03-22 01:30:00,2025-03-22 01:30:13.916201742,13.92,4.03,Q18
80,INT-006,19,2025-03-22 01:35:00,2025-03-22 01:35:19.380443786,19.38,15.75,Q19
80,INT-006,20,2025-03-22 01:40:00,2025-03-22 01:40:27.499733687,27.5,19.0,Q20
81,INT-007,1,2025-03-23 00:05:00,2025-03-23 00:05:26.390576877,26.39,0.0,Q1
81,INT-007,2,2025-03-23 00:10:00,2025-03-23 00:10:23.897125022,23.9,0.0,Q2
81,INT-007,3,2025-03-23 00:15:00,2025-03-23 00:15:23.574473265,23.57,14.37,Q3
81,INT-007,4,2025-03-23 00:20:00,2025-03-23 00:20:20.466707949,20.47,0.0,Q4
81,INT-007,5,2025-03-23 00:25:00,2025-03-23 00:25:24.501651095,24.5,5.83,Q5
81,INT-007,6,2025-03-23 00:30:00,2025-03-23 00:30:25.482031691,25.48,0.0,Q6
81,INT-007,7,2025-03-23 00:35:00,2025-03-23 00:35:19.820821823,19.82,16.88,Q7
81,INT-007,8,2025-03-23 00:40:00,2025-03-23 00:40:14.708893457,14.71,15.44,Q8
81,INT-007,9,2025-03-23 00:45:00,2025-03-23 00:45:18.800280669,18.8,7.86,Q9
81,INT-007,10,2025-03-23 00:50:00,2025-03-23 00:50:25.423660471,25.42,0.0,Q10
81,INT-007,11,2025-03-23 00:55:00,2025-03-23 00:55:20.286521973,20.29,0.0,Q11
81,INT-007,12,2025-03-23 01:00:00,2025-03-23 01:00:26.849405950,26.85,0.0,Q12
81,INT-007,13,2025-03-23 01:05:00,2025-03-23 01:05:17.022916161,17.02,0.0,Q13
81,INT-007,14,2025-03-23 01:10:00,2025-03-23 01:10:18.582590428,18.58,8.24,Q14
81,INT-007,15,2025-03-23 01:15:00,2025-03-23 01:15:25.366122443,25.37,0.0,Q15
81,INT-007,16,2025-03-23 01:20:00,2025-03-23 01:20:31.202578532,31.2,12.02,Q16
81,INT-007,17,2025-03-23 01:25:00,2025-03-23 01:25:20.968793555,20.97,20.03,Q17
81,INT-007,18,2025-03-23 01:30:00,2025-03-23 01:30:24.590590704,24.59,7.92,Q18
81,INT-007,19,2025-03-23 01:35:00,2025-03-23 01:35:20.318366087,20.32,13.44,Q19
81,INT-007,20,2025-03-23 01:40:00,2025-03-23 01:40:18.832681827,18.83,7.12,Q20
82,INT-008,1,2025-03-24 00:05:00,2025-03-24 00:05:28.232983037,28.23,0.0,Q1
82,INT-008,2,2025-03-24 00:10:00,2025-03-24 00:10:26.757956850,26.76,7.65,Q2
82,INT-008,3,2025-03-24 00:15:00,2025-03-24 00:15:15.249049517,15.25,15.6,Q3
82,INT-008,4,2025-03-24 00:20:00,2025-03-24 00:20:17.200919388,17.2,19.0,Q4
82,INT-008,5,2025-03-24 00:25:00,2025-03-24 00:25:20.313469349,20.31,8.74,Q5
82,INT-008,6,2025-03-24 00:30:00,2025-03-24 00:30:17.495228212,17.5,22.89,Q6
82,INT-008,7,2025-03-24 00:35:00,2025-03-24 00:35:26.954403109,26.95,13.4,Q7
82,INT-008,8,2025-03-24 00:40:00,2025-03-24 00:40:19.264906393,19.26,0.0,Q8
82,INT-008,9,2025-03-24 00:45:00,2025-03-24 00:45:26.450910951,26.45,5.81,Q9
82,INT-008,10,2025-03-24 00:50:00,2025-03-24 00:50:23.393035335,23.39,9.27,Q10
82,INT-008,11,2025-03-24 00:55:00,2025-03-24 00:55:20.846890872,20.85,14.59,Q11
82,INT-008,12,2025-03-24 01:00:00,2025-03-24 01:00:21.242839414,21.24,8.87,Q12
82,INT-008,13,2025-03-24 01:05:00,2025-03-24 01:05:24.293754921,24.29,12.53,Q13
82,INT-008,14,2025-03-24 01:10:00,2025-03-24 01:10:19.753390984,19.75,15.42,Q14
82,INT-008,15,2025-03-24 01:15:00,2025-03-24 01:15:20.457986929,20.46,9.83,Q15
82,INT-008,16,2025-03-24 01:20:00,2025-03-24 01:20:21.903154842,21.9,12.63,Q16
82,INT-008,17,2025-03-24 01:25:00,2025-03-24 01:25:22.567420983,22.57,8.9,Q17
82,INT-008,18,2025-03-24 01:30:00,2025-03-24 01:30:29.079074284,29.08,14.81,Q18
82,INT-008,19,2025-03-24 01:35:00,2025-03-24 01:35:25.837783538,25.84,13.15,Q19
82,INT-008,20,2025-03-24 01:40:00,2025-03-24 01:40:16.753848310,16.75,10.89,Q20
83,INT-009,1,2025-03-25 00:05:00,2025-03-25 00:05:19.915672002,19.92,1.31,Q1
83,INT-009,2,2025-03-25 00:10:00,2025-03-25 00:10:33.796385749,33.8,16.03,Q2
83,INT-009,3,2025-03-25 00:15:00,2025-03-25 00:15:27.924917344,27.92,8.41,Q3
83,INT-009,4,2025-03-25 00:20:00,2025-03-25 00:20:21.896745773,21.9,13.42,Q4
83,INT-009,5,2025-03-25 00:25:00,2025-03-25 00:25:25.080136386,25.08,9.01,Q5
83,INT-009,6,2025-03-25 00:30:00,2025-03-25 00:30:32.899040411,32.9,0.0,Q6
83,INT-009,7,2025-03-25 00:35:00,2025-03-25 00:35:25.463659326,25.46,11.48,Q7
83,INT-009,8,2025-03-25 00:40:00,2025-03-25 00:40:27.201991175,27.2,12.41,Q8
83,INT-009,9,2025-03-25 00:45:00,2025-03-25 00:45:30.598214984,30.6,12.35,Q9
83,INT-009,10,2025-03-25 00:50:00,2025-03-25 00:50:24.050137997,24.05,27.36,Q10
83,INT-009,11,2025-03-25 00:55:00,2025-03-25 00:55:22.395192975,22.4,0.0,Q11
83,INT-009,12,2025-03-25 01:00:00,2025-03-25 01:00:26.354676572,26.35,8.8,Q12
83,INT-009,13,2025-03-25 01:05:00,2025-03-25 01:05:30.184933002,30.18,15.63,Q13
83,INT-009,14,2025-03-25 01:10:00,2025-03-25 01:10:27.582709513,27.58,19.61,Q14
83,INT-009,15,2025-03-25 01:15:00,2025-03-25 01:15:22.172841496,22.17,9.1,Q15
83,INT-009,16,2025-03-25 01:20:00,2025-03-25 01:20:25.652721269,25.65,5.62,Q16
83,INT-009,17,2025-03-25 01:25:00,2025-03-25 01:25:32.569081163,32.57,11.22,Q17
83,INT-009,18,2025-03-25 01:30:00,2025-03-25 01:30:28.942120508,28.94,11.32,Q18
83,INT-009,19,2025-03-25 01:35:00,2025-03-25 01:35:27.690707070,27.69,0.0,Q19
83,INT-009,20,2025-03-25 01:40:00,2025-03-25 01:40:25.635585455,25.64,9.14,Q20
84,INT-010,1,2025-03-26 00:05:00,2025-03-26 00:05:26.695032541,26.7,25.5,Q1
84,INT-010,2,2025-03-26 00:10:00,2025-03-26 00:10:28.645680802,28.65,0.0,Q2
84,INT-010,3,2025-03-26 00:15:00,2025-03-26 00:15:27.260926609,27.26,10.92,Q3
84,INT-010,4,2025-03-26 00:20:00,2025-03-26 00:20:32.860506034,32.86,0.0,Q4
84,INT-010,5,2025-03-26 00:25:00,2025-03-26 00:25:31.528151164,31.53,0.0,Q5
84,INT-010,6,2025-03-26 00:30:00,2025-03-26 00:30:30.549953902,30.55,13.67,Q6
84,INT-010,7,2025-03-26 00:35:00,2025-03-26 00:35:33.428567988,33.43,11.49,Q7
84,INT-010,8,2025-03-26 00:40:00,2025-03-26 00:40:27.534754444,27.53,2.92,Q8
84,INT-010,9,2025-03-26 00:45:00,2025-03-26 00:45:27.172190764,27.17,14.07,Q9
84,INT-010,10,2025-03-26 00:50:00,2025-03-26 00:50:31.848798578,31.85,5.85,Q10
84,INT-010,11,2025-03-26 00:55:00,2025-03-26 00:55:25.400780761,25.4,0.0,Q11
84,INT-010,12,2025-03-26 01:00:00,2025-03-26 01:00:18.860414980,18.86,9.89,Q12
84,INT-010,13,2025-03-26 01:05:00,2025-03-26 01:05:35.604386819,35.6,0.0,Q13
84,INT-010,14,2025-03-26 01:10:00,2025-03-26 01:10:34.253446195,34.25,11.87,Q14
84,INT-010,15,2025-03-26 01:15:00,2025-03-26 01:15:34.175610257,34.18,23.91,Q15
84,INT-010,16,2025-03-26 01:20:00,2025-03-26 01:20:32.179271565,32.18,0.0,Q16
84,INT-010,17,2025-03-26 01:25:00,2025-03-26 01:25:30.571729086,30.57,5.95,Q17
84,INT-010,18,2025-03-26 01:30:00,2025-03-26 01:30:25.451809235,25.45,22.19,Q18
84,INT-010,19,2025-03-26 01:35:00,2025-03-26 01:35:38.873048750,38.87,0.0,Q19
84,INT-010,20,2025-03-26 01:40:00,2025-03-26 01:40:25.013403615,25.01,18.79,Q20
85,INT-011,1,2025-03-27 00:05:00,2025-03-27 00:05:34.022237564,34.02,17.64,Q1
85,INT-011,2,2025-03-27 00:10:00,2025-03-27 00:10:32.793721016,32.79,4.77,Q2
85,INT-011,3,2025-03-27 00:15:00,2025-03-27 00:15:27.334565953,27.33,0.0,Q3
85,INT-011,4,2025-03-27 00:20:00,2025-03-27 00:20:29.598319660,29.6,0.0,Q4
85,INT-011,5,2025-03-27 00:25:00,2025-03-27 00:25:37.117163633,37.12,0.0,Q5
85,INT-011,6,2025-03-27 00:30:00,2025-03-27 00:30:39.193555779,39.19,0.0,Q6
85,INT-011,7,2025-03-27 00:35:00,2025-03-27 00:35:25.705315885,25.71,3.22,Q7
85,INT-011,8,2025-03-27 00:40:00,2025-03-27 00:40:39.374790492,39.37,11.6,Q8
85,INT-011,9,2025-03-27 00:45:00,2025-03-27 00:45:19.749454465,19.75,2.66,Q9
85,INT-011,10,2025-03-27 00:50:00,2025-03-27 00:50:32.862406707,32.86,0.0,Q10
85,INT-011,11,2025-03-27 00:55:00,2025-03-27 00:55:39.153217942,39.15,0.0,Q11
85,INT-011,12,2025-03-27 01:00:00,2025-03-27 01:00:30.432138789,30.43,6.26,Q12
85,INT-011,13,2025-03-27 01:05:00,2025-03-27 01:05:30.537539477,30.54,0.0,Q13
85,INT-011,14,2025-03-27 01:10:00,2025-03-27 01:10:26.693552785,26.69,7.63,Q14
85,INT-011,15,2025-03-27 01:15:00,2025-03-27 01:15:28.191271223,28.19,3.03,Q15
85,INT-011,16,2025-03-27 01:20:00,2025-03-27 01:20:24.156909908,24.16,11.38,Q16
85,INT-011,17,2025-03-27 01:25:00,2025-03-27 01:25:28.856120015,28.86,0.0,Q17
85,INT-011,18,2025-03-27 01:30:00,2025-03-27 01:30:25.298027928,25.3,13.4,Q18
85,INT-011,19,2025-03-27 01:35:00,2025-03-27 01:35:32.491898934,32.49,10.13,Q19
85,INT-011,20,2025-03-27 01:40:00,2025-03-27 01:40:29.133910397,29.13,0.0,Q20
86,INT-012,1,2025-03-28 00:05:00,2025-03-28 00:05:36.278613139,36.28,0.0,Q1
86,INT-012,2,2025-03-28 00:10:00,2025-03-28 00:10:32.090341652,32.09,0.0,Q2
86,INT-012,3,2025-03-28 00:15:00,2025-03-28 00:15:30.152548017,30.15,0.0,Q3
86,INT-012,4,2025-03-28 00:20:00,2025-03-28 00:20:35.894713628,35.89,3.12,Q4
86,INT-012,5,2025-03-28 00:25:00,2025-03-28 00:25:28.368811013,28.37,11.59,Q5
86,INT-012,6,2025-03-28 00:30:00,2025-03-28 00:30:39.872629133,39.87,13.39,Q6
86,INT-012,7,2025-03-28 00:35:00,2025-03-28 00:35:29.352969243,29.35,20.15,Q7
86,INT-012,8,2025-03-28 00:40:00,2025-03-28 00:40:26.926751371,26.93,0.0,Q8
86,INT-012,9,2025-03-28 00:45:00,2025-03-28 00:45:28.607590165,28.61,1.3,Q9
86,INT-012,10,2025-03-28 00:50:00,2025-03-28 00:50:31.290912143,31.29,35.55,Q10
86,INT-012,11,2025-03-28 00:55:00,2025-03-28 00:55:36.359984587,36.36,0.0,Q11
86,INT-012,12,2025-03-28 01:00:00,2025-03-28 01:00:36.970832167,36.97,0.0,Q12
86,INT-012,13,2025-03-28 01:05:00,2025-03-28 01:05:31.286165346,31.29,7.94,Q13
86,INT-012,14,2025-03-28 01:10:00,2025-03-28 01:10:36.869993138,36.87,14.17,Q14
86,INT-012,15,2025-03-28 01:15:00,2025-03-28 01:15:27.086606338,27.09,7.97,Q15
86,INT-012,16,2025-03-28 01:20:00,2025-03-28 01:20:30.907319023,30.91,19.43,Q16
86,INT-012,17,2025-03-28 01:25:00,2025-03-28 01:25:39.334977912,39.33,9.33,Q17
86,INT-012,18,2025-03-28 01:30:00,2025-03-28 01:30:29.585554233,29.59,21.42,Q18
86,INT-012,19,2025-03-28 01:35:00,2025-03-28 01:35:29.062104027,29.06,2.5,Q19
86,INT-012,20,2025-03-28 01:40:00,2025-03-28 01:40:34.829395834,34.83,0.0,Q20
87,INT-013,1,2025-03-29 00:05:00,2025-03-29 00:05:29.755796729,29.76,4.17,Q1
87,INT-013,2,2025-03-29 00:10:00,2025-03-29 00:10:35.065562720,35.07,21.91,Q2
87,INT-013,3,2025-03-29 00:15:00,2025-03-29 00:15:29.085845460,29.09,12.81,Q3
87,INT-013,4,2025-03-29 00:20:00,2025-03-29 00:20:35.724869272,35.72,3.65,Q4
87,INT-013,5,2025-03-29 00:25:00,2025-03-29 00:25:38.620432663,38.62,12.44,Q5
87,INT-013,6,2025-03-29 00:30:00,2025-03-29 00:30:28.211712698,28.21,0.0,Q6
87,INT-013,7,2025-03-29 00:35:00,2025-03-29 00:35:30.460399367,30.46,15.41,Q7
87,INT-013,8,2025-03-29 00:40:00,2025-03-29 00:40:39.499204615,39.5,4.59,Q8
87,INT-013,9,2025-03-29 00:45:00,2025-03-29 00:45:39.918886266,39.92,23.05,Q9
87,INT-013,10,2025-03-29 00:50:00,2025-03-29 00:50:32.768077145,32.77,1.89,Q10
87,INT-013,11,2025-03-29 00:55:00,2025-03-29 00:55:34.634906692,34.63,1.36,Q11
87,INT-013,12,2025-03-29 01:00:00,2025-03-29 01:00:35.963733860,35.96,12.86,Q12
87,INT-013,13,2025-03-29 01:05:00,2025-03-29 01:05:31.257809258,31.26,5.74,Q13
87,INT-013,14,2025-03-29 01:10:00,2025-03-29 01:10:37.850584798,37.85,2.1,Q14
87,INT-013,15,2025-03-29 01:15:00,2025-03-29 01:15:36.729024890,36.73,6.04,Q15
87,INT-013,16,2025-03-29 01:20:00,2025-03-29 01:20:28.922152736,28.92,11.25,Q16
87,INT-013,17,2025-03-29 01:25:00,2025-03-29 01:25:30.970795725,30.97,6.47,Q17
87,INT-013,18,2025-03-29 01:30:00,2025-03-29 01:30:29.338942897,29.34,3.02,Q18
87,INT-013,19,2025-03-29 01:35:00,2025-03-29 01:35:36.699821710,36.7,11.37,Q19
87,INT-013,20,2025-03-29 01:40:00,2025-03-29 01:40:43.545720501,43.55,13.59,Q20
88,INT-014,1,2025-03-30 00:05:00,2025-03-30 00:05:38.211213626,38.21,0.0,Q1
88,INT-014,2,2025-03-30 00:10:00,2025-03-30 00:10:32.417670152,32.42,5.65,Q2
88,INT-014,3,2025-03-30 00:15:00,2025-03-30 00:15:37.561562363,37.56,0.6,Q3
88,INT-014,4,2025-03-30 00:20:00,2025-03-30 00:20:31.071655840,31.07,11.16,Q4
88,INT-014,5,2025-03-30 00:25:00,2025-03-30 00:25:32.960494213,32.96,0.0,Q5
88,INT-014,6,2025-03-30 00:30:00,2025-03-30 00:30:30.488655572,30.49,7.66,Q6
88,INT-014,7,2025-03-30 00:35:00,2025-03-30 00:35:40.566475963,40.57,17.69,Q7
88,INT-014,8,2025-03-30 00:40:00,2025-03-30 00:40:38.177574309,38.18,8.86,Q8
88,INT-014,9,2025-03-30 00:45:00,2025-03-30 00:45:38.591187486,38.59,8.5,Q9
88,INT-014,10,2025-03-30 00:50:00,2025-03-30 00:50:42.046831679,42.05,6.32,Q10
88,INT-014,11,2025-03-30 00:55:00,2025-03-30 00:55:29.513995280,29.51,8.57,Q11
88,INT-014,12,2025-03-30 01:00:00,2025-03-30 01:00:29.016099532,29.02,0.0,Q12
88,INT-014,13,2025-03-30 01:05:00,2025-03-30 01:05:28.401974993,28.4,0.0,Q13
88,INT-014,14,2025-03-30 01:10:00,2025-03-30 01:10:36.782676779,36.78,0.0,Q14
88,INT-014,15,2025-03-30 01:15:00,2025-03-30 01:15:34.413819557,34.41,20.66,Q15
88,INT-014,16,2025-03-30 01:20:00,2025-03-30 01:20:19.923061389,19.92,5.86,Q16
88,INT-014,17,2025-03-30 01:25:00,2025-03-30 01:25:40.410312914,40.41,17.49,Q17
88,INT-014,18,2025-03-30 01:30:00,2025-03-30 01:30:32.063345929,32.06,3.13,Q18
88,INT-014,19,2025-03-30 01:35:00,2025-03-30 01:35:29.931442369,29.93,0.0,Q19
88,INT-014,20,2025-03-30 01:40:00,2025-03-30 01:40:31.017700473,31.02,21.08,Q20
89,INT-015,1,2025-03-31 00:05:00,2025-03-31 00:05:39.052108361,39.05,18.29,Q1
89,INT-015,2,2025-03-31 00:10:00,2025-03-31 00:10:30.684159552,30.68,0.0,Q2
89,INT-015,3,2025-03-31 00:15:00,2025-03-31 00:15:34.135038426,34.14,13.71,Q3
89,INT-015,4,2025-03-31 00:20:00,2025-03-31 00:20:37.510517454,37.51,9.08,Q4
89,INT-015,5,2025-03-31 00:25:00,2025-03-31 00:25:36.255629352,36.26,23.86,Q5
89,INT-015,6,2025-03-31 00:30:00,2025-03-31 00:30:33.579828183,33.58,9.7,Q6
89,INT-015,7,2025-03-31 00:35:00,2025-03-31 00:35:36.207336243,36.21,3.28,Q7
89,INT-015,8,2025-03-31 00:40:00,2025-03-31 00:40:37.093260860,37.09,8.7,Q8
89,INT-015,9,2025-03-31 00:45:00,2025-03-31 00:45:35.799547253,35.8,16.36,Q9
89,INT-015,10,2025-03-31 00:50:00,2025-03-31 00:50:45.721629906,45.72,2.81,Q10
89,INT-015,11,2025-03-31 00:55:00,2025-03-31 00:55:31.023482013,31.02,0.0,Q11
89,INT-015,12,2025-03-31 01:00:00,2025-03-31 01:00:38.814814089,38.81,2.86,Q12
89,INT-015,13,2025-03-31 01:05:00,2025-03-31 01:05:45.531312761,45.53,9.29,Q13
89,INT-015,14,2025-03-31 01:10:00,2025-03-31 01:10:28.517012940,28.52,8.91,Q14
89,INT-015,15,2025-03-31 01:15:00,2025-03-31 01:15:33.700186852,33.7,13.15,Q15
89,INT-015,16,2025-03-31 01:20:00,2025-03-31 01:20:45.345082137,45.35,15.7,Q16
89,INT-015,17,2025-03-31 01:25:00,2025-03-31 01:25:34.978382091,34.98,0.0,Q17
89,INT-015,18,2025-03-31 01:30:00,2025-03-31 01:30:37.760635081,37.76,0.0,Q18
89,INT-015,19,2025-03-31 01:35:00,2025-03-31 01:35:39.235384076,39.24,15.71,Q19
89,INT-015,20,2025-03-31 01:40:00,2025-03-31 01:40:32.561104074,32.56,0.0,Q20
90,INT-016,1,2025-04-01 00:05:00,2025-04-01 00:05:05.000000000,5.0,165.54,Q1
90,INT-016,2,2025-04-01 00:10:00,2025-04-01 00:10:05.000000000,5.0,119.71,Q2
90,INT-016,3,2025-04-01 00:15:00,2025-04-01 00:15:32.079162089,32.08,39.45,Q3
90,INT-016,4,2025-04-01 00:20:00,2025-04-01 00:20:34.604721212,34.6,170.55,Q4
90,INT-016,5,2025-04-01 00:25:00,2025-04-01 00:25:29.236310669,29.24,203.05,Q5
90,INT-016,6,2025-04-01 00:30:00,2025-04-01 00:30:05.000000000,5.0,248.04,Q6
90,INT-016,7,2025-04-01 00:35:00,2025-04-01 00:35:23.582738010,23.58,229.93,Q7
90,INT-016,8,2025-04-01 00:40:00,2025-04-01 00:41:02.199637957,62.2,77.42,Q8
90,INT-016,9,2025-04-01 00:45:00,2025-04-01 00:45:14.886315510,14.89,257.24,Q9
90,INT-016,10,2025-04-01 00:50:00,2025-04-01 00:50:05.000000000,5.0,0.0,Q10
90,INT-016,11,2025-04-01 00:55:00,2025-04-01 00:55:15.257466970,15.26,151.32,Q11
90,INT-016,12,2025-04-01 01:00:00,2025-04-01 01:00:05.000000000,5.0,203.96,Q12
90,INT-016,13,2025-04-01 01:05:00,2025-04-01 01:06:06.401942526,66.4,183.6,Q13
90,INT-016,14,2025-04-01 01:10:00,2025-04-01 01:10:12.917724353,12.92,165.7,Q14
90,INT-016,15,2025-04-01 01:15:00,2025-04-01 01:15:43.239581519,43.24,200.8,Q15
90,INT-016,16,2025-04-01 01:20:00,2025-04-01 01:20:09.955274476,9.96,252.78,Q16
90,INT-016,17,2025-04-01 01:25:00,2025-04-01 01:25:33.706057324,33.71,146.9,Q17
90,INT-016,18,2025-04-01 01:30:00,2025-04-01 01:30:17.077313437,17.08,231.87,Q18
90,INT-016,19,2025-04-01 01:35:00,2025-04-01 01:35:28.405571921,28.41,202.99,Q19
90,INT-016,20,2025-04-01 01:40:00,2025-04-01 01:40:47.805447405,47.81,188.02,Q20
91,INT-017,1,2025-04-02 00:05:00,2025-04-02 00:05:23.251282506,23.25,17.16,Q1
91,INT-017,2,2025-04-02 00:10:00,2025-04-02 00:10:26.916496493,26.92,19.7,Q2
91,INT-017,3,2025-04-02 00:15:00,2025-04-02 00:15:22.062493988,22.06,13.07,Q3
91,INT-017,4,2025-04-02 00:20:00,2025-04-02 00:20:19.135038831,19.14,17.35,Q4
91,INT-017,5,2025-04-02 00:25:00,2025-04-02 00:25:14.624930825,14.62,12.19,Q5
91,INT-017,6,2025-04-02 00:30:00,2025-04-02 00:30:26.973907645,26.97,12.8,Q6
91,INT-017,7,2025-04-02 00:35:00,2025-04-02 00:35:16.483562987,16.48,3.91,Q7
91,INT-017,8,2025-04-02 00:40:00,2025-04-02 00:40:19.835148798,19.84,0.0,Q8
91,INT-017,9,2025-04-02 00:45:00,2025-04-02 00:45:25.247974164,25.25,0.0,Q9
91,INT-017,10,2025-04-02 00:50:00,2025-04-02 00:50:08.811280224,8.81,5.49,Q10
91,INT-017,11,2025-04-02 00:55:00,2025-04-02 00:55:19.403243228,19.4,10.91,Q11
91,INT-017,12,2025-04-02 01:00:00,2025-04-02 01:00:26.919320562,26.92,5.65,Q12
91,INT-017,13,2025-04-02 01:05:00,2025-04-02 01:05:18.850923655,18.85,0.0,Q13
91,INT-017,14,2025-04-02 01:10:00,2025-04-02 01:10:22.408456080,22.41,0.0,Q14
91,INT-017,15,2025-04-02 01:15:00,2025-04-02 01:15:25.535542302,25.54,16.81,Q15
91,INT-017,16,2025-04-02 01:20:00,2025-04-02 01:20:19.403175487,19.4,2.83,Q16
91,INT-017,17,2025-04-02 01:25:00,2025-04-02 01:25:14.405604531,14.41,0.0,Q17
91,INT-017,18,2025-04-02 01:30:00,2025-04-02 01:30:20.813431885,20.81,10.57,Q18
91,INT-017,19,2025-04-02 01:35:00,2025-04-02 01:35:18.690748666,18.69,17.15,Q19
91,INT-017,20,2025-04-02 01:40:00,2025-04-02 01:40:22.766037084,22.77,0.0,Q20
92,INT-018,1,2025-04-03 00:05:00,2025-04-03 00:05:31.360470101,31.36,18.89,Q1
92,INT-018,2,2025-04-03 00:10:00,2025-04-03 00:10:20.678058276,20.68,20.29,Q2
92,INT-018,3,2025-04-03 00:15:00,2025-04-03 00:15:19.046163868,19.05,8.35,Q3
92,INT-018,4,2025-04-03 00:20:00,2025-04-03 00:20:19.430811239,19.43,0.0,Q4
92,INT-018,5,2025-04-03 00:25:00,2025-04-03 00:25:19.661736560,19.66,2.08,Q5
92,INT-018,6,2025-04-03 00:30:00,2025-04-03 00:30:31.719850561,31.72,11.83,Q6
92,INT-018,7,2025-04-03 00:35:00,2025-04-03 00:35:18.777946775,18.78,4.36,Q7
92,INT-018,8,2025-04-03 00:40:00,2025-04-03 00:40:22.986562139,22.99,26.32,Q8
92,INT-018,9,2025-04-03 00:45:00,2025-04-03 00:45:29.433549298,29.43,0.0,Q9
92,INT-018,10,2025-04-03 00:50:00,2025-04-03 00:50:24.561881240,24.56,0.0,Q10
92,INT-018,11,2025-04-03 00:55:00,2025-04-03 00:55:20.848291082,20.85,12.92,Q11
92,INT-018,12,2025-04-03 01:00:00,2025-04-03 01:00:23.480236962,23.48,15.38,Q12
92,INT-018,13,2025-04-03 01:05:00,2025-04-03 01:05:16.097229370,16.1,0.0,Q13
92,INT-018,14,2025-04-03 01:10:00,2025-04-03 01:10:24.263260831,24.26,16.83,Q14
92,INT-018,15,2025-04-03 01:15:00,2025-04-03 01:15:14.466255837,14.47,0.0,Q15
92,INT-018,16,2025-04-03 01:20:00,2025-04-03 01:20:23.937021819,23.94,9.88,Q16
92,INT-018,17,2025-04-03 01:25:00,2025-04-03 01:25:27.642332225,27.64,17.94,Q17
92,INT-018,18,2025-04-03 01:30:00,2025-04-03 01:30:21.088161349,21.09,7.52,Q18
92,INT-018,19,2025-04-03 01:35:00,2025-04-03 01:35:21.359389317,21.36,0.0,Q19
92,INT-018,20,2025-04-03 01:40:00,2025-04-03 01:40:29.937830371,29.94,18.01,Q20
93,INT-019,1,2025-04-04 00:05:00,2025-04-04 00:05:24.138404602,24.14,0.0,Q1
93,INT-019,2,2025-04-04 00:10:00,2025-04-04 00:10:24.792773031,24.79,12.87,Q2
93,INT-019,3,2025-04-04 00:15:00,2025-04-04 00:15:31.069939806,31.07,9.31,Q3
93,INT-019,4,2025-04-04 00:20:00,2025-04-04 00:20:24.684469892,24.68,17.39,Q4
93,INT-019,5,2025-04-04 00:25:00,2025-04-04 00:25:33.364652380,33.36,14.09,Q5
93,INT-019,6,2025-04-04 00:30:00,2025-04-04 00:30:19.702030681,19.7,0.0,Q6
93,INT-019,7,2025-04-04 00:35:00,2025-04-04 00:35:33.686929183,33.69,7.63,Q7
93,INT-019,8,2025-04-04 00:40:00,2025-04-04 00:40:21.217319402,21.22,4.19,Q8
93,INT-019,9,2025-04-04 00:45:00,2025-04-04 00:45:29.292405506,29.29,5.26,Q9
93,INT-019,10,2025-04-04 00:50:00,2025-04-04 00:50:21.161500275,21.16,0.0,Q10
93,INT-019,11,2025-04-04 00:55:00,2025-04-04 00:55:33.537650937,33.54,25.65,Q11
93,INT-019,12,2025-04-04 01:00:00,2025-04-04 01:00:40.249550566,40.25,12.05,Q12
93,INT-019,13,2025-04-04 01:05:00,2025-04-04 01:05:27.441439188,27.44,8.35,Q13
93,INT-019,14,2025-04-04 01:10:00,2025-04-04 01:10:20.318876522,20.32,13.36,Q14
93,INT-019,15,2025-04-04 01:15:00,2025-04-04 01:15:25.870813569,25.87,2.38,Q15
93,INT-019,16,2025-04-04 01:20:00,2025-04-04 01:20:28.783074561,28.78,3.32,Q16
93,INT-019,17,2025-04-04 01:25:00,2025-04-04 01:25:22.787380005,22.79,0.0,Q17
93,INT-019,18,2025-04-04 01:30:00,2025-04-04 01:30:25.625367342,25.63,6.85,Q18
93,INT-019,19,2025-04-04 01:35:00,2025-04-04 01:35:28.529251494,28.53,0.0,Q19
93,INT-019,20,2025-04-04 01:40:00,2025-04-04 01:40:21.444471631,21.44,1.77,Q20
94,INT-020,1,2025-04-05 00:05:00,2025-04-05 00:05:27.944133401,27.94,0.0,Q1
94,INT-020,2,2025-04-05 00:10:00,2025-04-05 00:10:38.262721057,38.26,8.9,Q2
94,INT-020,3,2025-04-05 00:15:00,2025-04-05 00:15:25.647338637,25.65,8.38,Q3
94,INT-020,4,2025-04-05 00:20:00,2025-04-05 00:20:25.423067486,25.42,32.83,Q4
94,INT-020,5,2025-04-05 00:25:00,2025-04-05 00:25:26.522737633,26.52,6.85,Q5
94,INT-020,6,2025-04-05 00:30:00,2025-04-05 00:30:28.441049800,28.44,0.0,Q6
94,INT-020,7,2025-04-05 00:35:00,2025-04-05 00:35:32.803778431,32.8,14.77,Q7
94,INT-020,8,2025-04-05 00:40:00,2025-04-05 00:40:29.954117702,29.95,9.21,Q8
94,INT-020,9,2025-04-05 00:45:00,2025-04-05 00:45:29.288252153,29.29,3.39,Q9
94,INT-020,10,2025-04-05 00:50:00,2025-04-05 00:50:23.185927669,23.19,21.56,Q10
94,INT-020,11,2025-04-05 00:55:00,2025-04-05 00:55:22.390055704,22.39,9.28,Q11
94,INT-020,12,2025-04-05 01:00:00,2025-04-05 01:00:16.818723839,16.82,19.69,Q12
94,INT-020,13,2025-04-05 01:05:00,2025-04-05 01:05:27.672972307,27.67,0.0,Q13
94,INT-020,14,2025-04-05 01:10:00,2025-04-05 01:10:29.300506925,29.3,8.51,Q14
94,INT-020,15,2025-04-05 01:15:00,2025-04-05 01:15:21.627419275,21.63,5.2,Q15
94,INT-020,16,2025-04-05 01:20:00,2025-04-05 01:20:28.510767550,28.51,24.53,Q16
94,INT-020,17,2025-04-05 01:25:00,2025-04-05 01:25:27.449636517,27.45,9.24,Q17
94,INT-020,18,2025-04-05 01:30:00,2025-04-05 01:30:30.019746791,30.02,13.84,Q18
94,INT-020,19,2025-04-05 01:35:00,2025-04-05 01:35:24.757804494,24.76,6.94,Q19
94,INT-020,20,2025-04-05 01:40:00,2025-04-05 01:40:37.690142981,37.69,13.79,Q20
95,INT-021,1,2025-04-06 00:05:00,2025-04-06 00:05:31.997633423,32.0,15.07,Q1
95,INT-021,2,2025-04-06 00:10:00,2025-04-06 00:10:34.423375505,34.42,9.12,Q2
95,INT-021,3,2025-04-06 00:15:00,2025-04-06 00:15:37.747702132,37.75,14.86,Q3
95,INT-021,4,2025-04-06 00:20:00,2025-04-06 00:20:20.523598563,20.52,13.86,Q4
95,INT-021,5,2025-04-06 00:25:00,2025-04-06 00:25:31.415953170,31.42,0.0,Q5
95,INT-021,6,2025-04-06 00:30:00,2025-04-06 00:30:33.315488371,33.32,0.0,Q6
95,INT-021,7,2025-04-06 00:35:00,2025-04-06 00:35:34.823002827,34.82,10.65,Q7
95,INT-021,8,2025-04-06 00:40:00,2025-04-06 00:40:35.370420086,35.37,13.17,Q8
95,INT-021,9,2025-04-06 00:45:00,2025-04-06 00:45:37.896317102,37.9,1.59,Q9
95,INT-021,10,2025-04-06 00:50:00,2025-04-06 00:50:23.458602193,23.46,13.99,Q10
95,INT-021,11,2025-04-06 00:55:00,2025-04-06 00:55:34.382509721,34.38,9.68,Q11
95,INT-021,12,2025-04-06 01:00:00,2025-04-06 01:00:21.647644941,21.65,0.89,Q12
95,INT-021,13,2025-04-06 01:05:00,2025-04-06 01:05:35.359838674,35.36,19.9,Q13
95,INT-021,14,2025-04-06 01:10:00,2025-04-06 01:10:37.990615453,37.99,17.83,Q14
95,INT-021,15,2025-04-06 01:15:00,2025-04-06 01:15:27.590473256,27.59,21.78,Q15
95,INT-021,16,2025-04-06 01:20:00,2025-04-06 01:20:28.196881135,28.2,19.91,Q16
95,INT-021,17,2025-04-06 01:25:00,2025-04-06 01:25:26.479481586,26.48,0.0,Q17
95,INT-021,18,2025-04-06 01:30:00,2025-04-06 01:30:19.827799018,19.83,0.0,Q18
95,INT-021,19,2025-04-06 01:35:00,2025-04-06 01:35:34.647983983,34.65,9.61,Q19
95,INT-021,20,2025-04-06 01:40:00,2025-04-06 01:40:32.261191667,32.26,0.0,Q20
96,INT-022,1,2025-04-07 00:05:00,2025-04-07 00:05:37.441504145,37.44,8.95,Q1
96,INT-022,2,2025-04-07 00:10:00,2025-04-07 00:10:25.367171608,25.37,3.61,Q2
96,INT-022,3,2025-04-07 00:15:00,2025-04-07 00:15:38.529587052,38.53,0.0,Q3
96,INT-022,4,2025-04-07 00:20:00,2025-04-07 00:20:29.797314980,29.8,13.62,Q4
96,INT-022,5,2025-04-07 00:25:00,2025-04-07 00:25:32.170235205,32.17,4.69,Q5
96,INT-022,6,2025-04-07 00:30:00,2025-04-07 00:30:33.172506113,33.17,10.61,Q6
96,INT-022,7,2025-04-07 00:35:00,2025-04-07 00:35:33.025828153,33.03,20.83,Q7
96,INT-022,8,2025-04-07 00:40:00,2025-04-07 00:40:29.245107838,29.25,20.86,Q8
96,INT-022,9,2025-04-07 00:45:00,2025-04-07 00:45:29.817979167,29.82,21.49,Q9
96,INT-022,10,2025-04-07 00:50:00,2025-04-07 00:50:38.742725410,38.74,0.48,Q10
96,INT-022,11,2025-04-07 00:55:00,2025-04-07 00:55:23.075050528,23.08,26.66,Q11
96,INT-022,12,2025-04-07 01:00:00,2025-04-07 01:00:29.820841629,29.82,9.81,Q12
96,INT-022,13,2025-04-07 01:05:00,2025-04-07 01:05:37.607469033,37.61,0.0,Q13
96,INT-022,14,2025-04-07 01:10:00,2025-04-07 01:10:24.721785725,24.72,0.0,Q14
96,INT-022,15,2025-04-07 01:15:00,2025-04-07 01:15:22.307879198,22.31,17.66,Q15
96,INT-022,16,2025-04-07 01:20:00,2025-04-07 01:20:30.677206913,30.68,14.26,Q16
96,INT-022,17,2025-04-07 01:25:00,2025-04-07 01:25:32.832537583,32.83,2.25,Q17
96,INT-022,18,2025-04-07 01:30:00,2025-04-07 01:30:43.601239267,43.6,17.36,Q18
96,INT-022,19,2025-04-07 01:35:00,2025-04-07 01:35:26.583885170,26.58,0.0,Q19
96,INT-022,20,2025-04-07 01:40:00,2025-04-07 01:40:34.121795463,34.12,14.05,Q20
97,INT-023,1,2025-04-08 00:05:00,2025-04-08 00:05:39.241348771,39.24,10.66,Q1
97,INT-023,2,2025-04-08 00:10:00,2025-04-08 00:10:30.514269410,30.51,20.82,Q2
97,INT-023,3,2025-04-08 00:15:00,2025-04-08 00:15:29.862916488,29.86,19.34,Q3
97,INT-023,4,2025-04-08 00:20:00,2025-04-08 00:20:36.878553783,36.88,0.0,Q4
97,INT-023,5,2025-04-08 00:25:00,2025-04-08 00:25:37.551855034,37.55,0.0,Q5
97,INT-023,6,2025-04-08 00:30:00,2025-04-08 00:30:25.029409632,25.03,8.72,Q6
97,INT-023,7,2025-04-08 00:35:00,2025-04-08 00:35:41.718029508,41.72,0.0,Q7
97,INT-023,8,2025-04-08 00:40:00,2025-04-08 00:40:28.631501780,28.63,0.0,Q8
97,INT-023,9,2025-04-08 00:45:00,2025-04-08 00:45:31.279881121,31.28,0.0,Q9
97,INT-023,10,2025-04-08 00:50:00,2025-04-08 00:50:37.769244673,37.77,12.2,Q10
97,INT-023,11,2025-04-08 00:55:00,2025-04-08 00:55:27.921160551,27.92,24.16,Q11
97,INT-023,12,2025-04-08 01:00:00,2025-04-08 01:00:31.378091742,31.38,0.0,Q12
97,INT-023,13,2025-04-08 01:05:00,2025-04-08 01:05:29.205763428,29.21,6.64,Q13
97,INT-023,14,2025-04-08 01:10:00,2025-04-08 01:10:29.398024515,29.4,13.37,Q14
97,INT-023,15,2025-04-08 01:15:00,2025-04-08 01:15:33.442279543,33.44,13.18,Q15
97,INT-023,16,2025-04-08 01:20:00,2025-04-08 01:20:33.502250349,33.5,11.2,Q16
97,INT-023,17,2025-04-08 01:25:00,2025-04-08 01:25:26.815473980,26.82,17.64,Q17
97,INT-023,18,2025-04-08 01:30:00,2025-04-08 01:30:35.204320484,35.2,4.32,Q18
97,INT-023,19,2025-04-08 01:35:00,2025-04-08 01:35:23.961204996,23.96,7.86,Q19
97,INT-023,20,2025-04-08 01:40:00,2025-04-08 01:40:35.628697154,35.63,9.6,Q20
98,INT-024,1,2025-04-09 00:05:00,2025-04-09 00:05:33.266153570,33.27,7.97,Q1
98,INT-024,2,2025-04-09 00:10:00,2025-04-09 00:10:29.417050376,29.42,19.21,Q2
98,INT-024,3,2025-04-09 00:15:00,2025-04-09 00:15:38.404197792,38.4,0.0,Q3
98,INT-024,4,2025-04-09 00:20:00,2025-04-09 00:20:33.993736095,33.99,12.2,Q4
98,INT-024,5,2025-04-09 00:25:00,2025-04-09 00:25:35.964040813,35.96,10.56,Q5
98,INT-024,6,2025-04-09 00:30:00,2025-04-09 00:30:34.562318767,34.56,14.17,Q6
98,INT-024,7,2025-04-09 00:35:00,2025-04-09 00:35:29.054277350,29.05,2.89,Q7
98,INT-024,8,2025-04-09 00:40:00,2025-04-09 00:40:26.839992435,26.84,0.0,Q8
98,INT-024,9,2025-04-09 00:45:00,2025-04-09 00:45:30.561074730,30.56,17.34,Q9
98,INT-024,10,2025-04-09 00:50:00,2025-04-09 00:50:41.657726944,41.66,12.13,Q10
98,INT-024,11,2025-04-09 00:55:00,2025-04-09 00:55:35.245757599,35.25,13.36,Q11
98,INT-024,12,2025-04-09 01:00:00,2025-04-09 01:00:38.248263979,38.25,4.99,Q12
98,INT-024,13,2025-04-09 01:05:00,2025-04-09 01:05:44.313428467,44.31,15.11,Q13
98,INT-024,14,2025-04-09 01:10:00,2025-04-09 01:10:41.873185873,41.87,17.36,Q14
98,INT-024,15,2025-04-09 01:15:00,2025-04-09 01:15:39.631977718,39.63,12.66,Q15
98,INT-024,16,2025-04-09 01:20:00,2025-04-09 01:20:44.879182977,44.88,18.56,Q16
98,INT-024,17,2025-04-09 01:25:00,2025-04-09 01:25:22.855318732,22.86,0.18,Q17
98,INT-024,18,2025-04-09 01:30:00,2025-04-09 01:30:48.187234507,48.19,19.9,Q18
98,INT-024,19,2025-04-09 01:35:00,2025-04-09 01:35:43.228219551,43.23,10.96,Q19
98,INT-024,20,2025-04-09 01:40:00,2025-04-09 01:40:29.321733247,29.32,13.2,Q20
99,INT-025,1,2025-04-10 00:05:00,2025-04-10 00:05:39.898192845,39.9,6.64,Q1
99,INT-025,2,2025-04-10 00:10:00,2025-04-10 00:10:32.009358752,32.01,12.06,Q2
99,INT-025,3,2025-04-10 00:15:00,2025-04-10 00:15:37.351093925,37.35,16.33,Q3
99,INT-025,4,2025-04-10 00:20:00,2025-04-10 00:20:32.364248869,32.36,19.2,Q4
99,INT-025,5,2025-04-10 00:25:00,2025-04-10 00:25:38.566412578,38.57,11.48,Q5
99,INT-025,6,2025-04-10 00:30:00,2025-04-10 00:30:39.951599724,39.95,16.29,Q6
99,INT-025,7,2025-04-10 00:35:00,2025-04-10 00:35:34.616415563,34.62,11.74,Q7
99,INT-025,8,2025-04-10 00:40:00,2025-04-10 00:40:30.399715343,30.4,3.79,Q8
99,INT-025,9,2025-04-10 00:45:00,2025-04-10 00:45:33.316068360,33.32,20.17,Q9
99,INT-025,10,2025-04-10 00:50:00,2025-04-10 00:50:35.395806434,35.4,14.01,Q10
99,INT-025,11,2025-04-10 00:55:00,2025-04-10 00:55:43.325906067,43.33,0.0,Q11
99,INT-025,12,2025-04-10 01:00:00,2025-04-10 01:00:31.909192401,31.91,0.0,Q12
99,INT-025,13,2025-04-10 01:05:00,2025-04-10 01:05:41.663970513,41.66,10.17,Q13
99,INT-025,14,2025-04-10 01:10:00,2025-04-10 01:10:35.797746522,35.8,9.32,Q14
99,INT-025,15,2025-04-10 01:15:00,2025-04-10 01:15:38.435158693,38.44,0.06,Q15
99,INT-025,16,2025-04-10 01:20:00,2025-04-10 01:20:38.934806944,38.93,0.0,Q16
99,INT-025,17,2025-04-10 01:25:00,2025-04-10 01:25:41.090272058,41.09,23.39,Q17
99,INT-025,18,2025-04-10 01:30:00,2025-04-10 01:30:43.560954127,43.56,8.22,Q18
99,INT-025,19,2025-04-10 01:35:00,2025-04-10 01:35:37.286019936,37.29,7.92,Q19
99,INT-025,20,2025-04-10 01:40:00,2025-04-10 01:40:36.832965135,36.83,18.34,Q20
100,INT-001,1,2025-04-11 00:05:00,2025-04-11 00:05:22.862418988,22.86,0.0,Q1
100,INT-001,2,2025-04-11 00:10:00,2025-04-11 00:10:19.315416374,19.32,0.0,Q2
100,INT-001,3,2025-04-11 00:15:00,2025-04-11 00:15:21.274026245,21.27,1.01,Q3
100,INT-001,4,2025-04-11 00:20:00,2025-04-11 00:20:26.318709723,26.32,2.17,Q4
100,INT-001,5,2025-04-11 00:25:00,2025-04-11 00:25:18.470782792,18.47,14.73,Q5
100,INT-001,6,2025-04-11 00:30:00,2025-04-11 00:30:16.022644314,16.02,22.36,Q6
100,INT-001,7,2025-04-11 00:35:00,2025-04-11 00:35:26.676251759,26.68,0.0,Q7
100,INT-001,8,2025-04-11 00:40:00,2025-04-11 00:40:24.727589995,24.73,11.65,Q8
100,INT-001,9,2025-04-11 00:45:00,2025-04-11 00:45:25.546877088,25.55,13.46,Q9
100,INT-001,10,2025-04-11 00:50:00,2025-04-11 00:50:18.223066586,18.22,0.0,Q10
100,INT-001,11,2025-04-11 00:55:00,2025-04-11 00:55:15.247210783,15.25,12.21,Q11
100,INT-001,12,2025-04-11 01:00:00,2025-04-11 01:00:18.667392513,18.67,0.0,Q12
100,INT-001,13,2025-04-11 01:05:00,2025-04-11 01:05:13.056611522,13.06,18.56,Q13
100,INT-001,14,2025-04-11 01:10:00,2025-04-11 01:10:25.502466813,25.5,20.22,Q14
100,INT-001,15,2025-04-11 01:15:00,2025-04-11 01:15:27.387532872,27.39,13.49,Q15
100,INT-001,16,2025-04-11 01:20:00,2025-04-11 01:20:24.036840800,24.04,0.0,Q16
100,INT-001,17,2025-04-11 01:25:00,2025-04-11 01:25:12.978799220,12.98,1.44,Q17
100,INT-001,18,2025-04-11 01:30:00,2025-04-11 01:30:17.667444594,17.67,0.0,Q18
100,INT-001,19,2025-04-11 01:35:00,2025-04-11 01:35:18.032316630,18.03,0.0,Q19
100,INT-001,20,2025-04-11 01:40:00,2025-04-11 01:40:28.440785478,28.44,18.16,Q20
101,INT-002,1,2025-04-12 00:05:00,2025-04-12 00:05:28.688785336,28.69,9.71,Q1
101,INT-002,2,2025-04-12 00:10:00,2025-04-12 00:10:20.525257944,20.53,22.73,Q2
101,INT-002,3,2025-04-12 00:15:00,2025-04-12 00:15:22.093590104,22.09,17.12,Q3
101,INT-002,4,2025-04-12 00:20:00,2025-04-12 00:20:27.205573277,27.21,3.27,Q4
101,INT-002,5,2025-04-12 00:25:00,2025-04-12 00:25:21.548627600,21.55,0.0,Q5
101,INT-002,6,2025-04-12 00:30:00,2025-04-12 00:30:21.774636394,21.77,0.0,Q6
101,INT-002,7,2025-04-12 00:35:00,2025-04-12 00:35:23.568507323,23.57,1.04,Q7
101,INT-002,8,2025-04-12 00:40:00,2025-04-12 00:40:20.890173738,20.89,13.8,Q8
101,INT-002,9,2025-04-12 00:45:00,2025-04-12 00:45:17.053748026,17.05,8.82,Q9
101,INT-002,10,2025-04-12 00:50:00,2025-04-12 00:50:21.715963827,21.72,14.06,Q10
101,INT-002,11,2025-04-12 00:55:00,2025-04-12 00:55:21.174431710,21.17,7.91,Q11
101,INT-002,12,2025-04-12 01:00:00,2025-04-12 01:00:20.254941886,20.25,5.79,Q12
101,INT-002,13,2025-04-12 01:05:00,2025-04-12 01:05:29.336294110,29.34,0.0,Q13
101,INT-002,14,2025-04-12 01:10:00,2025-04-12 01:10:21.981048874,21.98,8.22,Q14
101,INT-002,15,2025-04-12 01:15:00,2025-04-12 01:15:23.392388154,23.39,0.0,Q15
101,INT-002,16,2025-04-12 01:20:00,2025-04-12 01:20:23.192037666,23.19,2.54,Q16
101,INT-002,17,2025-04-12 01:25:00,2025-04-12 01:25:15.364203131,15.36,0.0,Q17
101,INT-002,18,2025-04-12 01:30:00,2025-04-12 01:30:25.527631063,25.53,5.53,Q18
101,INT-002,19,2025-04-12 01:35:00,2025-04-12 01:35:18.457023886,18.46,0.0,Q19
101,INT-002,20,2025-04-12 01:40:00,2025-04-12 01:40:23.780009435,23.78,13.89,Q20
102,INT-003,1,2025-04-13 00:05:00,2025-04-13 00:05:15.538917867,15.54,19.56,Q1
102,INT-003,2,2025-04-13 00:10:00,2025-04-13 00:10:18.447532916,18.45,21.29,Q2
102,INT-003,3,2025-04-13 00:15:00,2025-04-13 00:15:21.476158461,21.48,0.0,Q3
102,INT-003,4,2025-04-13 00:20:00,2025-04-13 00:20:27.656828412,27.66,14.9,Q4
102,INT-003,5,2025-04-13 00:25:00,2025-04-13 00:25:21.938947035,21.94,13.71,Q5
102,INT-003,6,2025-04-13 00:30:00,2025-04-13 00:30:31.173634269,31.17,15.14,Q6
102,INT-003,7,2025-04-13 00:35:00,2025-04-13 00:35:27.666561842,27.67,9.31,Q7
102,INT-003,8,2025-04-13 00:40:00,2025-04-13 00:40:12.277149505,12.28,12.55,Q8
102,INT-003,9,2025-04-13 00:45:00,2025-04-13 00:45:27.318536857,27.32,8.6,Q9
102,INT-003,10,2025-04-13 00:50:00,2025-04-13 00:50:24.716874683,24.72,17.37,Q10
102,INT-003,11,2025-04-13 00:55:00,2025-04-13 00:55:22.290019620,22.29,4.16,Q11
102,INT-003,12,2025-04-13 01:00:00,2025-04-13 01:00:20.749706142,20.75,17.63,Q12
102,INT-003,13,2025-04-13 01:05:00,2025-04-13 01:05:29.641101240,29.64,18.77,Q13
102,INT-003,14,2025-04-13 01:10:00,2025-04-13 01:10:19.930841940,19.93,8.64,Q14
102,INT-003,15,2025-04-13 01:15:00,2025-04-13 01:15:27.718674492,27.72,0.0,Q15
102,INT-003,16,2025-04-13 01:20:00,2025-04-13 01:20:25.716618568,25.72,0.0,Q16
102,INT-003,17,2025-04-13 01:25:00,2025-04-13 01:25:23.331247077,23.33,24.97,Q17
102,INT-003,18,2025-04-13 01:30:00,2025-04-13 01:30:29.156280784,29.16,13.71,Q18
102,INT-003,19,2025-04-13 01:35:00,2025-04-13 01:35:23.352277920,23.35,6.94,Q19
102,INT-003,20,2025-04-13 01:40:00,2025-04-13 01:40:18.464817568,18.46,0.0,Q20
103,INT-004,1,2025-04-14 00:05:00,2025-04-14 00:05:19.034598224,19.03,8.54,Q1
103,INT-004,2,2025-04-14 00:10:00,2025-04-14 00:10:32.129868858,32.13,8.1,Q2
103,INT-004,3,2025-04-14 00:15:00,2025-04-14 00:15:22.907881538,22.91,17.12,Q3
103,INT-004,4,2025-04-14 00:20:00,2025-04-14 00:20:25.534982517,25.53,0.0,Q4
103,INT-004,5,2025-04-14 00:25:00,2025-04-14 00:25:27.742028799,27.74,20.89,Q5
103,INT-004,6,2025-04-14 00:30:00,2025-04-14 00:30:23.667949063,23.67,3.65,Q6
103,INT-004,7,2025-04-14 00:35:00,2025-04-14 00:35:32.015762642,32.02,0.0,Q7
103,INT-004,8,2025-04-14 00:40:00,2025-04-14 00:40:21.723976020,21.72,3.59,Q8
103,INT-004,9,2025-04-14 00:45:00,2025-04-14 00:45:27.435719522,27.44,11.2,Q9
103,INT-004,10,2025-04-14 00:50:00,2025-04-14 00:50:23.023927062,23.02,0.0,Q10
103,INT-004,11,2025-04-14 00:55:00,2025-04-14 00:55:27.313329727,27.31,17.14,Q11
103,INT-004,12,2025-04-14 01:00:00,2025-04-14 01:00:27.367176183,27.37,19.11,Q12
103,INT-004,13,2025-04-14 01:05:00,2025-04-14 01:05:35.822937288,35.82,5.27,Q13
103,INT-004,14,2025-04-14 01:10:00,2025-04-14 01:10:39.124294202,39.12,5.84,Q14
103,INT-004,15,2025-04-14 01:15:00,2025-04-14 01:15:19.063985527,19.06,10.18,Q15
103,INT-004,16,2025-04-14 01:20:00,2025-04-14 01:20:27.445336280,27.45,14.35,Q16
103,INT-004,17,2025-04-14 01:25:00,2025-04-14 01:25:28.771465568,28.77,8.04,Q17
103,INT-004,18,2025-04-14 01:30:00,2025-04-14 01:30:25.491654512,25.49,5.7,Q18
103,INT-004,19,2025-04-14 01:35:00,2025-04-14 01:35:30.014770777,30.01,13.54,Q19
103,INT-004,20,2025-04-14 01:40:00,2025-04-14 01:40:29.613300290,29.61,0.0,Q20
104,INT-005,1,2025-04-15 00:05:00,2025-04-15 00:05:23.144140830,23.14,15.31,Q1
104,INT-005,2,2025-04-15 00:10:00,2025-04-15 00:10:23.758708177,23.76,11.83,Q2
104,INT-005,3,2025-04-15 00:15:00,2025-04-15 00:15:27.015878059,27.02,0.0,Q3
104,INT-005,4,2025-04-15 00:20:00,2025-04-15 00:20:26.434413452,26.43,1.29,Q4
104,INT-005,5,2025-04-15 00:25:00,2025-04-15 00:25:41.187948169,41.19,2.25,Q5
104,INT-005,6,2025-04-15 00:30:00,2025-04-15 00:30:31.888277744,31.89,0.0,Q6
104,INT-005,7,2025-04-15 00:35:00,2025-04-15 00:35:33.150570509,33.15,5.16,Q7
104,INT-005,8,2025-04-15 00:40:00,2025-04-15 00:40:20.475662623,20.48,0.0,Q8
104,INT-005,9,2025-04-15 00:45:00,2025-04-15 00:45:32.050682528,32.05,17.78,Q9
104,INT-005,10,2025-04-15 00:50:00,2025-04-15 00:50:20.186937241,20.19,18.89,Q10
104,INT-005,11,2025-04-15 00:55:00,2025-04-15 00:55:29.406228958,29.41,11.48,Q11
104,INT-005,12,2025-04-15 01:00:00,2025-04-15 01:00:24.931807522,24.93,0.0,Q12
104,INT-005,13,2025-04-15 01:05:00,2025-04-15 01:05:26.226055573,26.23,19.85,Q13
104,INT-005,14,2025-04-15 01:10:00,2025-04-15 01:10:28.877899085,28.88,8.38,Q14
104,INT-005,15,2025-04-15 01:15:00,2025-04-15 01:15:26.116346852,26.12,12.39,Q15
104,INT-005,16,2025-04-15 01:20:00,2025-04-15 01:20:32.108834080,32.11,26.4,Q16
104,INT-005,17,2025-04-15 01:25:00,2025-04-15 01:25:24.193313229,24.19,19.38,Q17
104,INT-005,18,2025-04-15 01:30:00,2025-04-15 01:30:35.857468654,35.86,5.43,Q18
104,INT-005,19,2025-04-15 01:35:00,2025-04-15 01:35:30.933055421,30.93,26.13,Q19
104,INT-005,20,2025-04-15 01:40:00,2025-04-15 01:40:26.566699049,26.57,8.8,Q20
105,INT-006,1,2025-04-16 00:05:00,2025-04-16 00:05:24.633050039,24.63,0.0,Q1
105,INT-006,2,2025-04-16 00:10:00,2025-04-16 00:10:31.365704363,31.37,3.77,Q2
105,INT-006,3,2025-04-16 00:15:00,2025-04-16 00:15:35.159721772,35.16,0.0,Q3
105,INT-006,4,2025-04-16 00:20:00,2025-04-16 00:20:29.027843552,29.03,7.1,Q4
105,INT-006,5,2025-04-16 00:25:00,2025-04-16 00:25:28.895189777,28.9,0.0,Q5
105,INT-006,6,2025-04-16 00:30:00,2025-04-16 00:30:31.596810719,31.6,0.0,Q6
105,INT-006,7,2025-04-16 00:35:00,2025-04-16 00:35:41.611659642,41.61,18.19,Q7
105,INT-006,8,2025-04-16 00:40:00,2025-04-16 00:40:34.359572980,34.36,0.0,Q8
105,INT-006,9,2025-04-16 00:45:00,2025-04-16 00:45:32.707410724,32.71,0.0,Q9
105,INT-006,10,2025-04-16 00:50:00,2025-04-16 00:50:27.296315791,27.3,13.35,Q10
105,INT-006,11,2025-04-16 00:55:00,2025-04-16 00:55:32.431733350,32.43,7.78,Q11
105,INT-006,12,2025-04-16 01:00:00,2025-04-16 01:00:29.512294897,29.51,13.45,Q12
105,INT-006,13,2025-04-16 01:05:00,2025-04-16 01:05:26.330987783,26.33,8.18,Q13
105,INT-006,14,2025-04-16 01:10:00,2025-04-16 01:10:30.265488262,30.27,8.41,Q14
105,INT-006,15,2025-04-16 01:15:00,2025-04-16 01:15:42.458713837,42.46,0.0,Q15
105,INT-006,16,2025-04-16 01:20:00,2025-04-16 01:20:31.250265023,31.25,0.0,Q16
105,INT-006,17,2025-04-16 01:25:00,2025-04-16 01:25:24.952276727,24.95,14.63,Q17
105,INT-006,18,2025-04-16 01:30:00,2025-04-16 01:30:30.083137522,30.08,14.03,Q18
105,INT-006,19,2025-04-16 01:35:00,2025-04-16 01:35:31.856982387,31.86,9.89,Q19
105,INT-006,20,2025-04-16 01:40:00,2025-04-16 01:40:24.363070761,24.36,0.0,Q20
106,INT-007,1,2025-04-17 00:05:00,2025-04-17 00:05:28.851733873,28.85,0.0,Q1
106,INT-007,2,2025-04-17 00:10:00,2025-04-17 00:10:33.154386120,33.15,0.0,Q2
106,INT-007,3,2025-04-17 00:15:00,2025-04-17 00:15:31.485560951,31.49,11.45,Q3
106,INT-007,4,2025-04-17 00:20:00,2025-04-17 00:20:33.482380674,33.48,13.12,Q4
106,INT-007,5,2025-04-17 00:25:00,2025-04-17 00:25:30.132292855,30.13,8.82,Q5
106,INT-007,6,2025-04-17 00:30:00,2025-04-17 00:30:37.162018320,37.16,0.0,Q6
106,INT-007,7,2025-04-17 00:35:00,2025-04-17 00:35:29.444263536,29.44,15.2,Q7
106,INT-007,8,2025-04-17 00:40:00,2025-04-17 00:40:37.530936723,37.53,6.26,Q8
106,INT-007,9,2025-04-17 00:45:00,2025-04-17 00:45:32.907297135,32.91,13.26,Q9
106,INT-007,10,2025-04-17 00:50:00,2025-04-17 00:50:22.233408060,22.23,5.6,Q10
106,INT-007,11,2025-04-17 00:55:00,2025-04-17 00:55:30.318441526,30.32,3.79,Q11
106,INT-007,12,2025-04-17 01:00:00,2025-04-17 01:00:31.152168831,31.15,6.68,Q12
106,INT-007,13,2025-04-17 01:05:00,2025-04-17 01:05:32.358138062,32.36,8.85,Q13
106,INT-007,14,2025-04-17 01:10:00,2025-04-17 01:10:27.978683312,27.98,16.6,Q14
106,INT-007,15,2025-04-17 01:15:00,2025-04-17 01:15:33.968642848,33.97,8.02,Q15
106,INT-007,16,2025-04-17 01:20:00,2025-04-17 01:20:32.583183271,32.58,0.0,Q16
106,INT-007,17,2025-04-17 01:25:00,2025-04-17 01:25:35.177784589,35.18,14.78,Q17
106,INT-007,18,2025-04-17 01:30:00,2025-04-17 01:30:26.675118216,26.68,0.0,Q18
106,INT-007,19,2025-04-17 01:35:00,2025-04-17 01:35:29.347856211,29.35,6.91,Q19
106,INT-007,20,2025-04-17 01:40:00,2025-04-17 01:40:32.489786543,32.49,18.1,Q20
107,INT-008,1,2025-04-18 00:05:00,2025-04-18 00:05:31.355149059,31.36,0.42,Q1
107,INT-008,2,2025-04-18 00:10:00,2025-04-18 00:10:41.004884049,41.0,0.0,Q2
107,INT-008,3,2025-04-18 00:15:00,2025-04-18 00:15:27.057065843,27.06,2.18,Q3
107,INT-008,4,2025-04-18 00:20:00,2025-04-18 00:20:33.698830969,33.7,8.13,Q4
107,INT-008,5,2025-04-18 00:25:00,2025-04-18 00:25:35.703557136,35.7,25.54,Q5
107,INT-008,6,2025-04-18 00:30:00,2025-04-18 00:30:34.379503974,34.38,14.1,Q6
107,INT-008,7,2025-04-18 00:35:00,2025-04-18 00:35:40.745498012,40.75,15.81,Q7
107,INT-008,8,2025-04-18 00:40:00,2025-04-18 00:40:41.622837971,41.62,16.48,Q8
107,INT-008,9,2025-04-18 00:45:00,2025-04-18 00:45:36.303634867,36.3,11.01,Q9
107,INT-008,10,2025-04-18 00:50:00,2025-04-18 00:50:32.258493770,32.26,9.76,Q10
107,INT-008,11,2025-04-18 00:55:00,2025-04-18 00:55:33.964961486,33.96,12.96,Q11
107,INT-008,12,2025-04-18 01:00:00,2025-04-18 01:00:34.249616111,34.25,0.0,Q12
107,INT-008,13,2025-04-18 01:05:00,2025-04-18 01:05:25.271550874,25.27,14.16,Q13
107,INT-008,14,2025-04-18 01:10:00,2025-04-18 01:10:32.140525253,32.14,23.02,Q14
107,INT-008,15,2025-04-18 01:15:00,2025-04-18 01:15:39.220978924,39.22,0.0,Q15
107,INT-008,16,2025-04-18 01:20:00,2025-04-18 01:20:38.385850617,38.39,7.66,Q16
107,INT-008,17,2025-04-18 01:25:00,2025-04-18 01:25:25.925436035,25.93,9.95,Q17
107,INT-008,18,2025-04-18 01:30:00,2025-04-18 01:30:31.934476863,31.93,8.44,Q18
107,INT-008,19,2025-04-18 01:35:00,2025-04-18 01:35:37.483793954,37.48,10.49,Q19
107,INT-008,20,2025-04-18 01:40:00,2025-04-18 01:40:31.858864976,31.86,26.89,Q20
108,INT-009,1,2025-04-19 00:05:00,2025-04-19 00:05:38.247935574,38.25,9.4,Q1
108,INT-009,2,2025-04-19 00:10:00,2025-04-19 00:10:28.160000133,28.16,9.67,Q2
108,INT-009,3,2025-04-19 00:15:00,2025-04-19 00:15:31.445017341,31.45,0.0,Q3
108,INT-009,4,2025-04-19 00:20:00,2025-04-19 00:20:33.134126666,33.13,5.22,Q4
108,INT-009,5,2025-04-19 00:25:00,2025-04-19 00:25:39.863856450,39.86,10.55,Q5
108,INT-009,6,2025-04-19 00:30:00,2025-04-19 00:30:38.422502124,38.42,0.0,Q6
108,INT-009,7,2025-04-19 00:35:00,2025-04-19 00:35:37.724259337,37.72,12.71,Q7
108,INT-009,8,2025-04-19 00:40:00,2025-04-19 00:40:36.601679954,36.6,0.0,Q8
108,INT-009,9,2025-04-19 00:45:00,2025-04-19 00:45:40.314722361,40.31,11.8,Q9
108,INT-009,10,2025-04-19 00:50:00,2025-04-19 00:50:34.580398772,34.58,20.59,Q10
108,INT-009,11,2025-04-19 00:55:00,2025-04-19 00:55:41.356574757,41.36,8.71,Q11
108,INT-009,12,2025-04-19 01:00:00,2025-04-19 01:00:33.519518540,33.52,25.22,Q12
108,INT-009,13,2025-04-19 01:05:00,2025-04-19 01:05:44.686951711,44.69,16.5,Q13
108,INT-009,14,2025-04-19 01:10:00,2025-04-19 01:10:34.646182993,34.65,0.0,Q14
108,INT-009,15,2025-04-19 01:15:00,2025-04-19 01:15:33.163294829,33.16,16.78,Q15
108,INT-009,16,2025-04-19 01:20:00,2025-04-19 01:20:39.294803380,39.29,13.83,Q16
108,INT-009,17,2025-04-19 01:25:00,2025-04-19 01:25:37.416040223,37.42,6.88,Q17
108,INT-009,18,2025-04-19 01:30:00,2025-04-19 01:30:34.752193656,34.75,0.0,Q18
108,INT-009,19,2025-04-19 01:35:00,2025-04-19 01:35:37.811243185,37.81,0.0,Q19
108,INT-009,20,2025-04-19 01:40:00,2025-04-19 01:40:35.746323099,35.75,0.0,Q20
109,INT-010,1,2025-04-20 00:05:00,2025-04-20 00:05:29.410779714,29.41,16.76,Q1
109,INT-010,2,2025-04-20 00:10:00,2025-04-20 00:10:31.163860221,31.16,7.6,Q2
109,INT-010,3,2025-04-20 00:15:00,2025-04-20 00:15:31.569620692,31.57,12.82,Q3
109,INT-010,4,2025-04-20 00:20:00,2025-04-20 00:20:31.035522416,31.04,0.0,Q4
109,INT-010,5,2025-04-20 00:25:00,2025-04-20 00:25:39.028557429,39.03,3.56,Q5
109,INT-010,6,2025-04-20 00:30:00,2025-04-20 00:30:38.392320817,38.39,14.73,Q6
109,INT-010,7,2025-04-20 00:35:00,2025-04-20 00:35:40.385091899,40.39,7.02,Q7
109,INT-010,8,2025-04-20 00:40:00,2025-04-20 00:40:36.059023091,36.06,12.84,Q8
109,INT-010,9,2025-04-20 00:45:00,2025-04-20 00:45:38.612814384,38.61,17.74,Q9
109,INT-010,10,2025-04-20 00:50:00,2025-04-20 00:50:37.142725354,37.14,16.4,Q10
109,INT-010,11,2025-04-20 00:55:00,2025-04-20 00:55:43.711848873,43.71,21.84,Q11
109,INT-010,12,2025-04-20 01:00:00,2025-04-20 01:00:41.859224781,41.86,11.43,Q12
109,INT-010,13,2025-04-20 01:05:00,2025-04-20 01:05:34.762036072,34.76,3.78,Q13
109,INT-010,14,2025-04-20 01:10:00,2025-04-20 01:10:38.238429234,38.24,16.4,Q14
109,INT-010,15,2025-04-20 01:15:00,2025-04-20 01:15:33.146016225,33.15,0.0,Q15
109,INT-010,16,2025-04-20 01:20:00,2025-04-20 01:20:43.200656150,43.2,0.0,Q16
109,INT-010,17,2025-04-20 01:25:00,2025-04-20 01:25:39.046319190,39.05,6.93,Q17
109,INT-010,18,2025-04-20 01:30:00,2025-04-20 01:30:42.464445793,42.46,19.99,Q18
109,INT-010,19,2025-04-20 01:35:00,2025-04-20 01:35:39.307376807,39.31,0.0,Q19
109,INT-010,20,2025-04-20 01:40:00,2025-04-20 01:40:35.440276511,35.44,21.83,Q20
110,INT-011,1,2025-04-21 00:05:00,2025-04-21 00:05:25.263530499,25.26,19.49,Q1
110,INT-011,2,2025-04-21 00:10:00,2025-04-21 00:10:25.794806932,25.79,17.61,Q2
110,INT-011,3,2025-04-21 00:15:00,2025-04-21 00:15:17.426313661,17.43,0.42,Q3
110,INT-011,4,2025-04-21 00:20:00,2025-04-21 00:20:23.623911998,23.62,2.46,Q4
110,INT-011,5,2025-04-21 00:25:00,2025-04-21 00:25:06.710756584,6.71,10.71,Q5
110,INT-011,6,2025-04-21 00:30:00,2025-04-21 00:30:11.697999618,11.7,27.63,Q6
110,INT-011,7,2025-04-21 00:35:00,2025-04-21 00:35:21.495643354,21.5,10.43,Q7
110,INT-011,8,2025-04-21 00:40:00,2025-04-21 00:40:15.209001764,15.21,20.71,Q8
110,INT-011,9,2025-04-21 00:45:00,2025-04-21 00:45:23.544523410,23.54,5.39,Q9
110,INT-011,10,2025-04-21 00:50:00,2025-04-21 00:50:17.353578285,17.35,16.22,Q10
110,INT-011,11,2025-04-21 00:55:00,2025-04-21 00:55:18.003925192,18.0,4.88,Q11
110,INT-011,12,2025-04-21 01:00:00,2025-04-21 01:00:10.822000174,10.82,0.35,Q12
110,INT-011,13,2025-04-21 01:05:00,2025-04-21 01:05:18.465140983,18.47,16.83,Q13
110,INT-011,14,2025-04-21 01:10:00,2025-04-21 01:10:17.441940281,17.44,0.0,Q14
110,INT-011,15,2025-04-21 01:15:00,2025-04-21 01:15:24.934562885,24.93,15.13,Q15
110,INT-011,16,2025-04-21 01:20:00,2025-04-21 01:20:17.713861276,17.71,0.0,Q16
110,INT-011,17,2025-04-21 01:25:00,2025-04-21 01:25:12.343335664,12.34,1.95,Q17
110,INT-011,18,2025-04-21 01:30:00,2025-04-21 01:30:24.145730381,24.15,19.7,Q18
110,INT-011,19,2025-04-21 01:35:00,2025-04-21 01:35:24.409123997,24.41,0.0,Q19
110,INT-011,20,2025-04-21 01:40:00,2025-04-21 01:40:19.852007583,19.85,4.29,Q20
111,INT-012,1,2025-04-22 00:05:00,2025-04-22 00:05:18.861718193,18.86,0.0,Q1
111,INT-012,2,2025-04-22 00:10:00,2025-04-22 00:10:22.185658974,22.19,15.33,Q2
111,INT-012,3,2025-04-22 00:15:00,2025-04-22 00:15:16.777500502,16.78,35.54,Q3
111,INT-012,4,2025-04-22 00:20:00,2025-04-22 00:20:26.914617701,26.91,11.99,Q4
111,INT-012,5,2025-04-22 00:25:00,2025-04-22 00:25:30.146475949,30.15,11.99,Q5
111,INT-012,6,2025-04-22 00:30:00,2025-04-22 00:30:20.148597746,20.15,23.11,Q6
111,INT-012,7,2025-04-22 00:35:00,2025-04-22 00:35:25.686496480,25.69,13.57,Q7
111,INT-012,8,2025-04-22 00:40:00,2025-04-22 00:40:30.626888186,30.63,5.38,Q8
111,INT-012,9,2025-04-22 00:45:00,2025-04-22 00:45:30.553687459,30.55,4.82,Q9
111,INT-012,10,2025-04-22 00:50:00,2025-04-22 00:50:21.170203824,21.17,3.78,Q10
111,INT-012,11,2025-04-22 00:55:00,2025-04-22 00:55:18.115896402,18.12,10.65,Q11
111,INT-012,12,2025-04-22 01:00:00,2025-04-22 01:00:22.878312865,22.88,16.82,Q12
111,INT-012,13,2025-04-22 01:05:00,2025-04-22 01:05:17.019266230,17.02,22.8,Q13
111,INT-012,14,2025-04-22 01:10:00,2025-04-22 01:10:20.058819843,20.06,19.11,Q14
111,INT-012,15,2025-04-22 01:15:00,2025-04-22 01:15:19.627637466,19.63,11.02,Q15
111,INT-012,16,2025-04-22 01:20:00,2025-04-22 01:20:16.706100777,16.71,3.2,Q16
111,INT-012,17,2025-04-22 01:25:00,2025-04-22 01:25:17.655373844,17.66,12.74,Q17
111,INT-012,18,2025-04-22 01:30:00,2025-04-22 01:30:24.286104783,24.29,7.34,Q18
111,INT-012,19,2025-04-22 01:35:00,2025-04-22 01:35:27.081583851,27.08,11.41,Q19
111,INT-012,20,2025-04-22 01:40:00,2025-04-22 01:40:20.402115942,20.4,0.0,Q20
112,INT-013,1,2025-04-23 00:05:00,2025-04-23 00:05:28.870491755,28.87,9.56,Q1
112,INT-013,2,2025-04-23 00:10:00,2025-04-23 00:10:30.774468897,30.77,13.95,Q2
112,INT-013,3,2025-04-23 00:15:00,2025-04-23 00:15:26.136336543,26.14,14.17,Q3
112,INT-013,4,2025-04-23 00:20:00,2025-04-23 00:20:19.059427886,19.06,0.0,Q4
112,INT-013,5,2025-04-23 00:25:00,2025-04-23 00:25:26.818136770,26.82,12.34,Q5
112,INT-013,6,2025-04-23 00:30:00,2025-04-23 00:30:26.280695375,26.28,13.87,Q6
112,INT-013,7,2025-04-23 00:35:00,2025-04-23 00:35:17.079768522,17.08,22.38,Q7
112,INT-013,8,2025-04-23 00:40:00,2025-04-23 00:40:13.700390624,13.7,25.73,Q8
112,INT-013,9,2025-04-23 00:45:00,2025-04-23 00:45:25.236094747,25.24,0.0,Q9
112,INT-013,10,2025-04-23 00:50:00,2025-04-23 00:50:18.013336933,18.01,0.0,Q10
112,INT-013,11,2025-04-23 00:55:00,2025-04-23 00:55:20.036181973,20.04,14.19,Q11
112,INT-013,12,2025-04-23 01:00:00,2025-04-23 01:00:34.097650045,34.1,20.3,Q12
112,INT-013,13,2025-04-23 01:05:00,2025-04-23 01:05:25.546314948,25.55,13.01,Q13
112,INT-013,14,2025-04-23 01:10:00,2025-04-23 01:10:29.543380956,29.54,6.02,Q14
112,INT-013,15,2025-04-23 01:15:00,2025-04-23 01:15:35.005494692,35.01,4.24,Q15
112,INT-013,16,2025-04-23 01:20:00,2025-04-23 01:20:26.759136137,26.76,6.09,Q16
112,INT-013,17,2025-04-23 01:25:00,2025-04-23 01:25:25.558257618,25.56,3.3,Q17
112,INT-013,18,2025-04-23 01:30:00,2025-04-23 01:30:17.601712890,17.6,18.47,Q18
112,INT-013,19,2025-04-23 01:35:00,2025-04-23 01:35:21.530262060,21.53,12.08,Q19
112,INT-013,20,2025-04-23 01:40:00,2025-04-23 01:40:29.284193477,29.28,8.38,Q20
113,INT-014,1,2025-04-24 00:05:00,2025-04-24 00:05:21.088239768,21.09,5.05,Q1
113,INT-014,2,2025-04-24 00:10:00,2025-04-24 00:10:30.137308091,30.14,7.79,Q2
113,INT-014,3,2025-04-24 00:15:00,2025-04-24 00:15:20.727242032,20.73,0.0,Q3
113,INT-014,4,2025-04-24 00:20:00,2025-04-24 00:20:14.275331428,14.28,0.0,Q4
113,INT-014,5,2025-04-24 00:25:00,2025-04-24 00:25:20.831185597,20.83,19.62,Q5
113,INT-014,6,2025-04-24 00:30:00,2025-04-24 00:30:38.934453836,38.93,12.76,Q6
113,INT-014,7,2025-04-24 00:35:00,2025-04-24 00:35:30.004679892,30.0,0.0,Q7
113,INT-014,8,2025-04-24 00:40:00,2025-04-24 00:40:19.816872030,19.82,11.43,Q8
113,INT-014,9,2025-04-24 00:45:00,2025-04-24 00:45:22.408042371,22.41,2.66,Q9
113,INT-014,10,2025-04-24 00:50:00,2025-04-24 00:50:37.748324353,37.75,11.56,Q10
113,INT-014,11,2025-04-24 00:55:00,2025-04-24 00:55:23.641492362,23.64,0.0,Q11
113,INT-014,12,2025-04-24 01:00:00,2025-04-24 01:00:29.104026550,29.1,0.0,Q12
113,INT-014,13,2025-04-24 01:05:00,2025-04-24 01:05:22.132873752,22.13,16.09,Q13
113,INT-014,14,2025-04-24 01:10:00,2025-04-24 01:10:25.470556899,25.47,12.59,Q14
113,INT-014,15,2025-04-24 01:15:00,2025-04-24 01:15:22.711834006,22.71,23.73,Q15
113,INT-014,16,2025-04-24 01:20:00,2025-04-24 01:20:18.921487917,18.92,19.92,Q16
113,INT-014,17,2025-04-24 01:25:00,2025-04-24 01:25:20.139251561,20.14,25.69,Q17
113,INT-014,18,2025-04-24 01:30:00,2025-04-24 01:30:28.119786546,28.12,18.41,Q18
113,INT-014,19,2025-04-24 01:35:00,2025-04-24 01:35:23.938901318,23.94,16.89,Q19
113,INT-014,20,2025-04-24 01:40:00,2025-04-24 01:40:19.319908049,19.32,0.0,Q20
114,INT-015,1,2025-04-25 00:05:00,2025-04-25 00:05:31.983682999,31.98,0.0,Q1
114,INT-015,2,2025-04-25 00:10:00,2025-04-25 00:10:23.347278523,23.35,9.7,Q2
114,INT-015,3,2025-04-25 00:15:00,2025-04-25 00:15:31.174773122,31.17,0.0,Q3
114,INT-015,4,2025-04-25 00:20:00,2025-04-25 00:20:29.611526814,29.61,10.45,Q4
114,INT-015,5,2025-04-25 00:25:00,2025-04-25 00:25:21.949907770,21.95,0.0,Q5
114,INT-015,6,2025-04-25 00:30:00,2025-04-25 00:30:22.291898551,22.29,16.58,Q6
114,INT-015,7,2025-04-25 00:35:00,2025-04-25 00:35:30.548023363,30.55,12.32,Q7
114,INT-015,8,2025-04-25 00:40:00,2025-04-25 00:40:37.251726220,37.25,7.14,Q8
114,INT-015,9,2025-04-25 00:45:00,2025-04-25 00:45:32.353407008,32.35,0.02,Q9
114,INT-015,10,2025-04-25 00:50:00,2025-04-25 00:50:25.590717178,25.59,18.27,Q10
114,INT-015,11,2025-04-25 00:55:00,2025-04-25 00:55:27.488667414,27.49,22.17,Q11
114,INT-015,12,2025-04-25 01:00:00,2025-04-25 01:00:29.018945368,29.02,4.93,Q12
114,INT-015,13,2025-04-25 01:05:00,2025-04-25 01:05:32.243070358,32.24,0.0,Q13
114,INT-015,14,2025-04-25 01:10:00,2025-04-25 01:10:37.302018636,37.3,0.0,Q14
114,INT-015,15,2025-04-25 01:15:00,2025-04-25 01:15:29.941362783,29.94,0.0,Q15
114,INT-015,16,2025-04-25 01:20:00,2025-04-25 01:20:40.006740419,40.01,0.0,Q16
114,INT-015,17,2025-04-25 01:25:00,2025-04-25 01:25:20.218575729,20.22,0.0,Q17
114,INT-015,18,2025-04-25 01:30:00,2025-04-25 01:30:30.482167209,30.48,21.78,Q18
114,INT-015,19,2025-04-25 01:35:00,2025-04-25 01:35:23.698194583,23.7,14.93,Q19
114,INT-015,20,2025-04-25 01:40:00,2025-04-25 01:40:32.058768681,32.06,0.0,Q20
115,INT-016,1,2025-04-26 00:05:00,2025-04-26 00:05:32.542316760,32.54,8.32,Q1
115,INT-016,2,2025-04-26 00:10:00,2025-04-26 00:10:24.759576520,24.76,0.0,Q2
115,INT-016,3,2025-04-26 00:15:00,2025-04-26 00:15:22.832087287,22.83,13.43,Q3
115,INT-016,4,2025-04-26 00:20:00,2025-04-26 00:20:29.262190856,29.26,0.0,Q4
115,INT-016,5,2025-04-26 00:25:00,2025-04-26 00:25:26.833726011,26.83,7.79,Q5
115,INT-016,6,2025-04-26 00:30:00,2025-04-26 00:30:35.672325099,35.67,16.71,Q6
115,INT-016,7,2025-04-26 00:35:00,2025-04-26 00:35:24.686180079,24.69,0.0,Q7
115,INT-016,8,2025-04-26 00:40:00,2025-04-26 00:40:28.453647083,28.45,21.77,Q8
115,INT-016,9,2025-04-26 00:45:00,2025-04-26 00:45:27.642734121,27.64,12.44,Q9
115,INT-016,10,2025-04-26 00:50:00,2025-04-26 00:50:29.486425553,29.49,0.0,Q10
115,INT-016,11,2025-04-26 00:55:00,2025-04-26 00:55:36.914559922,36.91,6.45,Q11
115,INT-016,12,2025-04-26 01:00:00,2025-04-26 01:00:24.930125121,24.93,14.73,Q12
115,INT-016,13,2025-04-26 01:05:00,2025-04-26 01:05:33.281134306,33.28,5.11,Q13
115,INT-016,14,2025-04-26 01:10:00,2025-04-26 01:10:22.710081639,22.71,9.46,Q14
115,INT-016,15,2025-04-26 01:15:00,2025-04-26 01:15:26.167463900,26.17,16.71,Q15
115,INT-016,16,2025-04-26 01:20:00,2025-04-26 01:20:31.623226890,31.62,32.69,Q16
115,INT-016,17,2025-04-26 01:25:00,2025-04-26 01:25:20.775085078,20.78,0.0,Q17
115,INT-016,18,2025-04-26 01:30:00,2025-04-26 01:30:36.609533396,36.61,7.79,Q18
115,INT-016,19,2025-04-26 01:35:00,2025-04-26 01:35:33.669404735,33.67,11.73,Q19
115,INT-016,20,2025-04-26 01:40:00,2025-04-26 01:40:28.376916178,28.38,17.58,Q20
116,INT-017,1,2025-04-27 00:05:00,2025-04-27 00:05:38.274528592,38.27,7.96,Q1
116,INT-017,2,2025-04-27 00:10:00,2025-04-27 00:10:31.617524461,31.62,0.0,Q2
116,INT-017,3,2025-04-27 00:15:00,2025-04-27 00:15:37.906534899,37.91,0.0,Q3
116,INT-017,4,2025-04-27 00:20:00,2025-04-27 00:20:34.952010834,34.95,15.15,Q4
116,INT-017,5,2025-04-27 00:25:00,2025-04-27 00:25:33.567010326,33.57,13.1,Q5
116,INT-017,6,2025-04-27 00:30:00,2025-04-27 00:30:39.034116270,39.03,21.67,Q6
116,INT-017,7,2025-04-27 00:35:00,2025-04-27 00:35:31.843865647,31.84,0.0,Q7
116,INT-017,8,2025-04-27 00:40:00,2025-04-27 00:40:36.930130784,36.93,2.3,Q8
116,INT-017,9,2025-04-27 00:45:00,2025-04-27 00:45:31.625936577,31.63,0.0,Q9
116,INT-017,10,2025-04-27 00:50:00,2025-04-27 00:50:36.316465763,36.32,23.58,Q10
116,INT-017,11,2025-04-27 00:55:00,2025-04-27 00:55:31.710038699,31.71,17.06,Q11
116,INT-017,12,2025-04-27 01:00:00,2025-04-27 01:00:26.162166596,26.16,14.29,Q12
116,INT-017,13,2025-04-27 01:05:00,2025-04-27 01:05:32.930910221,32.93,16.05,Q13
116,INT-017,14,2025-04-27 01:10:00,2025-04-27 01:10:32.867357805,32.87,0.0,Q14
116,INT-017,15,2025-04-27 01:15:00,2025-04-27 01:15:38.354166072,38.35,0.0,Q15
116,INT-017,16,2025-04-27 01:20:00,2025-04-27 01:20:36.541654207,36.54,11.9,Q16
116,INT-017,17,2025-04-27 01:25:00,2025-04-27 01:25:26.197566244,26.2,10.87,Q17
116,INT-017,18,2025-04-27 01:30:00,2025-04-27 01:30:33.721541304,33.72,6.95,Q18
116,INT-017,19,2025-04-27 01:35:00,2025-04-27 01:35:34.134112519,34.13,6.28,Q19
116,INT-017,20,2025-04-27 01:40:00,2025-04-27 01:40:28.015135121,28.02,0.0,Q20
117,INT-018,1,2025-04-28 00:05:00,2025-04-28 00:05:33.781006905,33.78,0.0,Q1
117,INT-018,2,2025-04-28 00:10:00,2025-04-28 00:10:27.311446458,27.31,2.5,Q2
117,INT-018,3,2025-04-28 00:15:00,2025-04-28 00:15:31.767298245,31.77,11.38,Q3
117,INT-018,4,2025-04-28 00:20:00,2025-04-28 00:20:26.533329126,26.53,0.0,Q4
117,INT-018,5,2025-04-28 00:25:00,2025-04-28 00:25:41.461177082,41.46,11.96,Q5
117,INT-018,6,2025-04-28 00:30:00,2025-04-28 00:30:28.743263329,28.74,0.0,Q6
117,INT-018,7,2025-04-28 00:35:00,2025-04-28 00:35:38.121640791,38.12,11.87,Q7
117,INT-018,8,2025-04-28 00:40:00,2025-04-28 00:40:35.691488420,35.69,5.26,Q8
117,INT-018,9,2025-04-28 00:45:00,2025-04-28 00:45:29.363834554,29.36,0.0,Q9
117,INT-018,10,2025-04-28 00:50:00,2025-04-28 00:50:33.552238222,33.55,0.0,Q10
117,INT-018,11,2025-04-28 00:55:00,2025-04-28 00:55:33.698963028,33.7,16.76,Q11
117,INT-018,12,2025-04-28 01:00:00,2025-04-28 01:00:32.654076082,32.65,8.02,Q12
117,INT-018,13,2025-04-28 01:05:00,2025-04-28 01:05:21.499138204,21.5,10.61,Q13
117,INT-018,14,2025-04-28 01:10:00,2025-04-28 01:10:35.533359207,35.53,8.8,Q14
117,INT-018,15,2025-04-28 01:15:00,2025-04-28 01:15:35.514713778,35.51,17.49,Q15
117,INT-018,16,2025-04-28 01:20:00,2025-04-28 01:20:32.541438134,32.54,19.06,Q16
117,INT-018,17,2025-04-28 01:25:00,2025-04-28 01:25:45.647277660,45.65,0.0,Q17
117,INT-018,18,2025-04-28 01:30:00,2025-04-28 01:30:42.283960406,42.28,18.32,Q18
117,INT-018,19,2025-04-28 01:35:00,2025-04-28 01:35:34.754500136,34.75,3.56,Q19
117,INT-018,20,2025-04-28 01:40:00,2025-04-28 01:40:32.562854887,32.56,6.66,Q20
118,INT-019,1,2025-04-29 00:05:00,2025-04-29 00:05:27.745887108,27.75,15.98,Q1
118,INT-019,2,2025-04-29 00:10:00,2025-04-29 00:10:34.945882144,34.95,6.11,Q2
118,INT-019,3,2025-04-29 00:15:00,2025-04-29 00:15:38.955589864,38.96,1.65,Q3
118,INT-019,4,2025-04-29 00:20:00,2025-04-29 00:20:40.276498830,40.28,4.0,Q4
118,INT-019,5,2025-04-29 00:25:00,2025-04-29 00:25:28.558636782,28.56,16.25,Q5
118,INT-019,6,2025-04-29 00:30:00,2025-04-29 00:30:31.972792943,31.97,4.4,Q6
118,INT-019,7,2025-04-29 00:35:00,2025-04-29 00:35:40.425739492,40.43,11.84,Q7
118,INT-019,8,2025-04-29 00:40:00,2025-04-29 00:40:37.227269196,37.23,22.02,Q8
118,INT-019,9,2025-04-29 00:45:00,2025-04-29 00:45:28.956545376,28.96,10.33,Q9
118,INT-019,10,2025-04-29 00:50:00,2025-04-29 00:50:34.643494869,34.64,0.0,Q10
118,INT-019,11,2025-04-29 00:55:00,2025-04-29 00:55:41.187991900,41.19,12.49,Q11
118,INT-019,12,2025-04-29 01:00:00,2025-04-29 01:00:38.101735657,38.1,0.0,Q12
118,INT-019,13,2025-04-29 01:05:00,2025-04-29 01:05:39.309748396,39.31,1.83,Q13
118,INT-019,14,2025-04-29 01:10:00,2025-04-29 01:10:37.906193506,37.91,10.94,Q14
118,INT-019,15,2025-04-29 01:15:00,2025-04-29 01:15:40.101897069,40.1,15.27,Q15
118,INT-019,16,2025-04-29 01:20:00,2025-04-29 01:20:32.556003715,32.56,1.21,Q16
118,INT-019,17,2025-04-29 01:25:00,2025-04-29 01:25:35.936941451,35.94,13.3,Q17
118,INT-019,18,2025-04-29 01:30:00,2025-04-29 01:30:41.553429343,41.55,17.73,Q18
118,INT-019,19,2025-04-29 01:35:00,2025-04-29 01:35:38.064181238,38.06,17.28,Q19
118,INT-019,20,2025-04-29 01:40:00,2025-04-29 01:40:39.004633529,39.0,5.3,Q20
119,INT-020,1,2025-04-30 00:05:00,2025-04-30 00:05:30.847768633,30.85,13.32,Q1
119,INT-020,2,2025-04-30 00:10:00,2025-04-30 00:10:36.766405323,36.77,0.0,Q2
119,INT-020,3,2025-04-30 00:15:00,2025-04-30 00:15:50.985284617,50.99,15.26,Q3
119,INT-020,4,2025-04-30 00:20:00,2025-04-30 00:20:45.609991632,45.61,12.62,Q4
119,INT-020,5,2025-04-30 00:25:00,2025-04-30 00:25:36.288283925,36.29,13.98,Q5
119,INT-020,6,2025-04-30 00:30:00,2025-04-30 00:30:38.091481110,38.09,0.0,Q6
119,INT-020,7,2025-04-30 00:35:00,2025-04-30 00:35:39.099055088,39.1,0.0,Q7
119,INT-020,8,2025-04-30 00:40:00,2025-04-30 00:40:44.630051438,44.63,7.69,Q8
119,INT-020,9,2025-04-30 00:45:00,2025-04-30 00:45:28.069968766,28.07,0.0,Q9
119,INT-020,10,2025-04-30 00:50:00,2025-04-30 00:50:34.473285123,34.47,0.0,Q10
119,INT-020,11,2025-04-30 00:55:00,2025-04-30 00:55:37.160300626,37.16,13.91,Q11
119,INT-020,12,2025-04-30 01:00:00,2025-04-30 01:00:38.682539581,38.68,0.0,Q12
119,INT-020,13,2025-04-30 01:05:00,2025-04-30 01:05:38.578600195,38.58,0.0,Q13
119,INT-020,14,2025-04-30 01:10:00,2025-04-30 01:10:39.832293602,39.83,21.19,Q14
119,INT-020,15,2025-04-30 01:15:00,2025-04-30 01:15:31.550020831,31.55,14.41,Q15
119,INT-020,16,2025-04-30 01:20:00,2025-04-30 01:20:39.534820456,39.53,16.31,Q16
119,INT-020,17,2025-04-30 01:25:00,2025-04-30 01:25:36.963795697,36.96,10.27,Q17
119,INT-020,18,2025-04-30 01:30:00,2025-04-30 01:30:42.480536748,42.48,0.0,Q18
119,INT-020,19,2025-04-30 01:35:00,2025-04-30 01:35:44.368542550,44.37,16.75,Q19
119,INT-020,20,2025-04-30 01:40:00,2025-04-30 01:40:32.883525454,32.88,0.0,Q20
120,INT-021,1,2025-05-01 00:05:00,2025-05-01 00:05:05.000000000,5.0,264.55,Q1
120,INT-021,2,2025-05-01 00:10:00,2025-05-01 00:10:21.395560966,21.4,295.62,Q2
120,INT-021,3,2025-05-01 00:15:00,2025-05-01 00:15:15.004878401,15.0,117.14,Q3
120,INT-021,4,2025-05-01 00:20:00,2025-05-01 00:20:05.597580463,5.6,110.98,Q4
120,INT-021,5,2025-05-01 00:25:00,2025-05-01 00:25:21.811163811,21.81,110.88,Q5
120,INT-021,6,2025-05-01 00:30:00,2025-05-01 00:30:05.000000000,5.0,85.3,Q6
120,INT-021,7,2025-05-01 00:35:00,2025-05-01 00:35:22.404226891,22.4,133.88,Q7
120,INT-021,8,2025-05-01 00:40:00,2025-05-01 00:40:28.202009186,28.2,228.75,Q8
120,INT-021,9,2025-05-01 00:45:00,2025-05-01 00:45:07.045408295,7.05,38.18,Q9
120,INT-021,10,2025-05-01 00:50:00,2025-05-01 00:50:21.548377283,21.55,176.02,Q10
120,INT-021,11,2025-05-01 00:55:00,2025-05-01 00:55:16.119643132,16.12,199.57,Q11
120,INT-021,12,2025-05-01 01:00:00,2025-05-01 01:00:37.162539639,37.16,204.86,Q12
120,INT-021,13,2025-05-01 01:05:00,2025-05-01 01:06:03.005322161,63.01,87.58,Q13
120,INT-021,14,2025-05-01 01:10:00,2025-05-01 01:10:05.000000000,5.0,213.96,Q14
120,INT-021,15,2025-05-01 01:15:00,2025-05-01 01:15:32.233261946,32.23,289.93,Q15
120,INT-021,16,2025-05-01 01:20:00,2025-05-01 01:20:10.543209171,10.54,169.65,Q16
120,INT-021,17,2025-05-01 01:25:00,2025-05-01 01:25:05.000000000,5.0,226.83,Q17
120,INT-021,18,2025-05-01 01:30:00,2025-05-01 01:30:05.000000000,5.0,179.58,Q18
120,INT-021,19,2025-05-01 01:35:00,2025-05-01 01:35:05.000000000,5.0,205.55,Q19
120,INT-021,20,2025-05-01 01:40:00,2025-05-01 01:40:45.924602621,45.92,14.82,Q20
121,INT-022,1,2025-05-02 00:05:00,2025-05-02 00:05:30.026154312,30.03,10.63,Q1
121,INT-022,2,2025-05-02 00:10:00,2025-05-02 00:10:23.502137935,23.5,15.51,Q2
121,INT-022,3,2025-05-02 00:15:00,2025-05-02 00:15:18.802625233,18.8,17.98,Q3
121,INT-022,4,2025-05-02 00:20:00,2025-05-02 00:20:12.643105711,12.64,17.82,Q4
121,INT-022,5,2025-05-02 00:25:00,2025-05-02 00:25:24.066612832,24.07,14.14,Q5
121,INT-022,6,2025-05-02 00:30:00,2025-05-02 00:30:24.449410121,24.45,5.97,Q6
121,INT-022,7,2025-05-02 00:35:00,2025-05-02 00:35:25.950077938,25.95,14.54,Q7
121,INT-022,8,2025-05-02 00:40:00,2025-05-02 00:40:19.258343719,19.26,6.46,Q8
121,INT-022,9,2025-05-02 00:45:00,2025-05-02 00:45:16.402414353,16.4,5.05,Q9
121,INT-022,10,2025-05-02 00:50:00,2025-05-02 00:50:10.997446989,11.0,0.0,Q10
121,INT-022,11,2025-05-02 00:55:00,2025-05-02 00:55:24.553966380,24.55,18.64,Q11
121,INT-022,12,2025-05-02 01:00:00,2025-05-02 01:00:26.239091104,26.24,24.1,Q12
121,INT-022,13,2025-05-02 01:05:00,2025-05-02 01:05:18.976542328,18.98,18.9,Q13
121,INT-022,14,2025-05-02 01:10:00,2025-05-02 01:10:26.335374353,26.34,0.0,Q14
121,INT-022,15,2025-05-02 01:15:00,2025-05-02 01:15:24.477249487,24.48,7.52,Q15
121,INT-022,16,2025-05-02 01:20:00,2025-05-02 01:20:16.459123141,16.46,13.41,Q16
121,INT-022,17,2025-05-02 01:25:00,2025-05-02 01:25:27.857004258,27.86,16.75,Q17
121,INT-022,18,2025-05-02 01:30:00,2025-05-02 01:30:28.297020410,28.3,21.84,Q18
121,INT-022,19,2025-05-02 01:35:00,2025-05-02 01:35:14.611577722,14.61,16.92,Q19
121,INT-022,20,2025-05-02 01:40:00,2025-05-02 01:40:23.659125745,23.66,3.19,Q20
122,INT-023,1,2025-05-03 00:05:00,2025-05-03 00:05:28.150793051,28.15,13.94,Q1
122,INT-023,2,2025-05-03 00:10:00,2025-05-03 00:10:19.263491447,19.26,19.09,Q2
122,INT-023,3,2025-05-03 00:15:00,2025-05-03 00:15:24.115307724,24.12,1.63,Q3
122,INT-023,4,2025-05-03 00:20:00,2025-05-03 00:20:25.650382203,25.65,2.17,Q4
122,INT-023,5,2025-05-03 00:25:00,2025-05-03 00:25:14.546066917,14.55,14.01,Q5
122,INT-023,6,2025-05-03 00:30:00,2025-05-03 00:30:23.206018446,23.21,11.5,Q6
122,INT-023,7,2025-05-03 00:35:00,2025-05-03 00:35:33.040923592,33.04,0.0,Q7
122,INT-023,8,2025-05-03 00:40:00,2025-05-03 00:40:24.565881854,24.57,1.02,Q8
122,INT-023,9,2025-05-03 00:45:00,2025-05-03 00:45:37.009134844,37.01,22.51,Q9
122,INT-023,10,2025-05-03 00:50:00,2025-05-03 00:50:27.178214396,27.18,0.0,Q10
122,INT-023,11,2025-05-03 00:55:00,2025-05-03 00:55:15.624010034,15.62,1.44,Q11
122,INT-023,12,2025-05-03 01:00:00,2025-05-03 01:00:18.183649871,18.18,3.35,Q12
122,INT-023,13,2025-05-03 01:05:00,2025-05-03 01:05:23.481040067,23.48,5.72,Q13
122,INT-023,14,2025-05-03 01:10:00,2025-05-03 01:10:18.239239301,18.24,9.2,Q14
122,INT-023,15,2025-05-03 01:15:00,2025-05-03 01:15:13.058363952,13.06,8.18,Q15
122,INT-023,16,2025-05-03 01:20:00,2025-05-03 01:20:30.018175656,30.02,0.0,Q16
122,INT-023,17,2025-05-03 01:25:00,2025-05-03 01:25:22.329870218,22.33,1.72,Q17
122,INT-023,18,2025-05-03 01:30:00,2025-05-03 01:30:15.529738855,15.53,6.12,Q18
122,INT-023,19,2025-05-03 01:35:00,2025-05-03 01:35:20.611470513,20.61,0.0,Q19
122,INT-023,20,2025-05-03 01:40:00,2025-05-03 01:40:21.264124883,21.26,12.99,Q20
123,INT-024,1,2025-05-04 00:05:00,2025-05-04 00:05:30.391047770,30.39,11.66,Q1
123,INT-024,2,2025-05-04 00:10:00,2025-05-04 00:10:25.837907888,25.84,0.0,Q2
123,INT-024,3,2025-05-04 00:15:00,2025-05-04 00:15:23.410059013,23.41,18.46,Q3
123,INT-024,4,2025-05-04 00:20:00,2025-05-04 00:20:29.488335567,29.49,10.21,Q4
123,INT-024,5,2025-05-04 00:25:00,2025-05-04 00:25:23.050047969,23.05,13.09,Q5
123,INT-024,6,2025-05-04 00:30:00,2025-05-04 00:30:19.585407390,19.59,11.95,Q6
123,INT-024,7,2025-05-04 00:35:00,2025-05-04 00:35:18.041213434,18.04,0.0,Q7
123,INT-024,8,2025-05-04 00:40:00,2025-05-04 00:40:27.351515621,27.35,11.8,Q8
123,INT-024,9,2025-05-04 00:45:00,2025-05-04 00:45:22.733705568,22.73,4.64,Q9
123,INT-024,10,2025-05-04 00:50:00,2025-05-04 00:50:24.495500021,24.5,6.64,Q10
123,INT-024,11,2025-05-04 00:55:00,2025-05-04 00:55:25.546919297,25.55,0.0,Q11
123,INT-024,12,2025-05-04 01:00:00,2025-05-04 01:00:20.525194513,20.53,20.31,Q12
123,INT-024,13,2025-05-04 01:05:00,2025-05-04 01:05:25.554102355,25.55,0.0,Q13
123,INT-024,14,2025-05-04 01:10:00,2025-05-04 01:10:21.711150340,21.71,2.9,Q14
123,INT-024,15,2025-05-04 01:15:00,2025-05-04 01:15:23.588013259,23.59,15.29,Q15
123,INT-024,16,2025-05-04 01:20:00,2025-05-04 01:20:24.363770043,24.36,0.0,Q16
123,INT-024,17,2025-05-04 01:25:00,2025-05-04 01:25:22.256946825,22.26,9.26,Q17
123,INT-024,18,2025-05-04 01:30:00,2025-05-04 01:30:17.915795530,17.92,2.64,Q18
123,INT-024,19,2025-05-04 01:35:00,2025-05-04 01:35:32.437396803,32.44,17.29,Q19
123,INT-024,20,2025-05-04 01:40:00,2025-05-04 01:40:27.559498953,27.56,0.0,Q20
124,INT-025,1,2025-05-05 00:05:00,2025-05-05 00:05:28.882357226,28.88,2.75,Q1
124,INT-025,2,2025-05-05 00:10:00,2025-05-05 00:10:29.593066466,29.59,1.77,Q2
124,INT-025,3,2025-05-05 00:15:00,2025-05-05 00:15:24.815552039,24.82,9.19,Q3
124,INT-025,4,2025-05-05 00:20:00,2025-05-05 00:20:33.855353051,33.86,0.0,Q4
124,INT-025,5,2025-05-05 00:25:00,2025-05-05 00:25:32.251306590,32.25,24.7,Q5
124,INT-025,6,2025-05-05 00:30:00,2025-05-05 00:30:26.442670682,26.44,18.8,Q6
124,INT-025,7,2025-05-05 00:35:00,2025-05-05 00:35:33.645776334,33.65,5.5,Q7
124,INT-025,8,2025-05-05 00:40:00,2025-05-05 00:40:18.430033472,18.43,12.11,Q8
124,INT-025,9,2025-05-05 00:45:00,2025-05-05 00:45:33.507018183,33.51,17.21,Q9
124,INT-025,10,2025-05-05 00:50:00,2025-05-05 00:50:26.347368352,26.35,0.0,Q10
124,INT-025,11,2025-05-05 00:55:00,2025-05-05 00:55:23.884348603,23.88,5.11,Q11
124,INT-025,12,2025-05-05 01:00:00,2025-05-05 01:00:26.709503290,26.71,9.0,Q12
124,INT-025,13,2025-05-05 01:05:00,2025-05-05 01:05:17.389128570,17.39,27.75,Q13
124,INT-025,14,2025-05-05 01:10:00,2025-05-05 01:10:19.184733793,19.18,11.25,Q14
124,INT-025,15,2025-05-05 01:15:00,2025-05-05 01:15:26.664684808,26.66,0.0,Q15
124,INT-025,16,2025-05-05 01:20:00,2025-05-05 01:20:27.156998892,27.16,0.0,Q16
124,INT-025,17,2025-05-05 01:25:00,2025-05-05 01:25:29.984077198,29.98,24.45,Q17
124,INT-025,18,2025-05-05 01:30:00,2025-05-05 01:30:31.328284673,31.33,0.0,Q18
124,INT-025,19,2025-05-05 01:35:00,2025-05-05 01:35:31.218360976,31.22,0.74,Q19
124,INT-025,20,2025-05-05 01:40:00,2025-05-05 01:40:25.138428800,25.14,0.0,Q20
125,INT-001,1,2025-05-06 00:05:00,2025-05-06 00:05:31.111196181,31.11,1.09,Q1
125,INT-001,2,2025-05-06 00:10:00,2025-05-06 00:10:23.329529865,23.33,1.64,Q2
125,INT-001,3,2025-05-06 00:15:00,2025-05-06 00:15:24.697086056,24.7,12.13,Q3
125,INT-001,4,2025-05-06 00:20:00,2025-05-06 00:20:32.960857764,32.96,4.72,Q4
125,INT-001,5,2025-05-06 00:25:00,2025-05-06 00:25:27.373164617,27.37,2.94,Q5
125,INT-001,6,2025-05-06 00:30:00,2025-05-06 00:30:25.060092156,25.06,0.0,Q6
125,INT-001,7,2025-05-06 00:35:00,2025-05-06 00:35:33.812080725,33.81,0.0,Q7
125,INT-001,8,2025-05-06 00:40:00,2025-05-06 00:40:29.363105151,29.36,0.0,Q8
125,INT-001,9,2025-05-06 00:45:00,2025-05-06 00:45:22.823267105,22.82,0.0,Q9
125,INT-001,10,2025-05-06 00:50:00,2025-05-06 00:50:26.102309720,26.1,6.19,Q10
125,INT-001,11,2025-05-06 00:55:00,2025-05-06 00:55:29.038108032,29.04,13.93,Q11
125,INT-001,12,2025-05-06 01:00:00,2025-05-06 01:00:36.493908219,36.49,19.83,Q12
125,INT-001,13,2025-05-06 01:05:00,2025-05-06 01:05:32.119344302,32.12,0.0,Q13
125,INT-001,14,2025-05-06 01:10:00,2025-05-06 01:10:31.611928536,31.61,14.64,Q14
125,INT-001,15,2025-05-06 01:15:00,2025-05-06 01:15:28.771451803,28.77,11.37,Q15
125,INT-001,16,2025-05-06 01:20:00,2025-05-06 01:20:26.348480228,26.35,16.6,Q16
125,INT-001,17,2025-05-06 01:25:00,2025-05-06 01:25:26.484412195,26.48,3.65,Q17
125,INT-001,18,2025-05-06 01:30:00,2025-05-06 01:30:26.846918371,26.85,11.12,Q18
125,INT-001,19,2025-05-06 01:35:00,2025-05-06 01:35:29.172748978,29.17,0.0,Q19
125,INT-001,20,2025-05-06 01:40:00,2025-05-06 01:40:35.047291168,35.05,9.82,Q20
126,INT-002,1,2025-05-07 00:05:00,2025-05-07 00:05:34.464940777,34.46,12.19,Q1
126,INT-002,2,2025-05-07 00:10:00,2025-05-07 00:10:34.427933098,34.43,15.79,Q2
126,INT-002,3,2025-05-07 00:15:00,2025-05-07 00:15:34.285086998,34.29,15.37,Q3
126,INT-002,4,2025-05-07 00:20:00,2025-05-07 00:20:38.032550499,38.03,12.74,Q4
126,INT-002,5,2025-05-07 00:25:00,2025-05-07 00:25:32.294956967,32.29,6.48,Q5
126,INT-002,6,2025-05-07 00:30:00,2025-05-07 00:30:36.667969695,36.67,0.0,Q6
126,INT-002,7,2025-05-07 00:35:00,2025-05-07 00:35:38.609495241,38.61,13.92,Q7
126,INT-002,8,2025-05-07 00:40:00,2025-05-07 00:40:39.982978706,39.98,0.0,Q8
126,INT-002,9,2025-05-07 00:45:00,2025-05-07 00:45:32.368402791,32.37,12.12,Q9
126,INT-002,10,2025-05-07 00:50:00,2025-05-07 00:50:33.170171658,33.17,2.32,Q10
126,INT-002,11,2025-05-07 00:55:00,2025-05-07 00:55:35.171410650,35.17,11.7,Q11
126,INT-002,12,2025-05-07 01:00:00,2025-05-07 01:00:42.369004781,42.37,21.68,Q12
126,INT-002,13,2025-05-07 01:05:00,2025-05-07 01:05:30.294438366,30.29,0.0,Q13
126,INT-002,14,2025-05-07 01:10:00,2025-05-07 01:10:29.044579327,29.04,7.21,Q14
126,INT-002,15,2025-05-07 01:15:00,2025-05-07 01:15:33.157551249,33.16,16.05,Q15
126,INT-002,16,2025-05-07 01:20:00,2025-05-07 01:20:44.556712379,44.56,23.9,Q16
126,INT-002,17,2025-05-07 01:25:00,2025-05-07 01:25:31.195529293,31.2,0.0,Q17
126,INT-002,18,2025-05-07 01:30:00,2025-05-07 01:30:37.075458189,37.08,18.94,Q18
126,INT-002,19,2025-05-07 01:35:00,2025-05-07 01:35:32.035156478,32.04,4.78,Q19
126,INT-002,20,2025-05-07 01:40:00,2025-05-07 01:40:44.971545270,44.97,18.39,Q20
127,INT-003,1,2025-05-08 00:05:00,2025-05-08 00:05:31.672484819,31.67,14.17,Q1
127,INT-003,2,2025-05-08 00:10:00,2025-05-08 00:10:29.862644904,29.86,2.84,Q2
127,INT-003,3,2025-05-08 00:15:00,2025-05-08 00:15:29.102459512,29.1,22.58,Q3
127,INT-003,4,2025-05-08 00:20:00,2025-05-08 00:20:36.310956443,36.31,7.49,Q4
127,INT-003,5,2025-05-08 00:25:00,2025-05-08 00:25:38.763419445,38.76,16.52,Q5
127,INT-003,6,2025-05-08 00:30:00,2025-05-08 00:30:38.903677233,38.9,0.0,Q6
127,INT-003,7,2025-05-08 00:35:00,2025-05-08 00:35:36.846444653,36.85,0.0,Q7
127,INT-003,8,2025-05-08 00:40:00,2025-05-08 00:40:30.850130609,30.85,21.01,Q8
127,INT-003,9,2025-05-08 00:45:00,2025-05-08 00:45:33.403908456,33.4,23.34,Q9
127,INT-003,10,2025-05-08 00:50:00,2025-05-08 00:50:34.365176733,34.37,32.83,Q10
127,INT-003,11,2025-05-08 00:55:00,2025-05-08 00:55:27.450480202,27.45,12.7,Q11
127,INT-003,12,2025-05-08 01:00:00,2025-05-08 01:00:31.423677072,31.42,0.0,Q12
127,INT-003,13,2025-05-08 01:05:00,2025-05-08 01:05:23.353143854,23.35,12.53,Q13
127,INT-003,14,2025-05-08 01:10:00,2025-05-08 01:10:24.920586891,24.92,18.82,Q14
127,INT-003,15,2025-05-08 01:15:00,2025-05-08 01:15:34.486254541,34.49,0.09,Q15
127,INT-003,16,2025-05-08 01:20:00,2025-05-08 01:20:32.810150985,32.81,7.41,Q16
127,INT-003,17,2025-05-08 01:25:00,2025-05-08 01:25:37.680043168,37.68,0.0,Q17
127,INT-003,18,2025-05-08 01:30:00,2025-05-08 01:30:28.481743911,28.48,21.68,Q18
127,INT-003,19,2025-05-08 01:35:00,2025-05-08 01:35:32.040427614,32.04,13.89,Q19
127,INT-003,20,2025-05-08 01:40:00,2025-05-08 01:40:33.787424064,33.79,9.02,Q20
128,INT-004,1,2025-05-09 00:05:00,2025-05-09 00:05:40.993070730,40.99,6.62,Q1
128,INT-004,2,2025-05-09 00:10:00,2025-05-09 00:10:40.031178104,40.03,0.0,Q2
128,INT-004,3,2025-05-09 00:15:00,2025-05-09 00:15:36.503638929,36.5,19.31,Q3
128,INT-004,4,2025-05-09 00:20:00,2025-05-09 00:20:39.692630289,39.69,8.83,Q4
128,INT-004,5,2025-05-09 00:25:00,2025-05-09 00:25:32.421319481,32.42,5.77,Q5
128,INT-004,6,2025-05-09 00:30:00,2025-05-09 00:30:39.078417167,39.08,0.0,Q6
128,INT-004,7,2025-05-09 00:35:00,2025-05-09 00:35:35.085286975,35.09,4.72,Q7
128,INT-004,8,2025-05-09 00:40:00,2025-05-09 00:40:38.170101512,38.17,0.0,Q8
128,INT-004,9,2025-05-09 00:45:00,2025-05-09 00:45:31.471551252,31.47,0.0,Q9
128,INT-004,10,2025-05-09 00:50:00,2025-05-09 00:50:36.238292962,36.24,0.0,Q10
128,INT-004,11,2025-05-09 00:55:00,2025-05-09 00:55:32.961679358,32.96,13.84,Q11
128,INT-004,12,2025-05-09 01:00:00,2025-05-09 01:00:37.045822486,37.05,9.37,Q12
128,INT-004,13,2025-05-09 01:05:00,2025-05-09 01:05:42.483299502,42.48,0.0,Q13
128,INT-004,14,2025-05-09 01:10:00,2025-05-09 01:10:34.738378709,34.74,0.0,Q14
128,INT-004,15,2025-05-09 01:15:00,2025-05-09 01:15:22.035123062,22.04,4.02,Q15
128,INT-004,16,2025-05-09 01:20:00,2025-05-09 01:20:35.215333055,35.22,0.0,Q16
128,INT-004,17,2025-05-09 01:25:00,2025-05-09 01:25:39.364879136,39.36,12.45,Q17
128,INT-004,18,2025-05-09 01:30:00,2025-05-09 01:30:35.428707480,35.43,0.0,Q18
128,INT-004,19,2025-05-09 01:35:00,2025-05-09 01:35:21.133651456,21.13,20.73,Q19
128,INT-004,20,2025-05-09 01:40:00,2025-05-09 01:40:33.618774378,33.62,1.88,Q20
129,INT-005,1,2025-05-10 00:05:00,2025-05-10 00:05:38.587745409,38.59,0.0,Q1
129,INT-005,2,2025-05-10 00:10:00,2025-05-10 00:10:37.088654182,37.09,18.22,Q2
129,INT-005,3,2025-05-10 00:15:00,2025-05-10 00:15:41.287848733,41.29,10.17,Q3
129,INT-005,4,2025-05-10 00:20:00,2025-05-10 00:20:36.979905459,36.98,9.21,Q4
129,INT-005,5,2025-05-10 00:25:00,2025-05-10 00:25:43.200759932,43.2,8.85,Q5
129,INT-005,6,2025-05-10 00:30:00,2025-05-10 00:30:38.000298301,38.0,14.8,Q6
129,INT-005,7,2025-05-10 00:35:00,2025-05-10 00:35:36.415245274,36.42,7.43,Q7
129,INT-005,8,2025-05-10 00:40:00,2025-05-10 00:40:40.390269474,40.39,0.0,Q8
129,INT-005,9,2025-05-10 00:45:00,2025-05-10 00:45:36.081896572,36.08,15.24,Q9
129,INT-005,10,2025-05-10 00:50:00,2025-05-10 00:50:38.333570774,38.33,17.28,Q10
129,INT-005,11,2025-05-10 00:55:00,2025-05-10 00:55:33.542979352,33.54,0.0,Q11
129,INT-005,12,2025-05-10 01:00:00,2025-05-10 01:00:45.691287309,45.69,0.06,Q12
129,INT-005,13,2025-05-10 01:05:00,2025-05-10 01:05:32.199568694,32.2,7.02,Q13
129,INT-005,14,2025-05-10 01:10:00,2025-05-10 01:10:36.993796251,36.99,16.78,Q14
129,INT-005,15,2025-05-10 01:15:00,2025-05-10 01:15:38.901552707,38.9,13.83,Q15
129,INT-005,16,2025-05-10 01:20:00,2025-05-10 01:20:39.037709766,39.04,0.0,Q16
129,INT-005,17,2025-05-10 01:25:00,2025-05-10 01:25:34.043482208,34.04,12.42,Q17
129,INT-005,18,2025-05-10 01:30:00,2025-05-10 01:30:44.889169641,44.89,14.84,Q18
129,INT-005,19,2025-05-10 01:35:00,2025-05-10 01:35:36.635140048,36.64,17.53,Q19
129,INT-005,20,2025-05-10 01:40:00,2025-05-10 01:40:38.044938192,38.04,4.17,Q20
130,INT-006,1,2025-05-11 00:05:00,2025-05-11 00:05:19.607682689,19.61,9.01,Q1
130,INT-006,2,2025-05-11 00:10:00,2025-05-11 00:10:22.882446548,22.88,0.0,Q2
130,INT-006,3,2025-05-11 00:15:00,2025-05-11 00:15:13.713556209,13.71,25.93,Q3
130,INT-006,4,2025-05-11 00:20:00,2025-05-11 00:20:15.724631815,15.72,12.03,Q4
130,INT-006,5,2025-05-11 00:25:00,2025-05-11 00:25:25.372434716,25.37,16.47,Q5
130,INT-006,6,2025-05-11 00:30:00,2025-05-11 00:30:20.804095867,20.8,4.91,Q6
130,INT-006,7,2025-05-11 00:35:00,2025-05-11 00:35:17.498602158,17.5,5.32,Q7
130,INT-006,8,2025-05-11 00:40:00,2025-05-11 00:40:19.139021725,19.14,1.43,Q8
130,INT-006,9,2025-05-11 00:45:00,2025-05-11 00:45:20.514336074,20.51,7.3,Q9
130,INT-006,10,2025-05-11 00:50:00,2025-05-11 00:50:08.342037863,8.34,17.95,Q10
130,INT-006,11,2025-05-11 00:55:00,2025-05-11 00:55:16.098017468,16.1,25.43,Q11
130,INT-006,12,2025-05-11 01:00:00,2025-05-11 01:00:22.581479923,22.58,15.49,Q12
130,INT-006,13,2025-05-11 01:05:00,2025-05-11 01:05:19.567387596,19.57,10.75,Q13
130,INT-006,14,2025-05-11 01:10:00,2025-05-11 01:10:19.251981698,19.25,7.53,Q14
130,INT-006,15,2025-05-11 01:15:00,2025-05-11 01:15:25.044602674,25.04,0.0,Q15
130,INT-006,16,2025-05-11 01:20:00,2025-05-11 01:20:21.124591427,21.12,0.0,Q16
130,INT-006,17,2025-05-11 01:25:00,2025-05-11 01:25:23.148923793,23.15,3.54,Q17
130,INT-006,18,2025-05-11 01:30:00,2025-05-11 01:30:26.228874905,26.23,20.76,Q18
130,INT-006,19,2025-05-11 01:35:00,2025-05-11 01:35:19.233121183,19.23,0.0,Q19
130,INT-006,20,2025-05-11 01:40:00,2025-05-11 01:40:13.925765377,13.93,5.85,Q20
131,INT-007,1,2025-05-12 00:05:00,2025-05-12 00:05:23.454782164,23.45,10.57,Q1
131,INT-007,2,2025-05-12 00:10:00,2025-05-12 00:10:20.576157678,20.58,15.68,Q2
131,INT-007,3,2025-05-12 00:15:00,2025-05-12 00:15:22.082505521,22.08,5.79,Q3
131,INT-007,4,2025-05-12 00:20:00,2025-05-12 00:20:19.404619237,19.4,16.86,Q4
131,INT-007,5,2025-05-12 00:25:00,2025-05-12 00:25:20.682890989,20.68,11.41,Q5
131,INT-007,6,2025-05-12 00:30:00,2025-05-12 00:30:25.065992932,25.07,0.0,Q6
131,INT-007,7,2025-05-12 00:35:00,2025-05-12 00:35:20.726119081,20.73,12.38,Q7
131,INT-007,8,2025-05-12 00:40:00,2025-05-12 00:40:25.104509154,25.1,14.39,Q8
131,INT-007,9,2025-05-12 00:45:00,2025-05-12 00:45:14.688699365,14.69,3.01,Q9
131,INT-007,10,2025-05-12 00:50:00,2025-05-12 00:50:25.262271924,25.26,10.99,Q10
131,INT-007,11,2025-05-12 00:55:00,2025-05-12 00:55:27.987255906,27.99,1.6,Q11
131,INT-007,12,2025-05-12 01:00:00,2025-05-12 01:00:19.046229231,19.05,8.32,Q12
131,INT-007,13,2025-05-12 01:05:00,2025-05-12 01:05:28.055230749,28.06,0.0,Q13
131,INT-007,14,2025-05-12 01:10:00,2025-05-12 01:10:19.851759030,19.85,2.99,Q14
131,INT-007,15,2025-05-12 01:15:00,2025-05-12 01:15:30.990466681,30.99,22.05,Q15
131,INT-007,16,2025-05-12 01:20:00,2025-05-12 01:20:22.563150056,22.56,24.54,Q16
131,INT-007,17,2025-05-12 01:25:00,2025-05-12 01:25:34.813316004,34.81,0.0,Q17
131,INT-007,18,2025-05-12 01:30:00,2025-05-12 01:30:17.034732414,17.03,0.0,Q18
131,INT-007,19,2025-05-12 01:35:00,2025-05-12 01:35:23.327499378,23.33,7.96,Q19
131,INT-007,20,2025-05-12 01:40:00,2025-05-12 01:40:29.908526992,29.91,3.47,Q20
132,INT-008,1,2025-05-13 00:05:00,2025-05-13 00:05:20.508461989,20.51,15.37,Q1
132,INT-008,2,2025-05-13 00:10:00,2025-05-13 00:10:27.705508255,27.71,9.14,Q2
132,INT-008,3,2025-05-13 00:15:00,2025-05-13 00:15:21.585480948,21.59,6.55,Q3
132,INT-008,4,2025-05-13 00:20:00,2025-05-13 00:20:25.096846068,25.1,3.09,Q4
132,INT-008,5,2025-05-13 00:25:00,2025-05-13 00:25:26.870571015,26.87,0.0,Q5
132,INT-008,6,2025-05-13 00:30:00,2025-05-13 00:30:14.259373835,14.26,0.0,Q6
132,INT-008,7,2025-05-13 00:35:00,2025-05-13 00:35:26.581766680,26.58,6.4,Q7
132,INT-008,8,2025-05-13 00:40:00,2025-05-13 00:40:16.745399879,16.75,12.16,Q8
132,INT-008,9,2025-05-13 00:45:00,2025-05-13 00:45:15.670930065,15.67,9.28,Q9
132,INT-008,10,2025-05-13 00:50:00,2025-05-13 00:50:18.134664133,18.13,9.46,Q10
132,INT-008,11,2025-05-13 00:55:00,2025-05-13 00:55:21.889876301,21.89,16.97,Q11
132,INT-008,12,2025-05-13 01:00:00,2025-05-13 01:00:22.748709103,22.75,0.87,Q12
132,INT-008,13,2025-05-13 01:05:00,2025-05-13 01:05:14.842447374,14.84,20.51,Q13
132,INT-008,14,2025-05-13 01:10:00,2025-05-13 01:10:27.427631068,27.43,11.28,Q14
132,INT-008,15,2025-05-13 01:15:00,2025-05-13 01:15:27.276252676,27.28,3.91,Q15
132,INT-008,16,2025-05-13 01:20:00,2025-05-13 01:20:28.980921574,28.98,0.0,Q16
132,INT-008,17,2025-05-13 01:25:00,2025-05-13 01:25:19.810903971,19.81,5.92,Q17
132,INT-008,18,2025-05-13 01:30:00,2025-05-13 01:30:23.161242259,23.16,3.0,Q18
132,INT-008,19,2025-05-13 01:35:00,2025-05-13 01:35:25.590115674,25.59,0.0,Q19
132,INT-008,20,2025-05-13 01:40:00,2025-05-13 01:40:25.508809671,25.51,1.97,Q20
133,INT-009,1,2025-05-14 00:05:00,2025-05-14 00:05:27.038217023,27.04,6.79,Q1
133,INT-009,2,2025-05-14 00:10:00,2025-05-14 00:10:30.479688083,30.48,11.17,Q2
133,INT-009,3,2025-05-14 00:15:00,2025-05-14 00:15:33.162128393,33.16,23.37,Q3
133,INT-009,4,2025-05-14 00:20:00,2025-05-14 00:20:30.759586501,30.76,1.3,Q4
133,INT-009,5,2025-05-14 00:25:00,2025-05-14 00:25:19.109481525,19.11,0.0,Q5
133,INT-009,6,2025-05-14 00:30:00,2025-05-14 00:30:27.567631217,27.57,11.78,Q6
133,INT-009,7,2025-05-14 00:35:00,2025-05-14 00:35:27.016404615,27.02,15.04,Q7
133,INT-009,8,2025-05-14 00:40:00,2025-05-14 00:40:23.010243758,23.01,23.91,Q8
133,INT-009,9,2025-05-14 00:45:00,2025-05-14 00:45:24.802716923,24.8,0.0,Q9
133,INT-009,10,2025-05-14 00:50:00,2025-05-14 00:50:33.727518994,33.73,0.0,Q10
133,INT-009,11,2025-05-14 00:55:00,2025-05-14 00:55:26.122863357,26.12,0.0,Q11
133,INT-009,12,2025-05-14 01:00:00,2025-05-14 01:00:17.796087707,17.8,5.45,Q12
133,INT-009,13,2025-05-14 01:05:00,2025-05-14 01:05:34.848917763,34.85,3.28,Q13
133,INT-009,14,2025-05-14 01:10:00,2025-05-14 01:10:28.898803940,28.9,4.93,Q14
133,INT-009,15,2025-05-14 01:15:00,2025-05-14 01:15:21.320054087,21.32,10.32,Q15
133,INT-009,16,2025-05-14 01:20:00,2025-05-14 01:20:23.163806496,23.16,11.92,Q16
133,INT-009,17,2025-05-14 01:25:00,2025-05-14 01:25:34.227960775,34.23,0.0,Q17
133,INT-009,18,2025-05-14 01:30:00,2025-05-14 01:30:25.128441105,25.13,8.47,Q18
133,INT-009,19,2025-05-14 01:35:00,2025-05-14 01:35:20.520461620,20.52,8.01,Q19
133,INT-009,20,2025-05-14 01:40:00,2025-05-14 01:40:28.975416994,28.98,8.24,Q20
134,INT-010,1,2025-05-15 00:05:00,2025-05-15 00:05:24.752557540,24.75,2.76,Q1
134,INT-010,2,2025-05-15 00:10:00,2025-05-15 00:10:26.260401892,26.26,23.27,Q2
134,INT-010,3,2025-05-15 00:15:00,2025-05-15 00:15:36.648120874,36.65,15.62,Q3
134,INT-010,4,2025-05-15 00:20:00,2025-05-15 00:20:19.194152340,19.19,0.0,Q4
134,INT-010,5,2025-05-15 00:25:00,2025-05-15 00:25:31.700806087,31.7,11.78,Q5
134,INT-010,6,2025-05-15 00:30:00,2025-05-15 00:30:21.890094865,21.89,23.89,Q6
134,INT-010,7,2025-05-15 00:35:00,2025-05-15 00:35:29.276269095,29.28,0.0,Q7
134,INT-010,8,2025-05-15 00:40:00,2025-05-15 00:40:35.024885287,35.02,26.25,Q8
134,INT-010,9,2025-05-15 00:45:00,2025-05-15 00:45:23.342531687,23.34,2.08,Q9
134,INT-010,10,2025-05-15 00:50:00,2025-05-15 00:50:37.386790291,37.39,0.0,Q10
134,INT-010,11,2025-05-15 00:55:00,2025-05-15 00:55:23.220097994,23.22,16.28,Q11
134,INT-010,12,2025-05-15 01:00:00,2025-05-15 01:00:33.037157880,33.04,16.55,Q12
134,INT-010,13,2025-05-15 01:05:00,2025-05-15 01:05:29.745818798,29.75,7.83,Q13
134,INT-010,14,2025-05-15 01:10:00,2025-05-15 01:10:26.793470561,26.79,9.33,Q14
134,INT-010,15,2025-05-15 01:15:00,2025-05-15 01:15:24.793837276,24.79,10.37,Q15
134,INT-010,16,2025-05-15 01:20:00,2025-05-15 01:20:31.975527348,31.98,8.49,Q16
134,INT-010,17,2025-05-15 01:25:00,2025-05-15 01:25:26.975132415,26.98,7.43,Q17
134,INT-010,18,2025-05-15 01:30:00,2025-05-15 01:30:24.950515491,24.95,0.0,Q18
134,INT-010,19,2025-05-15 01:35:00,2025-05-15 01:35:27.643310748,27.64,12.14,Q19
134,INT-010,20,2025-05-15 01:40:00,2025-05-15 01:40:30.020852121,30.02,7.01,Q20
135,INT-011,1,2025-05-16 00:05:00,2025-05-16 00:05:30.257107785,30.26,0.0,Q1
135,INT-011,2,2025-05-16 00:10:00,2025-05-16 00:10:31.753241849,31.75,6.85,Q2
135,INT-011,3,2025-05-16 00:15:00,2025-05-16 00:15:22.839134148,22.84,15.2,Q3
135,INT-011,4,2025-05-16 00:20:00,2025-05-16 00:20:20.593248424,20.59,0.0,Q4
135,INT-011,5,2025-05-16 00:25:00,2025-05-16 00:25:22.402688957,22.4,9.81,Q5
135,INT-011,6,2025-05-16 00:30:00,2025-05-16 00:30:32.771475452,32.77,10.21,Q6
135,INT-011,7,2025-05-16 00:35:00,2025-05-16 00:35:22.681856836,22.68,18.59,Q7
135,INT-011,8,2025-05-16 00:40:00,2025-05-16 00:40:38.690921437,38.69,1.21,Q8
135,INT-011,9,2025-05-16 00:45:00,2025-05-16 00:45:22.742363699,22.74,3.98,Q9
135,INT-011,10,2025-05-16 00:50:00,2025-05-16 00:50:34.047303013,34.05,3.99,Q10
135,INT-011,11,2025-05-16 00:55:00,2025-05-16 00:55:28.997342945,29.0,3.47,Q11
135,INT-011,12,2025-05-16 01:00:00,2025-05-16 01:00:31.141874340,31.14,5.38,Q12
135,INT-011,13,2025-05-16 01:05:00,2025-05-16 01:05:36.574958928,36.57,2.35,Q13
135,INT-011,14,2025-05-16 01:10:00,2025-05-16 01:10:32.696588766,32.7,7.29,Q14
135,INT-011,15,2025-05-16 01:15:00,2025-05-16 01:15:20.531697373,20.53,21.97,Q15
135,INT-011,16,2025-05-16 01:20:00,2025-05-16 01:20:32.747616876,32.75,5.35,Q16
135,INT-011,17,2025-05-16 01:25:00,2025-05-16 01:25:27.102574186,27.1,27.2,Q17
135,INT-011,18,2025-05-16 01:30:00,2025-05-16 01:30:29.396349182,29.4,4.48,Q18
135,INT-011,19,2025-05-16 01:35:00,2025-05-16 01:35:36.336260943,36.34,0.0,Q19
135,INT-011,20,2025-05-16 01:40:00,2025-05-16 01:40:29.696789229,29.7,20.77,Q20
136,INT-012,1,2025-05-17 00:05:00,2025-05-17 00:05:37.236742623,37.24,4.18,Q1
136,INT-012,2,2025-05-17 00:10:00,2025-05-17 00:10:33.158124672,33.16,6.97,Q2
136,INT-012,3,2025-05-17 00:15:00,2025-05-17 00:15:32.459066066,32.46,9.99,Q3
136,INT-012,4,2025-05-17 00:20:00,2025-05-17 00:20:27.101530645,27.1,14.96,Q4
136,INT-012,5,2025-05-17 00:25:00,2025-05-17 00:25:28.043360737,28.04,23.42,Q5
136,INT-012,6,2025-05-17 00:30:00,2025-05-17 00:30:39.363026366,39.36,9.92,Q6
136,INT-012,7,2025-05-17 00:35:00,2025-05-17 00:35:26.242070254,26.24,4.31,Q7
136,INT-012,8,2025-05-17 00:40:00,2025-05-17 00:40:30.884053856,30.88,0.0,Q8
136,INT-012,9,2025-05-17 00:45:00,2025-05-17 00:45:37.894884049,37.89,21.44,Q9
136,INT-012,10,2025-05-17 00:50:00,2025-05-17 00:50:32.456858917,32.46,11.34,Q10
136,INT-012,11,2025-05-17 00:55:00,2025-05-17 00:55:30.306507610,30.31,19.52,Q11
136,INT-012,12,2025-05-17 01:00:00,2025-05-17 01:00:39.502553040,39.5,16.36,Q12
136,INT-012,13,2025-05-17 01:05:00,2025-05-17 01:05:34.682946733,34.68,16.19,Q13
136,INT-012,14,2025-05-17 01:10:00,2025-05-17 01:10:39.321996345,39.32,12.58,Q14
136,INT-012,15,2025-05-17 01:15:00,2025-05-17 01:15:28.874896788,28.87,0.0,Q15
136,INT-012,16,2025-05-17 01:20:00,2025-05-17 01:20:26.979148065,26.98,0.0,Q16
136,INT-012,17,2025-05-17 01:25:00,2025-05-17 01:25:25.851633588,25.85,9.06,Q17
136,INT-012,18,2025-05-17 01:30:00,2025-05-17 01:30:33.531772853,33.53,11.92,Q18
136,INT-012,19,2025-05-17 01:35:00,2025-05-17 01:35:23.548647148,23.55,0.0,Q19
136,INT-012,20,2025-05-17 01:40:00,2025-05-17 01:40:29.395670292,29.4,14.19,Q20
137,INT-013,1,2025-05-18 00:05:00,2025-05-18 00:05:20.726027006,20.73,21.39,Q1
137,INT-013,2,2025-05-18 00:10:00,2025-05-18 00:10:36.643174652,36.64,21.12,Q2
137,INT-013,3,2025-05-18 00:15:00,2025-05-18 00:15:40.595327075,40.6,0.37,Q3
137,INT-013,4,2025-05-18 00:20:00,2025-05-18 00:20:35.491481797,35.49,14.21,Q4
137,INT-013,5,2025-05-18 00:25:00,2025-05-18 00:25:37.470444670,37.47,14.46,Q5
137,INT-013,6,2025-05-18 00:30:00,2025-05-18 00:30:35.263009227,35.26,15.06,Q6
137,INT-013,7,2025-05-18 00:35:00,2025-05-18 00:35:36.352653192,36.35,8.48,Q7
137,INT-013,8,2025-05-18 00:40:00,2025-05-18 00:40:32.083332122,32.08,13.87,Q8
137,INT-013,9,2025-05-18 00:45:00,2025-05-18 00:45:31.992836495,31.99,17.27,Q9
137,INT-013,10,2025-05-18 00:50:00,2025-05-18 00:50:42.407541042,42.41,15.92,Q10
137,INT-013,11,2025-05-18 00:55:00,2025-05-18 00:55:32.730777544,32.73,12.19,Q11
137,INT-013,12,2025-05-18 01:00:00,2025-05-18 01:00:31.849736627,31.85,0.0,Q12
137,INT-013,13,2025-05-18 01:05:00,2025-05-18 01:05:40.407007143,40.41,0.0,Q13
137,INT-013,14,2025-05-18 01:10:00,2025-05-18 01:10:30.559778537,30.56,0.0,Q14
137,INT-013,15,2025-05-18 01:15:00,2025-05-18 01:15:39.987224840,39.99,27.81,Q15
137,INT-013,16,2025-05-18 01:20:00,2025-05-18 01:20:41.666778824,41.67,8.56,Q16
137,INT-013,17,2025-05-18 01:25:00,2025-05-18 01:25:41.576098089,41.58,7.87,Q17
137,INT-013,18,2025-05-18 01:30:00,2025-05-18 01:30:27.154491427,27.15,0.0,Q18
137,INT-013,19,2025-05-18 01:35:00,2025-05-18 01:35:37.416685705,37.42,2.63,Q19
137,INT-013,20,2025-05-18 01:40:00,2025-05-18 01:40:28.851517285,28.85,3.31,Q20
138,INT-014,1,2025-05-19 00:05:00,2025-05-19 00:05:33.692283544,33.69,5.5,Q1
138,INT-014,2,2025-05-19 00:10:00,2025-05-19 00:10:39.628678973,39.63,9.58,Q2
138,INT-014,3,2025-05-19 00:15:00,2025-05-19 00:15:39.425049204,39.43,5.85,Q3
138,INT-014,4,2025-05-19 00:20:00,2025-05-19 00:20:36.316449257,36.32,0.0,Q4
138,INT-014,5,2025-05-19 00:25:00,2025-05-19 00:25:33.043041070,33.04,14.76,Q5
138,INT-014,6,2025-05-19 00:30:00,2025-05-19 00:30:36.392959351,36.39,0.0,Q6
138,INT-014,7,2025-05-19 00:35:00,2025-05-19 00:35:37.333332717,37.33,22.37,Q7
138,INT-014,8,2025-05-19 00:40:00,2025-05-19 00:40:33.265475366,33.27,7.98,Q8
138,INT-014,9,2025-05-19 00:45:00,2025-05-19 00:45:43.070431138,43.07,0.0,Q9
138,INT-014,10,2025-05-19 00:50:00,2025-05-19 00:50:34.198080293,34.2,9.58,Q10
138,INT-014,11,2025-05-19 00:55:00,2025-05-19 00:55:37.063148282,37.06,7.09,Q11
138,INT-014,12,2025-05-19 01:00:00,2025-05-19 01:00:39.249159447,39.25,19.85,Q12
138,INT-014,13,2025-05-19 01:05:00,2025-05-19 01:05:31.906475762,31.91,5.11,Q13
138,INT-014,14,2025-05-19 01:10:00,2025-05-19 01:10:28.637326546,28.64,4.82,Q14
138,INT-014,15,2025-05-19 01:15:00,2025-05-19 01:15:38.985289200,38.99,26.14,Q15
138,INT-014,16,2025-05-19 01:20:00,2025-05-19 01:20:36.383281786,36.38,14.01,Q16
138,INT-014,17,2025-05-19 01:25:00,2025-05-19 01:25:42.634270209,42.63,11.0,Q17
138,INT-014,18,2025-05-19 01:30:00,2025-05-19 01:30:38.103566709,38.1,19.06,Q18
138,INT-014,19,2025-05-19 01:35:00,2025-05-19 01:35:25.888740340,25.89,21.34,Q19
138,INT-014,20,2025-05-19 01:40:00,2025-05-19 01:40:39.789021177,39.79,8.94,Q20
139,INT-015,1,2025-05-20 00:05:00,2025-05-20 00:05:34.311283634,34.31,10.04,Q1
139,INT-015,2,2025-05-20 00:10:00,2025-05-20 00:10:42.098489502,42.1,5.8,Q2
139,INT-015,3,2025-05-20 00:15:00,2025-05-20 00:15:35.002444259,35.0,28.8,Q3
139,INT-015,4,2025-05-20 00:20:00,2025-05-20 00:20:44.460612574,44.46,14.26,Q4
139,INT-015,5,2025-05-20 00:25:00,2025-05-20 00:25:42.691366270,42.69,8.72,Q5
139,INT-015,6,2025-05-20 00:30:00,2025-05-20 00:30:29.586626877,29.59,10.43,Q6
139,INT-015,7,2025-05-20 00:35:00,2025-05-20 00:35:37.036979625,37.04,18.21,Q7
139,INT-015,8,2025-05-20 00:40:00,2025-05-20 00:40:31.305495642,31.31,0.0,Q8
139,INT-015,9,2025-05-20 00:45:00,2025-05-20 00:45:35.620384220,35.62,7.41,Q9
139,INT-015,10,2025-05-20 00:50:00,2025-05-20 00:50:37.744390594,37.74,18.92,Q10
139,INT-015,11,2025-05-20 00:55:00,2025-05-20 00:55:33.169917074,33.17,17.71,Q11
139,INT-015,12,2025-05-20 01:00:00,2025-05-20 01:00:41.677705500,41.68,16.82,Q12
139,INT-015,13,2025-05-20 01:05:00,2025-05-20 01:05:38.297602423,38.3,11.19,Q13
139,INT-015,14,2025-05-20 01:10:00,2025-05-20 01:10:37.102855946,37.1,0.0,Q14
139,INT-015,15,2025-05-20 01:15:00,2025-05-20 01:15:32.254994772,32.25,0.0,Q15
139,INT-015,16,2025-05-20 01:20:00,2025-05-20 01:20:42.749575159,42.75,8.57,Q16
139,INT-015,17,2025-05-20 01:25:00,2025-05-20 01:25:33.787783307,33.79,1.74,Q17
139,INT-015,18,2025-05-20 01:30:00,2025-05-20 01:30:48.948588679,48.95,14.36,Q18
139,INT-015,19,2025-05-20 01:35:00,2025-05-20 01:35:34.989279107,34.99,7.89,Q19
139,INT-015,20,2025-05-20 01:40:00,2025-05-20 01:40:37.634920005,37.63,27.67,Q20
140,INT-016,1,2025-05-21 00:05:00,2025-05-21 00:05:14.219841644,14.22,9.44,Q1
140,INT-016,2,2025-05-21 00:10:00,2025-05-21 00:10:17.605305079,17.61,0.0,Q2
140,INT-016,3,2025-05-21 00:15:00,2025-05-21 00:15:13.152651113,13.15,10.1,Q3
140,INT-016,4,2025-05-21 00:20:00,2025-05-21 00:20:21.323555995,21.32,1.83,Q4
140,INT-016,5,2025-05-21 00:25:00,2025-05-21 00:25:14.493978681,14.49,6.19,Q5
140,INT-016,6,2025-05-21 00:30:00,2025-05-21 00:30:16.919970046,16.92,7.43,Q6
140,INT-016,7,2025-05-21 00:35:00,2025-05-21 00:35:16.523438561,16.52,24.66,Q7
140,INT-016,8,2025-05-21 00:40:00,2025-05-21 00:40:17.136485453,17.14,11.51,Q8
140,INT-016,9,2025-05-21 00:45:00,2025-05-21 00:45:12.872265924,12.87,0.0,Q9
140,INT-016,10,2025-05-21 00:50:00,2025-05-21 00:50:14.684454566,14.68,0.0,Q10
140,INT-016,11,2025-05-21 00:55:00,2025-05-21 00:55:23.982313548,23.98,13.15,Q11
140,INT-016,12,2025-05-21 01:00:00,2025-05-21 01:00:24.860575761,24.86,9.88,Q12
140,INT-016,13,2025-05-21 01:05:00,2025-05-21 01:05:24.241071125,24.24,0.0,Q13
140,INT-016,14,2025-05-21 01:10:00,2025-05-21 01:10:17.328718382,17.33,3.4,Q14
140,INT-016,15,2025-05-21 01:15:00,2025-05-21 01:15:11.312431837,11.31,18.63,Q15
140,INT-016,16,2025-05-21 01:20:00,2025-05-21 01:20:26.030150861,26.03,16.03,Q16
140,INT-016,17,2025-05-21 01:25:00,2025-05-21 01:25:18.449134215,18.45,13.68,Q17
140,INT-016,18,2025-05-21 01:30:00,2025-05-21 01:30:24.557935359,24.56,6.57,Q18
140,INT-016,19,2025-05-21 01:35:00,2025-05-21 01:35:29.175235178,29.18,8.8,Q19
140,INT-016,20,2025-05-21 01:40:00,2025-05-21 01:40:26.987954278,26.99,15.25,Q20
141,INT-017,1,2025-05-22 00:05:00,2025-05-22 00:05:17.412264454,17.41,0.0,Q1
141,INT-017,2,2025-05-22 00:10:00,2025-05-22 00:10:16.494953536,16.49,18.85,Q2
141,INT-017,3,2025-05-22 00:15:00,2025-05-22 00:15:27.047166160,27.05,27.73,Q3
141,INT-017,4,2025-05-22 00:20:00,2025-05-22 00:20:23.260937436,23.26,5.29,Q4
141,INT-017,5,2025-05-22 00:25:00,2025-05-22 00:25:25.460838480,25.46,22.31,Q5
141,INT-017,6,2025-05-22 00:30:00,2025-05-22 00:30:26.189913780,26.19,5.27,Q6
141,INT-017,7,2025-05-22 00:35:00,2025-05-22 00:35:14.854299999,14.85,0.0,Q7
141,INT-017,8,2025-05-22 00:40:00,2025-05-22 00:40:20.696428195,20.7,17.51,Q8
141,INT-017,9,2025-05-22 00:45:00,2025-05-22 00:45:18.368193644,18.37,18.89,Q9
141,INT-017,10,2025-05-22 00:50:00,2025-05-22 00:50:20.925325030,20.93,6.74,Q10
141,INT-017,11,2025-05-22 00:55:00,2025-05-22 00:55:22.006805644,22.01,9.04,Q11
141,INT-017,12,2025-05-22 01:00:00,2025-05-22 01:00:24.249915849,24.25,9.72,Q12
141,INT-017,13,2025-05-22 01:05:00,2025-05-22 01:05:28.789178800,28.79,0.0,Q13
141,INT-017,14,2025-05-22 01:10:00,2025-05-22 01:10:22.309993314,22.31,18.25,Q14
141,INT-017,15,2025-05-22 01:15:00,2025-05-22 01:15:19.658273799,19.66,3.04,Q15
141,INT-017,16,2025-05-22 01:20:00,2025-05-22 01:20:24.064176413,24.06,0.0,Q16
141,INT-017,17,2025-05-22 01:25:00,2025-05-22 01:25:31.212529042,31.21,0.0,Q17
141,INT-017,18,2025-05-22 01:30:00,2025-05-22 01:30:21.967882064,21.97,8.02,Q18
141,INT-017,19,2025-05-22 01:35:00,2025-05-22 01:35:23.187445259,23.19,8.22,Q19
141,INT-017,20,2025-05-22 01:40:00,2025-05-22 01:40:24.011417584,24.01,5.9,Q20
142,INT-018,1,2025-05-23 00:05:00,2025-05-23 00:05:16.383431397,16.38,0.0,Q1
142,INT-018,2,2025-05-23 00:10:00,2025-05-23 00:10:28.362988898,28.36,0.0,Q2
142,INT-018,3,2025-05-23 00:15:00,2025-05-23 00:15:29.197892155,29.2,5.39,Q3
142,INT-018,4,2025-05-23 00:20:00,2025-05-23 00:20:15.276733317,15.28,1.36,Q4
142,INT-018,5,2025-05-23 00:25:00,2025-05-23 00:25:19.035726328,19.04,5.59,Q5
142,INT-018,6,2025-05-23 00:30:00,2025-05-23 00:30:25.674872092,25.67,0.0,Q6
142,INT-018,7,2025-05-23 00:35:00,2025-05-23 00:35:32.826840954,32.83,6.14,Q7
142,INT-018,8,2025-05-23 00:40:00,2025-05-23 00:40:23.023051422,23.02,11.88,Q8
142,INT-018,9,2025-05-23 00:45:00,2025-05-23 00:45:21.523428117,21.52,17.71,Q9
142,INT-018,10,2025-05-23 00:50:00,2025-05-23 00:50:18.425093677,18.43,16.47,Q10
142,INT-018,11,2025-05-23 00:55:00,2025-05-23 00:55:13.589973724,13.59,0.0,Q11
142,INT-018,12,2025-05-23 01:00:00,2025-05-23 01:00:29.066099585,29.07,0.0,Q12
142,INT-018,13,2025-05-23 01:05:00,2025-05-23 01:05:30.764827028,30.76,0.0,Q13
142,INT-018,14,2025-05-23 01:10:00,2025-05-23 01:10:23.103625227,23.1,15.07,Q14
142,INT-018,15,2025-05-23 01:15:00,2025-05-23 01:15:17.538644644,17.54,0.0,Q15
142,INT-018,16,2025-05-23 01:20:00,2025-05-23 01:20:23.181495935,23.18,19.92,Q16
142,INT-018,17,2025-05-23 01:25:00,2025-05-23 01:25:30.424479765,30.42,5.31,Q17
142,INT-018,18,2025-05-23 01:30:00,2025-05-23 01:30:18.415134350,18.42,0.0,Q18
142,INT-018,19,2025-05-23 01:35:00,2025-05-23 01:35:26.677135623,26.68,17.57,Q19
142,INT-018,20,2025-05-23 01:40:00,2025-05-23 01:40:22.063154019,22.06,4.93,Q20
143,INT-019,1,2025-05-24 00:05:00,2025-05-24 00:05:26.150029350,26.15,0.0,Q1
143,INT-019,2,2025-05-24 00:10:00,2025-05-24 00:10:18.723574948,18.72,15.05,Q2
143,INT-019,3,2025-05-24 00:15:00,2025-05-24 00:15:35.735045992,35.74,2.55,Q3
143,INT-019,4,2025-05-24 00:20:00,2025-05-24 00:20:26.714227761,26.71,16.07,Q4
143,INT-019,5,2025-05-24 00:25:00,2025-05-24 00:25:28.049547099,28.05,7.54,Q5
143,INT-019,6,2025-05-24 00:30:00,2025-05-24 00:30:18.149660505,18.15,7.23,Q6
143,INT-019,7,2025-05-24 00:35:00,2025-05-24 00:35:22.374158964,22.37,0.0,Q7
143,INT-019,8,2025-05-24 00:40:00,2025-05-24 00:40:16.533409666,16.53,0.73,Q8
143,INT-019,9,2025-05-24 00:45:00,2025-05-24 00:45:21.751365450,21.75,7.35,Q9
143,INT-019,10,2025-05-24 00:50:00,2025-05-24 00:50:18.009827002,18.01,3.55,Q10
143,INT-019,11,2025-05-24 00:55:00,2025-05-24 00:55:20.996714003,21.0,0.0,Q11
143,INT-019,12,2025-05-24 01:00:00,2025-05-24 01:00:27.277043488,27.28,4.69,Q12
143,INT-019,13,2025-05-24 01:05:00,2025-05-24 01:05:27.840949691,27.84,11.81,Q13
143,INT-019,14,2025-05-24 01:10:00,2025-05-24 01:10:33.626720059,33.63,4.92,Q14
143,INT-019,15,2025-05-24 01:15:00,2025-05-24 01:15:19.395801546,19.4,0.0,Q15
143,INT-019,16,2025-05-24 01:20:00,2025-05-24 01:20:33.236240309,33.24,12.86,Q16
143,INT-019,17,2025-05-24 01:25:00,2025-05-24 01:25:26.018848095,26.02,22.81,Q17
143,INT-019,18,2025-05-24 01:30:00,2025-05-24 01:30:14.549312950,14.55,2.02,Q18
143,INT-019,19,2025-05-24 01:35:00,2025-05-24 01:35:31.655647284,31.66,0.0,Q19
143,INT-019,20,2025-05-24 01:40:00,2025-05-24 01:40:25.160304393,25.16,2.13,Q20
144,INT-020,1,2025-05-25 00:05:00,2025-05-25 00:05:31.800309324,31.8,21.76,Q1
144,INT-020,2,2025-05-25 00:10:00,2025-05-25 00:10:37.439659103,37.44,1.18,Q2
144,INT-020,3,2025-05-25 00:15:00,2025-05-25 00:15:28.005798954,28.01,17.2,Q3
144,INT-020,4,2025-05-25 00:20:00,2025-05-25 00:20:33.870457039,33.87,6.85,Q4
144,INT-020,5,2025-05-25 00:25:00,2025-05-25 00:25:21.534652524,21.53,14.1,Q5
144,INT-020,6,2025-05-25 00:30:00,2025-05-25 00:30:27.844218671,27.84,0.0,Q6
144,INT-020,7,2025-05-25 00:35:00,2025-05-25 00:35:26.461195401,26.46,1.21,Q7
144,INT-020,8,2025-05-25 00:40:00,2025-05-25 00:40:20.200380910,20.2,10.39,Q8
144,INT-020,9,2025-05-25 00:45:00,2025-05-25 00:45:32.469454503,32.47,9.15,Q9
144,INT-020,10,2025-05-25 00:50:00,2025-05-25 00:50:29.989456773,29.99,22.6,Q10
144,INT-020,11,2025-05-25 00:55:00,2025-05-25 00:55:27.496243150,27.5,0.0,Q11
144,INT-020,12,2025-05-25 01:00:00,2025-05-25 01:00:26.435984282,26.44,2.05,Q12
144,INT-020,13,2025-05-25 01:05:00,2025-05-25 01:05:28.391075571,28.39,0.0,Q13
144,INT-020,14,2025-05-25 01:10:00,2025-05-25 01:10:22.756327079,22.76,0.0,Q14
144,INT-020,15,2025-05-25 01:15:00,2025-05-25 01:15:19.822689978,19.82,3.71,Q15
144,INT-020,16,2025-05-25 01:20:00,2025-05-25 01:20:34.419403143,34.42,0.0,Q16
144,INT-020,17,2025-05-25 01:25:00,2025-05-25 01:25:28.241292310,28.24,2.04,Q17
144,INT-020,18,2025-05-25 01:30:00,2025-05-25 01:30:26.408849377,26.41,22.09,Q18
144,INT-020,19,2025-05-25 01:35:00,2025-05-25 01:35:31.097071501,31.1,3.71,Q19
144,INT-020,20,2025-05-25 01:40:00,2025-05-25 01:40:28.093835162,28.09,0.0,Q20
145,INT-021,1,2025-05-26 00:05:00,2025-05-26 00:05:34.613993228,34.61,0.0,Q1
145,INT-021,2,2025-05-26 00:10:00,2025-05-26 00:10:31.403858826,31.4,13.73,Q2
145,INT-021,3,2025-05-26 00:15:00,2025-05-26 00:15:29.286060110,29.29,14.33,Q3
145,INT-021,4,2025-05-26 00:20:00,2025-05-26 00:20:29.917149156,29.92,0.0,Q4
145,INT-021,5,2025-05-26 00:25:00,2025-05-26 00:25:29.014740456,29.01,0.0,Q5
145,INT-021,6,2025-05-26 00:30:00,2025-05-26 00:30:32.818431475,32.82,0.0,Q6
145,INT-021,7,2025-05-26 00:35:00,2025-05-26 00:35:29.795712992,29.8,19.94,Q7
145,INT-021,8,2025-05-26 00:40:00,2025-05-26 00:40:20.431008152,20.43,14.97,Q8
145,INT-021,9,2025-05-26 00:45:00,2025-05-26 00:45:29.491366912,29.49,21.5,Q9
145,INT-021,10,2025-05-26 00:50:00,2025-05-26 00:50:29.104332896,29.1,21.03,Q10
145,INT-021,11,2025-05-26 00:55:00,2025-05-26 00:55:28.672422351,28.67,15.8,Q11
145,INT-021,12,2025-05-26 01:00:00,2025-05-26 01:00:30.786784294,30.79,2.44,Q12
145,INT-021,13,2025-05-26 01:05:00,2025-05-26 01:05:18.499599219,18.5,1.3,Q13
145,INT-021,14,2025-05-26 01:10:00,2025-05-26 01:10:35.411776320,35.41,2.46,Q14
145,INT-021,15,2025-05-26 01:15:00,2025-05-26 01:15:22.722045818,22.72,0.0,Q15
145,INT-021,16,2025-05-26 01:20:00,2025-05-26 01:20:27.648301835,27.65,4.8,Q16
145,INT-021,17,2025-05-26 01:25:00,2025-05-26 01:25:28.300583682,28.3,12.99,Q17
145,INT-021,18,2025-05-26 01:30:00,2025-05-26 01:30:22.583983063,22.58,10.81,Q18
145,INT-021,19,2025-05-26 01:35:00,2025-05-26 01:35:36.454613042,36.45,11.5,Q19
145,INT-021,20,2025-05-26 01:40:00,2025-05-26 01:40:28.771753884,28.77,23.09,Q20
146,INT-022,1,2025-05-27 00:05:00,2025-05-27 00:05:34.413729082,34.41,18.36,Q1
146,INT-022,2,2025-05-27 00:10:00,2025-05-27 00:10:26.048568069,26.05,14.22,Q2
146,INT-022,3,2025-05-27 00:15:00,2025-05-27 00:15:42.084807901,42.08,16.8,Q3
146,INT-022,4,2025-05-27 00:20:00,2025-05-27 00:20:35.641334005,35.64,23.44,Q4
146,INT-022,5,2025-05-27 00:25:00,2025-05-27 00:25:26.180774119,26.18,6.58,Q5
146,INT-022,6,2025-05-27 00:30:00,2025-05-27 00:30:25.967128654,25.97,10.69,Q6
146,INT-022,7,2025-05-27 00:35:00,2025-05-27 00:35:30.005109856,30.01,0.0,Q7
146,INT-022,8,2025-05-27 00:40:00,2025-05-27 00:40:32.243778381,32.24,0.0,Q8
146,INT-022,9,2025-05-27 00:45:00,2025-05-27 00:45:19.017571764,19.02,5.91,Q9
146,INT-022,10,2025-05-27 00:50:00,2025-05-27 00:50:30.163223109,30.16,11.28,Q10
146,INT-022,11,2025-05-27 00:55:00,2025-05-27 00:55:29.565743770,29.57,11.29,Q11
146,INT-022,12,2025-05-27 01:00:00,2025-05-27 01:00:34.853340451,34.85,11.27,Q12
146,INT-022,13,2025-05-27 01:05:00,2025-05-27 01:05:30.927334976,30.93,0.0,Q13
146,INT-022,14,2025-05-27 01:10:00,2025-05-27 01:10:27.250312848,27.25,9.71,Q14
146,INT-022,15,2025-05-27 01:15:00,2025-05-27 01:15:21.330172906,21.33,18.96,Q15
146,INT-022,16,2025-05-27 01:20:00,2025-05-27 01:20:28.221058671,28.22,28.37,Q16
146,INT-022,17,2025-05-27 01:25:00,2025-05-27 01:25:33.501265944,33.5,0.0,Q17
146,INT-022,18,2025-05-27 01:30:00,2025-05-27 01:30:25.179651441,25.18,4.26,Q18
146,INT-022,19,2025-05-27 01:35:00,2025-05-27 01:35:36.640607562,36.64,9.35,Q19
146,INT-022,20,2025-05-27 01:40:00,2025-05-27 01:40:32.570038846,32.57,13.54,Q20
147,INT-023,1,2025-05-28 00:05:00,2025-05-28 00:05:34.261311920,34.26,15.15,Q1
147,INT-023,2,2025-05-28 00:10:00,2025-05-28 00:10:40.233070078,40.23,0.0,Q2
147,INT-023,3,2025-05-28 00:15:00,2025-05-28 00:15:34.998684248,35.0,17.37,Q3
147,INT-023,4,2025-05-28 00:20:00,2025-05-28 00:20:32.586862134,32.59,7.81,Q4
147,INT-023,5,2025-05-28 00:25:00,2025-05-28 00:25:26.032794338,26.03,21.7,Q5
147,INT-023,6,2025-05-28 00:30:00,2025-05-28 00:30:37.317220811,37.32,13.06,Q6
147,INT-023,7,2025-05-28 00:35:00,2025-05-28 00:35:31.883636274,31.88,0.68,Q7
147,INT-023,8,2025-05-28 00:40:00,2025-05-28 00:40:32.219318268,32.22,0.0,Q8
147,INT-023,9,2025-05-28 00:45:00,2025-05-28 00:45:35.701589782,35.7,17.22,Q9
147,INT-023,10,2025-05-28 00:50:00,2025-05-28 00:50:36.921117632,36.92,0.15,Q10
147,INT-023,11,2025-05-28 00:55:00,2025-05-28 00:55:42.907625156,42.91,30.55,Q11
147,INT-023,12,2025-05-28 01:00:00,2025-05-28 01:00:40.712083833,40.71,11.76,Q12
147,INT-023,13,2025-05-28 01:05:00,2025-05-28 01:05:35.710828430,35.71,12.72,Q13
147,INT-023,14,2025-05-28 01:10:00,2025-05-28 01:10:40.543731623,40.54,14.61,Q14
147,INT-023,15,2025-05-28 01:15:00,2025-05-28 01:15:31.998575224,32.0,0.0,Q15
147,INT-023,16,2025-05-28 01:20:00,2025-05-28 01:20:37.457331688,37.46,17.77,Q16
147,INT-023,17,2025-05-28 01:25:00,2025-05-28 01:25:34.301336528,34.3,0.0,Q17
147,INT-023,18,2025-05-28 01:30:00,2025-05-28 01:30:32.297086943,32.3,0.0,Q18
147,INT-023,19,2025-05-28 01:35:00,2025-05-28 01:35:35.626904312,35.63,9.07,Q19
147,INT-023,20,2025-05-28 01:40:00,2025-05-28 01:40:29.761313918,29.76,0.2,Q20
148,INT-024,1,2025-05-29 00:05:00,2025-05-29 00:05:36.399904410,36.4,16.72,Q1
148,INT-024,2,2025-05-29 00:10:00,2025-05-29 00:10:31.260625978,31.26,13.9,Q2
148,INT-024,3,2025-05-29 00:15:00,2025-05-29 00:15:34.148655606,34.15,0.0,Q3
148,INT-024,4,2025-05-29 00:20:00,2025-05-29 00:20:32.462928474,32.46,14.71,Q4
148,INT-024,5,2025-05-29 00:25:00,2025-05-29 00:25:42.034700365,42.03,8.03,Q5
148,INT-024,6,2025-05-29 00:30:00,2025-05-29 00:30:39.334785842,39.33,2.62,Q6
148,INT-024,7,2025-05-29 00:35:00,2025-05-29 00:35:41.992034855,41.99,10.57,Q7
148,INT-024,8,2025-05-29 00:40:00,2025-05-29 00:40:39.420222634,39.42,15.57,Q8
148,INT-024,9,2025-05-29 00:45:00,2025-05-29 00:45:43.599593206,43.6,0.0,Q9
148,INT-024,10,2025-05-29 00:50:00,2025-05-29 00:50:38.621389276,38.62,10.06,Q10
148,INT-024,11,2025-05-29 00:55:00,2025-05-29 00:55:42.849303463,42.85,19.56,Q11
148,INT-024,12,2025-05-29 01:00:00,2025-05-29 01:00:49.365502868,49.37,3.57,Q12
148,INT-024,13,2025-05-29 01:05:00,2025-05-29 01:05:35.943737226,35.94,25.42,Q13
148,INT-024,14,2025-05-29 01:10:00,2025-05-29 01:10:32.300665891,32.3,4.63,Q14
148,INT-024,15,2025-05-29 01:15:00,2025-05-29 01:15:45.289782144,45.29,0.0,Q15
148,INT-024,16,2025-05-29 01:20:00,2025-05-29 01:20:32.395450490,32.4,13.84,Q16
148,INT-024,17,2025-05-29 01:25:00,2025-05-29 01:25:43.102677318,43.1,0.0,Q17
148,INT-024,18,2025-05-29 01:30:00,2025-05-29 01:30:39.874266836,39.87,22.35,Q18
148,INT-024,19,2025-05-29 01:35:00,2025-05-29 01:35:38.910832315,38.91,0.0,Q19
148,INT-024,20,2025-05-29 01:40:00,2025-05-29 01:40:36.457326106,36.46,0.0,Q20
149,INT-025,1,2025-05-30 00:05:00,2025-05-30 00:05:32.706122816,32.71,14.38,Q1
149,INT-025,2,2025-05-30 00:10:00,2025-05-30 00:10:32.033968289,32.03,0.0,Q2
149,INT-025,3,2025-05-30 00:15:00,2025-05-30 00:15:38.766791544,38.77,0.0,Q3
149,INT-025,4,2025-05-30 00:20:00,2025-05-30 00:20:36.359942012,36.36,2.28,Q4
149,INT-025,5,2025-05-30 00:25:00,2025-05-30 00:25:45.012891607,45.01,2.97,Q5
149,INT-025,6,2025-05-30 00:30:00,2025-05-30 00:30:35.557709691,35.56,0.0,Q6
149,INT-025,7,2025-05-30 00:35:00,2025-05-30 00:35:37.151028456,37.15,0.0,Q7
149,INT-025,8,2025-05-30 00:40:00,2025-05-30 00:40:42.475752732,42.48,3.3,Q8
149,INT-025,9,2025-05-30 00:45:00,2025-05-30 00:45:27.904600633,27.9,0.0,Q9
149,INT-025,10,2025-05-30 00:50:00,2025-05-30 00:50:42.488328410,42.49,3.42,Q10
149,INT-025,11,2025-05-30 00:55:00,2025-05-30 00:55:46.517063017,46.52,16.96,Q11
149,INT-025,12,2025-05-30 01:00:00,2025-05-30 01:00:43.009472295,43.01,7.53,Q12
149,INT-025,13,2025-05-30 01:05:00,2025-05-30 01:05:36.285488957,36.29,0.0,Q13
149,INT-025,14,2025-05-30 01:10:00,2025-05-30 01:10:39.751893636,39.75,0.0,Q14
149,INT-025,15,2025-05-30 01:15:00,2025-05-30 01:15:35.925132286,35.93,7.97,Q15
149,INT-025,16,2025-05-30 01:20:00,2025-05-30 01:20:41.970896260,41.97,9.22,Q16
149,INT-025,17,2025-05-30 01:25:00,2025-05-30 01:25:31.532668986,31.53,3.72,Q17
149,INT-025,18,2025-05-30 01:30:00,2025-05-30 01:30:48.946065936,48.95,10.98,Q18
149,INT-025,19,2025-05-30 01:35:00,2025-05-30 01:35:36.806194035,36.81,3.16,Q19
149,INT-025,20,2025-05-30 01:40:00,2025-05-30 01:40:34.098115993,34.1,4.66,Q20
150,INT-001,1,2025-05-31 00:05:00,2025-05-31 00:05:08.150440528,8.15,306.05,Q1
150,INT-001,2,2025-05-31 00:10:00,2025-05-31 00:10:21.361231009,21.36,163.06,Q2
150,INT-001,3,2025-05-31 00:15:00,2025-05-31 00:15:27.321962157,27.32,242.13,Q3
150,INT-001,4,2025-05-31 00:20:00,2025-05-31 00:20:32.202341837,32.2,229.4,Q4
150,INT-001,5,2025-05-31 00:25:00,2025-05-31 00:25:36.230393768,36.23,156.22,Q5
150,INT-001,6,2025-05-31 00:30:00,2025-05-31 00:30:08.074723456,8.07,160.66,Q6
150,INT-001,7,2025-05-31 00:35:00,2025-05-31 00:35:40.145092128,40.15,190.86,Q7
150,INT-001,8,2025-05-31 00:40:00,2025-05-31 00:40:11.113918599,11.11,198.98,Q8
150,INT-001,9,2025-05-31 00:45:00,2025-05-31 00:45:09.940305507,9.94,128.19,Q9
150,INT-001,10,2025-05-31 00:50:00,2025-05-31 00:50:27.607160336,27.61,0.0,Q10
150,INT-001,11,2025-05-31 00:55:00,2025-05-31 00:55:24.125883200,24.13,216.88,Q11
150,INT-001,12,2025-05-31 01:00:00,2025-05-31 01:00:05.000000000,5.0,0.0,Q12
150,INT-001,13,2025-05-31 01:05:00,2025-05-31 01:05:40.307916314,40.31,201.59,Q13
150,INT-001,14,2025-05-31 01:10:00,2025-05-31 01:10:41.685126966,41.69,173.78,Q14
150,INT-001,15,2025-05-31 01:15:00,2025-05-31 01:15:40.808618417,40.81,209.25,Q15
150,INT-001,16,2025-05-31 01:20:00,2025-05-31 01:20:05.000000000,5.0,191.2,Q16
150,INT-001,17,2025-05-31 01:25:00,2025-05-31 01:25:05.000000000,5.0,282.41,Q17
150,INT-001,18,2025-05-31 01:30:00,2025-05-31 01:30:05.000000000,5.0,202.12,Q18
150,INT-001,19,2025-05-31 01:35:00,2025-05-31 01:35:26.079058909,26.08,219.51,Q19
150,INT-001,20,2025-05-31 01:40:00,2025-05-31 01:40:39.521246628,39.52,187.65,Q20
151,INT-002,1,2025-06-01 00:05:00,2025-06-01 00:05:29.503442999,29.5,22.94,Q1
151,INT-002,2,2025-06-01 00:10:00,2025-06-01 00:10:20.793895179,20.79,7.73,Q2
151,INT-002,3,2025-06-01 00:15:00,2025-06-01 00:15:27.591554610,27.59,10.07,Q3
151,INT-002,4,2025-06-01 00:20:00,2025-06-01 00:20:24.875988956,24.88,10.05,Q4
151,INT-002,5,2025-06-01 00:25:00,2025-06-01 00:25:30.530920503,30.53,0.0,Q5
151,INT-002,6,2025-06-01 00:30:00,2025-06-01 00:30:25.766901528,25.77,9.78,Q6
151,INT-002,7,2025-06-01 00:35:00,2025-06-01 00:35:24.493320695,24.49,21.87,Q7
151,INT-002,8,2025-06-01 00:40:00,2025-06-01 00:40:20.215132880,20.22,0.99,Q8
151,INT-002,9,2025-06-01 00:45:00,2025-06-01 00:45:28.680427462,28.68,9.5,Q9
151,INT-002,10,2025-06-01 00:50:00,2025-06-01 00:50:22.344070960,22.34,14.23,Q10
151,INT-002,11,2025-06-01 00:55:00,2025-06-01 00:55:33.482251244,33.48,8.89,Q11
151,INT-002,12,2025-06-01 01:00:00,2025-06-01 01:00:20.375636630,20.38,7.67,Q12
151,INT-002,13,2025-06-01 01:05:00,2025-06-01 01:05:18.427897971,18.43,13.76,Q13
151,INT-002,14,2025-06-01 01:10:00,2025-06-01 01:10:22.526987567,22.53,17.19,Q14
151,INT-002,15,2025-06-01 01:15:00,2025-06-01 01:15:14.828850437,14.83,9.29,Q15
151,INT-002,16,2025-06-01 01:20:00,2025-06-01 01:20:21.510526987,21.51,16.44,Q16
151,INT-002,17,2025-06-01 01:25:00,2025-06-01 01:25:18.178952123,18.18,13.46,Q17
151,INT-002,18,2025-06-01 01:30:00,2025-06-01 01:30:23.582432525,23.58,10.67,Q18
151,INT-002,19,2025-06-01 01:35:00,2025-06-01 01:35:23.337327790,23.34,0.0,Q19
151,INT-002,20,2025-06-01 01:40:00,2025-06-01 01:40:27.490902696,27.49,17.75,Q20
152,INT-003,1,2025-06-02 00:05:00,2025-06-02 00:05:35.165462057,35.17,8.79,Q1
152,INT-003,2,2025-06-02 00:10:00,2025-06-02 00:10:26.126921091,26.13,0.0,Q2
152,INT-003,3,2025-06-02 00:15:00,2025-06-02 00:15:20.820124955,20.82,9.59,Q3
152,INT-003,4,2025-06-02 00:20:00,2025-06-02 00:20:19.271827388,19.27,2.42,Q4
152,INT-003,5,2025-06-02 00:25:00,2025-06-02 00:25:23.130773407,23.13,11.96,Q5
152,INT-003,6,2025-06-02 00:30:00,2025-06-02 00:30:28.767950795,28.77,0.0,Q6
152,INT-003,7,2025-06-02 00:35:00,2025-06-02 00:35:29.620506714,29.62,19.64,Q7
152,INT-003,8,2025-06-02 00:40:00,2025-06-02 00:40:14.563085666,14.56,0.87,Q8
152,INT-003,9,2025-06-02 00:45:00,2025-06-02 00:45:26.854914975,26.85,0.0,Q9
152,INT-003,10,2025-06-02 00:50:00,2025-06-02 00:50:31.268484835,31.27,2.98,Q10
152,INT-003,11,2025-06-02 00:55:00,2025-06-02 00:55:22.678038207,22.68,15.36,Q11
152,INT-003,12,2025-06-02 01:00:00,2025-06-02 01:00:23.781607329,23.78,15.02,Q12
152,INT-003,13,2025-06-02 01:05:00,2025-06-02 01:05:24.886680417,24.89,9.74,Q13
152,INT-003,14,2025-06-02 01:10:00,2025-06-02 01:10:34.236346701,34.24,0.0,Q14
152,INT-003,15,2025-06-02 01:15:00,2025-06-02 01:15:35.326667423,35.33,0.0,Q15
152,INT-003,16,2025-06-02 01:20:00,2025-06-02 01:20:16.489771563,16.49,6.41,Q16
152,INT-003,17,2025-06-02 01:25:00,2025-06-02 01:25:13.236725282,13.24,0.0,Q17
152,INT-003,18,2025-06-02 01:30:00,2025-06-02 01:30:29.638460618,29.64,20.72,Q18
152,INT-003,19,2025-06-02 01:35:00,2025-06-02 01:35:24.926313218,24.93,11.68,Q19
152,INT-003,20,2025-06-02 01:40:00,2025-06-02 01:40:25.104635001,25.1,13.39,Q20
153,INT-004,1,2025-06-03 00:05:00,2025-06-03 00:05:18.604660336,18.6,0.28,Q1
153,INT-004,2,2025-06-03 00:10:00,2025-06-03 00:10:30.561478635,30.56,0.0,Q2
153,INT-004,3,2025-06-03 00:15:00,2025-06-03 00:15:28.959891887,28.96,9.14,Q3
153,INT-004,4,2025-06-03 00:20:00,2025-06-03 00:20:19.510251305,19.51,19.25,Q4
153,INT-004,5,2025-06-03 00:25:00,2025-06-03 00:25:25.570597917,25.57,15.06,Q5
153,INT-004,6,2025-06-03 00:30:00,2025-06-03 00:30:27.551637941,27.55,0.0,Q6
153,INT-004,7,2025-06-03 00:35:00,2025-06-03 00:35:33.566217562,33.57,0.0,Q7
153,INT-004,8,2025-06-03 00:40:00,2025-06-03 00:40:28.167167946,28.17,8.14,Q8
153,INT-004,9,2025-06-03 00:45:00,2025-06-03 00:45:29.330911318,29.33,5.36,Q9
153,INT-004,10,2025-06-03 00:50:00,2025-06-03 00:50:25.014127437,25.01,10.17,Q10
153,INT-004,11,2025-06-03 00:55:00,2025-06-03 00:55:27.408138104,27.41,23.63,Q11
153,INT-004,12,2025-06-03 01:00:00,2025-06-03 01:00:18.354826019,18.35,12.9,Q12
153,INT-004,13,2025-06-03 01:05:00,2025-06-03 01:05:19.061601488,19.06,14.4,Q13
153,INT-004,14,2025-06-03 01:10:00,2025-06-03 01:10:20.462212045,20.46,3.73,Q14
153,INT-004,15,2025-06-03 01:15:00,2025-06-03 01:15:31.577795802,31.58,20.84,Q15
153,INT-004,16,2025-06-03 01:20:00,2025-06-03 01:20:29.905169122,29.91,8.57,Q16
153,INT-004,17,2025-06-03 01:25:00,2025-06-03 01:25:20.955987497,20.96,8.76,Q17
153,INT-004,18,2025-06-03 01:30:00,2025-06-03 01:30:27.531727019,27.53,12.52,Q18
153,INT-004,19,2025-06-03 01:35:00,2025-06-03 01:35:22.854715705,22.85,0.0,Q19
153,INT-004,20,2025-06-03 01:40:00,2025-06-03 01:40:31.928298836,31.93,29.13,Q20
154,INT-005,1,2025-06-04 00:05:00,2025-06-04 00:05:36.600174990,36.6,8.15,Q1
154,INT-005,2,2025-06-04 00:10:00,2025-06-04 00:10:34.492295130,34.49,18.21,Q2
154,INT-005,3,2025-06-04 00:15:00,2025-06-04 00:15:22.261118325,22.26,0.0,Q3
154,INT-005,4,2025-06-04 00:20:00,2025-06-04 00:20:19.254147942,19.25,5.37,Q4
154,INT-005,5,2025-06-04 00:25:00,2025-06-04 00:25:27.222341289,27.22,20.49,Q5
154,INT-005,6,2025-06-04 00:30:00,2025-06-04 00:30:28.052950003,28.05,5.35,Q6
154,INT-005,7,2025-06-04 00:35:00,2025-06-04 00:35:27.288162091,27.29,0.0,Q7
154,INT-005,8,2025-06-04 00:40:00,2025-06-04 00:40:23.257928708,23.26,12.13,Q8
154,INT-005,9,2025-06-04 00:45:00,2025-06-04 00:45:30.906863200,30.91,0.0,Q9
154,INT-005,10,2025-06-04 00:50:00,2025-06-04 00:50:30.176217997,30.18,18.61,Q10
154,INT-005,11,2025-06-04 00:55:00,2025-06-04 00:55:27.381114445,27.38,8.68,Q11
154,INT-005,12,2025-06-04 01:00:00,2025-06-04 01:00:30.195716449,30.2,17.2,Q12
154,INT-005,13,2025-06-04 01:05:00,2025-06-04 01:05:29.752385130,29.75,11.31,Q13
154,INT-005,14,2025-06-04 01:10:00,2025-06-04 01:10:39.161489454,39.16,0.0,Q14
154,INT-005,15,2025-06-04 01:15:00,2025-06-04 01:15:20.059479014,20.06,7.84,Q15
154,INT-005,16,2025-06-04 01:20:00,2025-06-04 01:20:24.119032355,24.12,5.29,Q16
154,INT-005,17,2025-06-04 01:25:00,2025-06-04 01:25:31.928413171,31.93,0.0,Q17
154,INT-005,18,2025-06-04 01:30:00,2025-06-04 01:30:31.636280045,31.64,11.64,Q18
154,INT-005,19,2025-06-04 01:35:00,2025-06-04 01:35:32.388091031,32.39,18.78,Q19
154,INT-005,20,2025-06-04 01:40:00,2025-06-04 01:40:40.292070499,40.29,5.78,Q20
155,INT-006,1,2025-06-05 00:05:00,2025-06-05 00:05:29.604486967,29.6,2.76,Q1
155,INT-006,2,2025-06-05 00:10:00,2025-06-05 00:10:31.688522490,31.69,18.75,Q2
155,INT-006,3,2025-06-05 00:15:00,2025-06-05 00:15:27.196569278,27.2,11.64,Q3
155,INT-006,4,2025-06-05 00:20:00,2025-06-05 00:20:30.957319638,30.96,12.24,Q4
155,INT-006,5,2025-06-05 00:25:00,2025-06-05 00:25:28.216517310,28.22,7.06,Q5
155,INT-006,6,2025-06-05 00:30:00,2025-06-05 00:30:33.349994378,33.35,14.04,Q6
155,INT-006,7,2025-06-05 00:35:00,2025-06-05 00:35:31.429874506,31.43,0.0,Q7
155,INT-006,8,2025-06-05 00:40:00,2025-06-05 00:40:27.632848768,27.63,5.95,Q8
155,INT-006,9,2025-06-05 00:45:00,2025-06-05 00:45:31.247950307,31.25,12.48,Q9
155,INT-006,10,2025-06-05 00:50:00,2025-06-05 00:50:40.158163747,40.16,21.12,Q10
155,INT-006,11,2025-06-05 00:55:00,2025-06-05 00:55:23.814799618,23.81,11.87,Q11
155,INT-006,12,2025-06-05 01:00:00,2025-06-05 01:00:32.113427322,32.11,17.23,Q12
155,INT-006,13,2025-06-05 01:05:00,2025-06-05 01:05:28.712416885,28.71,23.34,Q13
155,INT-006,14,2025-06-05 01:10:00,2025-06-05 01:10:37.671021100,37.67,0.0,Q14
155,INT-006,15,2025-06-05 01:15:00,2025-06-05 01:15:35.396586906,35.4,3.35,Q15
155,INT-006,16,2025-06-05 01:20:00,2025-06-05 01:20:23.358629317,23.36,7.94,Q16
155,INT-006,17,2025-06-05 01:25:00,2025-06-05 01:25:34.351691436,34.35,19.61,Q17
155,INT-006,18,2025-06-05 01:30:00,2025-06-05 01:30:31.906000713,31.91,3.25,Q18
155,INT-006,19,2025-06-05 01:35:00,2025-06-05 01:35:36.365466210,36.37,0.0,Q19
155,INT-006,20,2025-06-05 01:40:00,2025-06-05 01:40:26.301806150,26.3,9.23,Q20
156,INT-007,1,2025-06-06 00:05:00,2025-06-06 00:05:30.065582930,30.07,14.14,Q1
156,INT-007,2,2025-06-06 00:10:00,2025-06-06 00:10:30.842379091,30.84,6.6,Q2
156,INT-007,3,2025-06-06 00:15:00,2025-06-06 00:15:36.499315423,36.5,12.02,Q3
156,INT-007,4,2025-06-06 00:20:00,2025-06-06 00:20:26.436804016,26.44,0.0,Q4
156,INT-007,5,2025-06-06 00:25:00,2025-06-06 00:25:26.049089008,26.05,31.86,Q5
156,INT-007,6,2025-06-06 00:30:00,2025-06-06 00:30:40.722817843,40.72,4.74,Q6
156,INT-007,7,2025-06-06 00:35:00,2025-06-06 00:35:34.899840819,34.9,7.12,Q7
156,INT-007,8,2025-06-06 00:40:00,2025-06-06 00:40:27.154338735,27.15,2.79,Q8
156,INT-007,9,2025-06-06 00:45:00,2025-06-06 00:45:39.790980580,39.79,10.21,Q9
156,INT-007,10,2025-06-06 00:50:00,2025-06-06 00:50:37.206056082,37.21,0.36,Q10
156,INT-007,11,2025-06-06 00:55:00,2025-06-06 00:55:30.701525901,30.7,2.1,Q11
156,INT-007,12,2025-06-06 01:00:00,2025-06-06 01:00:36.372719158,36.37,0.0,Q12
156,INT-007,13,2025-06-06 01:05:00,2025-06-06 01:05:28.385842385,28.39,8.3,Q13
156,INT-007,14,2025-06-06 01:10:00,2025-06-06 01:10:28.496373271,28.5,11.49,Q14
156,INT-007,15,2025-06-06 01:15:00,2025-06-06 01:15:31.964389577,31.96,27.39,Q15
156,INT-007,16,2025-06-06 01:20:00,2025-06-06 01:20:29.035906436,29.04,0.91,Q16
156,INT-007,17,2025-06-06 01:25:00,2025-06-06 01:25:39.885462891,39.89,0.0,Q17
156,INT-007,18,2025-06-06 01:30:00,2025-06-06 01:30:33.755403651,33.76,3.93,Q18
156,INT-007,19,2025-06-06 01:35:00,2025-06-06 01:35:40.075281036,40.08,0.0,Q19
156,INT-007,20,2025-06-06 01:40:00,2025-06-06 01:40:21.358277036,21.36,11.27,Q20
157,INT-008,1,2025-06-07 00:05:00,2025-06-07 00:05:32.503281362,32.5,22.13,Q1
157,INT-008,2,2025-06-07 00:10:00,2025-06-07 00:10:32.157427375,32.16,30.42,Q2
157,INT-008,3,2025-06-07 00:15:00,2025-06-07 00:15:36.132684302,36.13,6.45,Q3
157,INT-008,4,2025-06-07 00:20:00,2025-06-07 00:20:26.969034996,26.97,18.45,Q4
157,INT-008,5,2025-06-07 00:25:00,2025-06-07 00:25:25.378452438,25.38,7.85,Q5
157,INT-008,6,2025-06-07 00:30:00,2025-06-07 00:30:35.519463577,35.52,0.0,Q6
157,INT-008,7,2025-06-07 00:35:00,2025-06-07 00:35:30.139756394,30.14,15.44,Q7
157,INT-008,8,2025-06-07 00:40:00,2025-06-07 00:40:41.516368300,41.52,7.86,Q8
157,INT-008,9,2025-06-07 00:45:00,2025-06-07 00:45:29.999573079,30.0,2.72,Q9
157,INT-008,10,2025-06-07 00:50:00,2025-06-07 00:50:41.439023326,41.44,8.93,Q10
157,INT-008,11,2025-06-07 00:55:00,2025-06-07 00:55:36.833583696,36.83,0.0,Q11
157,INT-008,12,2025-06-07 01:00:00,2025-06-07 01:00:42.169932891,42.17,12.67,Q12
157,INT-008,13,2025-06-07 01:05:00,2025-06-07 01:05:43.432721462,43.43,11.03,Q13
157,INT-008,14,2025-06-07 01:10:00,2025-06-07 01:10:38.521333511,38.52,2.85,Q14
157,INT-008,15,2025-06-07 01:15:00,2025-06-07 01:15:39.157547267,39.16,5.41,Q15
157,INT-008,16,2025-06-07 01:20:00,2025-06-07 01:20:31.409246239,31.41,0.0,Q16
157,INT-008,17,2025-06-07 01:25:00,2025-06-07 01:25:35.347437491,35.35,14.1,Q17
157,INT-008,18,2025-06-07 01:30:00,2025-06-07 01:30:33.642573698,33.64,5.88,Q18
157,INT-008,19,2025-06-07 01:35:00,2025-06-07 01:35:31.609469093,31.61,9.74,Q19
157,INT-008,20,2025-06-07 01:40:00,2025-06-07 01:40:27.601330655,27.6,13.65,Q20
158,INT-009,1,2025-06-08 00:05:00,2025-06-08 00:05:30.863335802,30.86,0.58,Q1
158,INT-009,2,2025-06-08 00:10:00,2025-06-08 00:10:28.709858383,28.71,13.8,Q2
158,INT-009,3,2025-06-08 00:15:00,2025-06-08 00:15:29.189149724,29.19,12.5,Q3
158,INT-009,4,2025-06-08 00:20:00,2025-06-08 00:20:37.267165763,37.27,11.09,Q4
158,INT-009,5,2025-06-08 00:25:00,2025-06-08 00:25:35.020385827,35.02,7.16,Q5
158,INT-009,6,2025-06-08 00:30:00,2025-06-08 00:30:35.525443952,35.53,10.28,Q6
158,INT-009,7,2025-06-08 00:35:00,2025-06-08 00:35:31.703671501,31.7,8.68,Q7
158,INT-009,8,2025-06-08 00:40:00,2025-06-08 00:40:35.020052139,35.02,20.21,Q8
158,INT-009,9,2025-06-08 00:45:00,2025-06-08 00:45:35.057684358,35.06,10.61,Q9
158,INT-009,10,2025-06-08 00:50:00,2025-06-08 00:50:34.519576190,34.52,10.98,Q10
158,INT-009,11,2025-06-08 00:55:00,2025-06-08 00:55:35.773235712,35.77,8.37,Q11
158,INT-009,12,2025-06-08 01:00:00,2025-06-08 01:00:40.934415787,40.93,10.15,Q12
158,INT-009,13,2025-06-08 01:05:00,2025-06-08 01:05:27.958494280,27.96,0.0,Q13
158,INT-009,14,2025-06-08 01:10:00,2025-06-08 01:10:35.336620801,35.34,6.54,Q14
158,INT-009,15,2025-06-08 01:15:00,2025-06-08 01:15:35.876126409,35.88,6.31,Q15
158,INT-009,16,2025-06-08 01:20:00,2025-06-08 01:20:39.903083294,39.9,18.62,Q16
158,INT-009,17,2025-06-08 01:25:00,2025-06-08 01:25:27.629643211,27.63,1.92,Q17
158,INT-009,18,2025-06-08 01:30:00,2025-06-08 01:30:39.234061310,39.23,0.0,Q18
158,INT-009,19,2025-06-08 01:35:00,2025-06-08 01:35:40.542972380,40.54,6.73,Q19
158,INT-009,20,2025-06-08 01:40:00,2025-06-08 01:40:25.816631017,25.82,2.25,Q20
159,INT-010,1,2025-06-09 00:05:00,2025-06-09 00:05:30.945990591,30.95,19.39,Q1
159,INT-010,2,2025-06-09 00:10:00,2025-06-09 00:10:36.636237403,36.64,0.0,Q2
159,INT-010,3,2025-06-09 00:15:00,2025-06-09 00:15:28.606477587,28.61,11.6,Q3
159,INT-010,4,2025-06-09 00:20:00,2025-06-09 00:20:33.561876258,33.56,15.25,Q4
159,INT-010,5,2025-06-09 00:25:00,2025-06-09 00:25:33.824646509,33.82,0.0,Q5
159,INT-010,6,2025-06-09 00:30:00,2025-06-09 00:30:38.749284248,38.75,2.17,Q6
159,INT-010,7,2025-06-09 00:35:00,2025-06-09 00:35:36.481817956,36.48,7.98,Q7
159,INT-010,8,2025-06-09 00:40:00,2025-06-09 00:40:33.925431091,33.93,3.25,Q8
159,INT-010,9,2025-06-09 00:45:00,2025-06-09 00:45:44.314361356,44.31,22.63,Q9
159,INT-010,10,2025-06-09 00:50:00,2025-06-09 00:50:46.554412906,46.55,7.3,Q10
159,INT-010,11,2025-06-09 00:55:00,2025-06-09 00:55:41.601885627,41.6,0.0,Q11
159,INT-010,12,2025-06-09 01:00:00,2025-06-09 01:00:40.418636763,40.42,8.57,Q12
159,INT-010,13,2025-06-09 01:05:00,2025-06-09 01:05:42.666504797,42.67,15.92,Q13
159,INT-010,14,2025-06-09 01:10:00,2025-06-09 01:10:45.759930133,45.76,3.93,Q14
159,INT-010,15,2025-06-09 01:15:00,2025-06-09 01:15:38.643025004,38.64,0.0,Q15
159,INT-010,16,2025-06-09 01:20:00,2025-06-09 01:20:36.387180232,36.39,6.43,Q16
159,INT-010,17,2025-06-09 01:25:00,2025-06-09 01:25:36.709260074,36.71,0.0,Q17
159,INT-010,18,2025-06-09 01:30:00,2025-06-09 01:30:37.405123481,37.41,21.12,Q18
159,INT-010,19,2025-06-09 01:35:00,2025-06-09 01:35:29.269099839,29.27,0.0,Q19
159,INT-010,20,2025-06-09 01:40:00,2025-06-09 01:40:45.170264151,45.17,0.0,Q20
160,INT-011,1,2025-06-10 00:05:00,2025-06-10 00:05:14.691124566,14.69,18.64,Q1
160,INT-011,2,2025-06-10 00:10:00,2025-06-10 00:10:19.178218531,19.18,26.28,Q2
160,INT-011,3,2025-06-10 00:15:00,2025-06-10 00:15:14.781451751,14.78,2.1,Q3
160,INT-011,4,2025-06-10 00:20:00,2025-06-10 00:20:20.302109192,20.3,24.84,Q4
160,INT-011,5,2025-06-10 00:25:00,2025-06-10 00:25:22.499659604,22.5,4.71,Q5
160,INT-011,6,2025-06-10 00:30:00,2025-06-10 00:30:18.430422183,18.43,11.84,Q6
160,INT-011,7,2025-06-10 00:35:00,2025-06-10 00:35:17.846448310,17.85,10.83,Q7
160,INT-011,8,2025-06-10 00:40:00,2025-06-10 00:40:13.288591900,13.29,0.0,Q8
160,INT-011,9,2025-06-10 00:45:00,2025-06-10 00:45:26.960507791,26.96,0.0,Q9
160,INT-011,10,2025-06-10 00:50:00,2025-06-10 00:50:24.165137263,24.17,0.0,Q10
160,INT-011,11,2025-06-10 00:55:00,2025-06-10 00:55:20.380919023,20.38,4.7,Q11
160,INT-011,12,2025-06-10 01:00:00,2025-06-10 01:00:13.111721950,13.11,34.5,Q12
160,INT-011,13,2025-06-10 01:05:00,2025-06-10 01:05:18.320854296,18.32,1.31,Q13
160,INT-011,14,2025-06-10 01:10:00,2025-06-10 01:10:22.825673097,22.83,11.11,Q14
160,INT-011,15,2025-06-10 01:15:00,2025-06-10 01:15:17.204516922,17.2,4.58,Q15
160,INT-011,16,2025-06-10 01:20:00,2025-06-10 01:20:16.062412665,16.06,0.0,Q16
160,INT-011,17,2025-06-10 01:25:00,2025-06-10 01:25:17.098246912,17.1,1.8,Q17
160,INT-011,18,2025-06-10 01:30:00,2025-06-10 01:30:22.407543654,22.41,23.35,Q18
160,INT-011,19,2025-06-10 01:35:00,2025-06-10 01:35:10.893340451,10.89,8.59,Q19
160,INT-011,20,2025-06-10 01:40:00,2025-06-10 01:40:27.050248194,27.05,17.39,Q20
161,INT-012,1,2025-06-11 00:05:00,2025-06-11 00:05:24.148125363,24.15,6.19,Q1
161,INT-012,2,2025-06-11 00:10:00,2025-06-11 00:10:12.159428971,12.16,7.0,Q2
161,INT-012,3,2025-06-11 00:15:00,2025-06-11 00:15:18.608232018,18.61,24.4,Q3
161,INT-012,4,2025-06-11 00:20:00,2025-06-11 00:20:27.908736851,27.91,10.1,Q4
161,INT-012,5,2025-06-11 00:25:00,2025-06-11 00:25:19.002557861,19.0,2.06,Q5
161,INT-012,6,2025-06-11 00:30:00,2025-06-11 00:30:24.764560133,24.76,16.58,Q6
161,INT-012,7,2025-06-11 00:35:00,2025-06-11 00:35:28.538891638,28.54,7.21,Q7
161,INT-012,8,2025-06-11 00:40:00,2025-06-11 00:40:17.351770266,17.35,12.23,Q8
161,INT-012,9,2025-06-11 00:45:00,2025-06-11 00:45:15.402869962,15.4,4.54,Q9
161,INT-012,10,2025-06-11 00:50:00,2025-06-11 00:50:15.976869698,15.98,28.85,Q10
161,INT-012,11,2025-06-11 00:55:00,2025-06-11 00:55:20.988437708,20.99,9.42,Q11
161,INT-012,12,2025-06-11 01:00:00,2025-06-11 01:00:17.653119954,17.65,5.63,Q12
161,INT-012,13,2025-06-11 01:05:00,2025-06-11 01:05:22.725472570,22.73,0.0,Q13
161,INT-012,14,2025-06-11 01:10:00,2025-06-11 01:10:32.007459948,32.01,23.87,Q14
161,INT-012,15,2025-06-11 01:15:00,2025-06-11 01:15:21.574455978,21.57,9.91,Q15
161,INT-012,16,2025-06-11 01:20:00,2025-06-11 01:20:23.284296546,23.28,6.4,Q16
161,INT-012,17,2025-06-11 01:25:00,2025-06-11 01:25:24.222579200,24.22,9.31,Q17
161,INT-012,18,2025-06-11 01:30:00,2025-06-11 01:30:27.175062188,27.18,8.9,Q18
161,INT-012,19,2025-06-11 01:35:00,2025-06-11 01:35:24.449365618,24.45,16.73,Q19
161,INT-012,20,2025-06-11 01:40:00,2025-06-11 01:40:34.760405697,34.76,3.7,Q20
162,INT-013,1,2025-06-12 00:05:00,2025-06-12 00:05:33.130049073,33.13,11.32,Q1
162,INT-013,2,2025-06-12 00:10:00,2025-06-12 00:10:28.703062742,28.7,0.0,Q2
162,INT-013,3,2025-06-12 00:15:00,2025-06-12 00:15:20.429633647,20.43,4.76,Q3
162,INT-013,4,2025-06-12 00:20:00,2025-06-12 00:20:19.558729282,19.56,4.01,Q4
162,INT-013,5,2025-06-12 00:25:00,2025-06-12 00:25:29.006931601,29.01,10.37,Q5
162,INT-013,6,2025-06-12 00:30:00,2025-06-12 00:30:21.558059111,21.56,5.51,Q6
162,INT-013,7,2025-06-12 00:35:00,2025-06-12 00:35:25.356976727,25.36,2.44,Q7
162,INT-013,8,2025-06-12 00:40:00,2025-06-12 00:40:22.698729123,22.7,6.77,Q8
162,INT-013,9,2025-06-12 00:45:00,2025-06-12 00:45:19.031286279,19.03,0.0,Q9
162,INT-013,10,2025-06-12 00:50:00,2025-06-12 00:50:16.187254187,16.19,0.0,Q10
162,INT-013,11,2025-06-12 00:55:00,2025-06-12 00:55:33.050401702,33.05,9.58,Q11
162,INT-013,12,2025-06-12 01:00:00,2025-06-12 01:00:19.919197685,19.92,1.06,Q12
162,INT-013,13,2025-06-12 01:05:00,2025-06-12 01:05:15.655796619,15.66,0.0,Q13
162,INT-013,14,2025-06-12 01:10:00,2025-06-12 01:10:24.188515074,24.19,0.09,Q14
162,INT-013,15,2025-06-12 01:15:00,2025-06-12 01:15:26.269631292,26.27,7.93,Q15
162,INT-013,16,2025-06-12 01:20:00,2025-06-12 01:20:29.060792743,29.06,2.48,Q16
162,INT-013,17,2025-06-12 01:25:00,2025-06-12 01:25:25.377391155,25.38,5.95,Q17
162,INT-013,18,2025-06-12 01:30:00,2025-06-12 01:30:24.489787327,24.49,0.0,Q18
162,INT-013,19,2025-06-12 01:35:00,2025-06-12 01:35:28.425772266,28.43,5.75,Q19
162,INT-013,20,2025-06-12 01:40:00,2025-06-12 01:40:21.648841594,21.65,0.0,Q20
163,INT-014,1,2025-06-13 00:05:00,2025-06-13 00:05:23.488096983,23.49,14.04,Q1
163,INT-014,2,2025-06-13 00:10:00,2025-06-13 00:10:28.850347239,28.85,5.7,Q2
163,INT-014,3,2025-06-13 00:15:00,2025-06-13 00:15:27.448156760,27.45,2.05,Q3
163,INT-014,4,2025-06-13 00:20:00,2025-06-13 00:20:30.189352277,30.19,5.14,Q4
163,INT-014,5,2025-06-13 00:25:00,2025-06-13 00:25:28.762798917,28.76,16.36,Q5
163,INT-014,6,2025-06-13 00:30:00,2025-06-13 00:30:28.883057920,28.88,0.2,Q6
163,INT-014,7,2025-06-13 00:35:00,2025-06-13 00:35:41.198156972,41.2,3.62,Q7
163,INT-014,8,2025-06-13 00:40:00,2025-06-13 00:40:29.225895854,29.23,9.13,Q8
163,INT-014,9,2025-06-13 00:45:00,2025-06-13 00:45:30.258634727,30.26,0.0,Q9
163,INT-014,10,2025-06-13 00:50:00,2025-06-13 00:50:30.904545237,30.9,0.0,Q10
163,INT-014,11,2025-06-13 00:55:00,2025-06-13 00:55:31.149086151,31.15,17.96,Q11
163,INT-014,12,2025-06-13 01:00:00,2025-06-13 01:00:22.582148319,22.58,21.66,Q12
163,INT-014,13,2025-06-13 01:05:00,2025-06-13 01:05:31.263112294,31.26,0.5,Q13
163,INT-014,14,2025-06-13 01:10:00,2025-06-13 01:10:19.562240375,19.56,5.67,Q14
163,INT-014,15,2025-06-13 01:15:00,2025-06-13 01:15:23.215236880,23.22,15.12,Q15
163,INT-014,16,2025-06-13 01:20:00,2025-06-13 01:20:24.930784161,24.93,0.0,Q16
163,INT-014,17,2025-06-13 01:25:00,2025-06-13 01:25:28.697366723,28.7,22.35,Q17
163,INT-014,18,2025-06-13 01:30:00,2025-06-13 01:30:27.363501206,27.36,0.0,Q18
163,INT-014,19,2025-06-13 01:35:00,2025-06-13 01:35:30.319706177,30.32,13.73,Q19
163,INT-014,20,2025-06-13 01:40:00,2025-06-13 01:40:29.749936528,29.75,16.43,Q20
164,INT-015,1,2025-06-14 00:05:00,2025-06-14 00:05:25.674196439,25.67,0.0,Q1
164,INT-015,2,2025-06-14 00:10:00,2025-06-14 00:10:30.879962905,30.88,4.15,Q2
164,INT-015,3,2025-06-14 00:15:00,2025-06-14 00:15:27.172188640,27.17,13.08,Q3
164,INT-015,4,2025-06-14 00:20:00,2025-06-14 00:20:19.641834776,19.64,7.08,Q4
164,INT-015,5,2025-06-14 00:25:00,2025-06-14 00:25:39.546216980,39.55,3.21,Q5
164,INT-015,6,2025-06-14 00:30:00,2025-06-14 00:30:22.972694308,22.97,0.0,Q6
164,INT-015,7,2025-06-14 00:35:00,2025-06-14 00:35:29.709592401,29.71,6.56,Q7
164,INT-015,8,2025-06-14 00:40:00,2025-06-14 00:40:38.386813464,38.39,2.43,Q8
164,INT-015,9,2025-06-14 00:45:00,2025-06-14 00:45:28.171190533,28.17,2.81,Q9
164,INT-015,10,2025-06-14 00:50:00,2025-06-14 00:50:31.681581456,31.68,28.11,Q10
164,INT-015,11,2025-06-14 00:55:00,2025-06-14 00:55:33.641060005,33.64,7.02,Q11
164,INT-015,12,2025-06-14 01:00:00,2025-06-14 01:00:23.521281426,23.52,22.2,Q12
164,INT-015,13,2025-06-14 01:05:00,2025-06-14 01:05:23.046908051,23.05,15.01,Q13
164,INT-015,14,2025-06-14 01:10:00,2025-06-14 01:10:28.199745463,28.2,8.41,Q14
164,INT-015,15,2025-06-14 01:15:00,2025-06-14 01:15:27.214921321,27.21,0.0,Q15
164,INT-015,16,2025-06-14 01:20:00,2025-06-14 01:20:33.746534073,33.75,9.64,Q16
164,INT-015,17,2025-06-14 01:25:00,2025-06-14 01:25:25.188049379,25.19,8.65,Q17
164,INT-015,18,2025-06-14 01:30:00,2025-06-14 01:30:30.930827612,30.93,7.67,Q18
164,INT-015,19,2025-06-14 01:35:00,2025-06-14 01:35:33.924523737,33.92,11.38,Q19
164,INT-015,20,2025-06-14 01:40:00,2025-06-14 01:40:29.654539139,29.65,7.07,Q20
165,INT-016,1,2025-06-15 00:05:00,2025-06-15 00:05:28.350956767,28.35,14.98,Q1
165,INT-016,2,2025-06-15 00:10:00,2025-06-15 00:10:33.667493597,33.67,7.67,Q2
165,INT-016,3,2025-06-15 00:15:00,2025-06-15 00:15:34.430593150,34.43,7.85,Q3
165,INT-016,4,2025-06-15 00:20:00,2025-06-15 00:20:27.727153283,27.73,22.72,Q4
165,INT-016,5,2025-06-15 00:25:00,2025-06-15 00:25:24.962608918,24.96,9.36,Q5
165,INT-016,6,2025-06-15 00:30:00,2025-06-15 00:30:33.546850409,33.55,0.0,Q6
165,INT-016,7,2025-06-15 00:35:00,2025-06-15 00:35:36.745860643,36.75,1.72,Q7
165,INT-016,8,2025-06-15 00:40:00,2025-06-15 00:40:34.127897790,34.13,4.63,Q8
165,INT-016,9,2025-06-15 00:45:00,2025-06-15 00:45:38.231981010,38.23,0.0,Q9
165,INT-016,10,2025-06-15 00:50:00,2025-06-15 00:50:19.675629577,19.68,11.27,Q10
165,INT-016,11,2025-06-15 00:55:00,2025-06-15 00:55:29.831204030,29.83,0.0,Q11
165,INT-016,12,2025-06-15 01:00:00,2025-06-15 01:00:25.862732459,25.86,4.71,Q12
165,INT-016,13,2025-06-15 01:05:00,2025-06-15 01:05:25.028860591,25.03,18.06,Q13
165,INT-016,14,2025-06-15 01:10:00,2025-06-15 01:10:30.651043696,30.65,11.82,Q14
165,INT-016,15,2025-06-15 01:15:00,2025-06-15 01:15:26.437848399,26.44,6.54,Q15
165,INT-016,16,2025-06-15 01:20:00,2025-06-15 01:20:22.066180103,22.07,0.0,Q16
165,INT-016,17,2025-06-15 01:25:00,2025-06-15 01:25:33.093524046,33.09,10.94,Q17
165,INT-016,18,2025-06-15 01:30:00,2025-06-15 01:30:31.195772248,31.2,2.72,Q18
165,INT-016,19,2025-06-15 01:35:00,2025-06-15 01:35:27.338460349,27.34,3.57,Q19
165,INT-016,20,2025-06-15 01:40:00,2025-06-15 01:40:33.148749233,33.15,14.87,Q20
166,INT-017,1,2025-06-16 00:05:00,2025-06-16 00:05:29.339247068,29.34,17.88,Q1
166,INT-017,2,2025-06-16 00:10:00,2025-06-16 00:10:37.165162686,37.17,3.9,Q2
166,INT-017,3,2025-06-16 00:15:00,2025-06-16 00:15:27.089444236,27.09,4.15,Q3
166,INT-017,4,2025-06-16 00:20:00,2025-06-16 00:20:30.800447057,30.8,0.0,Q4
166,INT-017,5,2025-06-16 00:25:00,2025-06-16 00:25:38.735989089,38.74,0.0,Q5
166,INT-017,6,2025-06-16 00:30:00,2025-06-16 00:30:41.417524997,41.42,17.66,Q6
166,INT-017,7,2025-06-16 00:35:00,2025-06-16 00:35:32.170331274,32.17,3.01,Q7
166,INT-017,8,2025-06-16 00:40:00,2025-06-16 00:40:34.938263853,34.94,23.63,Q8
166,INT-017,9,2025-06-16 00:45:00,2025-06-16 00:45:37.219276535,37.22,9.49,Q9
166,INT-017,10,2025-06-16 00:50:00,2025-06-16 00:50:34.115219730,34.12,16.26,Q10
166,INT-017,11,2025-06-16 00:55:00,2025-06-16 00:55:28.367207938,28.37,6.97,Q11
166,INT-017,12,2025-06-16 01:00:00,2025-06-16 01:00:41.191760904,41.19,0.0,Q12
166,INT-017,13,2025-06-16 01:05:00,2025-06-16 01:05:20.318140533,20.32,14.42,Q13
166,INT-017,14,2025-06-16 01:10:00,2025-06-16 01:10:27.741644871,27.74,0.0,Q14
166,INT-017,15,2025-06-16 01:15:00,2025-06-16 01:15:33.229329634,33.23,8.89,Q15
166,INT-017,16,2025-06-16 01:20:00,2025-06-16 01:20:34.026029471,34.03,11.51,Q16
166,INT-017,17,2025-06-16 01:25:00,2025-06-16 01:25:31.329767123,31.33,3.68,Q17
166,INT-017,18,2025-06-16 01:30:00,2025-06-16 01:30:26.833999921,26.83,15.98,Q18
166,INT-017,19,2025-06-16 01:35:00,2025-06-16 01:35:28.195203276,28.2,4.81,Q19
166,INT-017,20,2025-06-16 01:40:00,2025-06-16 01:40:22.676215171,22.68,0.0,Q20
167,INT-018,1,2025-06-17 00:05:00,2025-06-17 00:05:36.735401333,36.74,2.21,Q1
167,INT-018,2,2025-06-17 00:10:00,2025-06-17 00:10:38.938375291,38.94,11.1,Q2
167,INT-018,3,2025-06-17 00:15:00,2025-06-17 00:15:34.213999572,34.21,4.61,Q3
167,INT-018,4,2025-06-17 00:20:00,2025-06-17 00:20:40.841801076,40.84,12.5,Q4
167,INT-018,5,2025-06-17 00:25:00,2025-06-17 00:25:36.855967798,36.86,0.0,Q5
167,INT-018,6,2025-06-17 00:30:00,2025-06-17 00:30:26.664050652,26.66,0.0,Q6
167,INT-018,7,2025-06-17 00:35:00,2025-06-17 00:35:41.923038875,41.92,0.0,Q7
167,INT-018,8,2025-06-17 00:40:00,2025-06-17 00:40:36.618796229,36.62,5.42,Q8
167,INT-018,9,2025-06-17 00:45:00,2025-06-17 00:45:43.303152997,43.3,22.44,Q9
167,INT-018,10,2025-06-17 00:50:00,2025-06-17 00:50:30.707513722,30.71,19.68,Q10
167,INT-018,11,2025-06-17 00:55:00,2025-06-17 00:55:33.618703072,33.62,14.85,Q11
167,INT-018,12,2025-06-17 01:00:00,2025-06-17 01:00:31.480705282,31.48,0.0,Q12
167,INT-018,13,2025-06-17 01:05:00,2025-06-17 01:05:34.635152294,34.64,25.83,Q13
167,INT-018,14,2025-06-17 01:10:00,2025-06-17 01:10:25.579974843,25.58,6.14,Q14
167,INT-018,15,2025-06-17 01:15:00,2025-06-17 01:15:34.838454565,34.84,0.0,Q15
167,INT-018,16,2025-06-17 01:20:00,2025-06-17 01:20:30.541669788,30.54,0.0,Q16
167,INT-018,17,2025-06-17 01:25:00,2025-06-17 01:25:30.462961152,30.46,21.66,Q17
167,INT-018,18,2025-06-17 01:30:00,2025-06-17 01:30:33.636736094,33.64,16.68,Q18
167,INT-018,19,2025-06-17 01:35:00,2025-06-17 01:35:24.523465768,24.52,4.16,Q19
167,INT-018,20,2025-06-17 01:40:00,2025-06-17 01:40:33.686190334,33.69,4.59,Q20
168,INT-019,1,2025-06-18 00:05:00,2025-06-18 00:05:37.735274419,37.74,9.5,Q1
168,INT-019,2,2025-06-18 00:10:00,2025-06-18 00:10:37.950693606,37.95,24.45,Q2
168,INT-019,3,2025-06-18 00:15:00,2025-06-18 00:15:38.709033566,38.71,13.34,Q3
168,INT-019,4,2025-06-18 00:20:00,2025-06-18 00:20:26.261500718,26.26,7.27,Q4
168,INT-019,5,2025-06-18 00:25:00,2025-06-18 00:25:33.916493050,33.92,18.15,Q5
168,INT-019,6,2025-06-18 00:30:00,2025-06-18 00:30:24.925494002,24.93,9.5,Q6
168,INT-019,7,2025-06-18 00:35:00,2025-06-18 00:35:27.102725351,27.1,0.0,Q7
168,INT-019,8,2025-06-18 00:40:00,2025-06-18 00:40:46.267035155,46.27,10.97,Q8
168,INT-019,9,2025-06-18 00:45:00,2025-06-18 00:45:32.830794176,32.83,13.52,Q9
168,INT-019,10,2025-06-18 00:50:00,2025-06-18 00:50:39.675778923,39.68,0.0,Q10
168,INT-019,11,2025-06-18 00:55:00,2025-06-18 00:55:34.317833832,34.32,0.0,Q11
168,INT-019,12,2025-06-18 01:00:00,2025-06-18 01:00:33.733485124,33.73,11.0,Q12
168,INT-019,13,2025-06-18 01:05:00,2025-06-18 01:05:46.576757815,46.58,21.59,Q13
168,INT-019,14,2025-06-18 01:10:00,2025-06-18 01:10:37.315446873,37.32,8.21,Q14
168,INT-019,15,2025-06-18 01:15:00,2025-06-18 01:15:47.382703059,47.38,5.85,Q15
168,INT-019,16,2025-06-18 01:20:00,2025-06-18 01:20:37.192462773,37.19,7.36,Q16
168,INT-019,17,2025-06-18 01:25:00,2025-06-18 01:25:35.917724870,35.92,19.45,Q17
168,INT-019,18,2025-06-18 01:30:00,2025-06-18 01:30:40.169767016,40.17,4.1,Q18
168,INT-019,19,2025-06-18 01:35:00,2025-06-18 01:35:37.950258432,37.95,1.84,Q19
168,INT-019,20,2025-06-18 01:40:00,2025-06-18 01:40:32.578980022,32.58,0.0,Q20
169,INT-020,1,2025-06-19 00:05:00,2025-06-19 00:05:41.064851923,41.06,15.45,Q1
169,INT-020,2,2025-06-19 00:10:00,2025-06-19 00:10:37.102394443,37.1,16.14,Q2
169,INT-020,3,2025-06-19 00:15:00,2025-06-19 00:15:38.874709178,38.87,14.62,Q3
169,INT-020,4,2025-06-19 00:20:00,2025-06-19 00:20:40.124895993,40.12,8.3,Q4
169,INT-020,5,2025-06-19 00:25:00,2025-06-19 00:25:33.127413923,33.13,8.34,Q5
169,INT-020,6,2025-06-19 00:30:00,2025-06-19 00:30:27.765701904,27.77,13.86,Q6
169,INT-020,7,2025-06-19 00:35:00,2025-06-19 00:35:46.438700152,46.44,7.45,Q7
169,INT-020,8,2025-06-19 00:40:00,2025-06-19 00:40:44.543696650,44.54,17.85,Q8
169,INT-020,9,2025-06-19 00:45:00,2025-06-19 00:45:41.301176968,41.3,3.24,Q9
169,INT-020,10,2025-06-19 00:50:00,2025-06-19 00:50:38.621045030,38.62,0.0,Q10
169,INT-020,11,2025-06-19 00:55:00,2025-06-19 00:55:38.310806397,38.31,16.94,Q11
169,INT-020,12,2025-06-19 01:00:00,2025-06-19 01:00:42.114648944,42.11,25.85,Q12
169,INT-020,13,2025-06-19 01:05:00,2025-06-19 01:05:43.654577393,43.65,10.73,Q13
169,INT-020,14,2025-06-19 01:10:00,2025-06-19 01:10:39.721334534,39.72,15.62,Q14
169,INT-020,15,2025-06-19 01:15:00,2025-06-19 01:15:33.786155926,33.79,0.0,Q15
169,INT-020,16,2025-06-19 01:20:00,2025-06-19 01:20:44.493808039,44.49,7.99,Q16
169,INT-020,17,2025-06-19 01:25:00,2025-06-19 01:25:38.037645121,38.04,13.85,Q17
169,INT-020,18,2025-06-19 01:30:00,2025-06-19 01:30:24.097737264,24.1,0.0,Q18
169,INT-020,19,2025-06-19 01:35:00,2025-06-19 01:35:35.012435143,35.01,9.23,Q19
169,INT-020,20,2025-06-19 01:40:00,2025-06-19 01:40:41.541234755,41.54,13.79,Q20
170,INT-021,1,2025-06-20 00:05:00,2025-06-20 00:05:12.211829248,12.21,0.0,Q1
170,INT-021,2,2025-06-20 00:10:00,2025-06-20 00:10:22.389723055,22.39,2.41,Q2
170,INT-021,3,2025-06-20 00:15:00,2025-06-20 00:15:20.403410302,20.4,2.43,Q3
170,INT-021,4,2025-06-20 00:20:00,2025-06-20 00:20:26.288947598,26.29,0.0,Q4
170,INT-021,5,2025-06-20 00:25:00,2025-06-20 00:25:21.513533863,21.51,0.0,Q5
170,INT-021,6,2025-06-20 00:30:00,2025-06-20 00:30:10.256313759,10.26,19.24,Q6
170,INT-021,7,2025-06-20 00:35:00,2025-06-20 00:35:24.950573201,24.95,32.0,Q7
170,INT-021,8,2025-06-20 00:40:00,2025-06-20 00:40:21.800901411,21.8,0.0,Q8
170,INT-021,9,2025-06-20 00:45:00,2025-06-20 00:45:18.510045987,18.51,6.28,Q9
170,INT-021,10,2025-06-20 00:50:00,2025-06-20 00:50:20.290787408,20.29,0.0,Q10
170,INT-021,11,2025-06-20 00:55:00,2025-06-20 00:55:28.213659544,28.21,9.81,Q11
170,INT-021,12,2025-06-20 01:00:00,2025-06-20 01:00:16.719712844,16.72,0.0,Q12
170,INT-021,13,2025-06-20 01:05:00,2025-06-20 01:05:11.652100907,11.65,0.0,Q13
170,INT-021,14,2025-06-20 01:10:00,2025-06-20 01:10:10.071032455,10.07,17.04,Q14
170,INT-021,15,2025-06-20 01:15:00,2025-06-20 01:15:16.768369469,16.77,0.0,Q15
170,INT-021,16,2025-06-20 01:20:00,2025-06-20 01:20:16.129744873,16.13,8.94,Q16
170,INT-021,17,2025-06-20 01:25:00,2025-06-20 01:25:23.796753622,23.8,4.84,Q17
170,INT-021,18,2025-06-20 01:30:00,2025-06-20 01:30:24.298533502,24.3,9.74,Q18
170,INT-021,19,2025-06-20 01:35:00,2025-06-20 01:35:15.451194223,15.45,9.08,Q19
170,INT-021,20,2025-06-20 01:40:00,2025-06-20 01:40:14.965341390,14.97,0.0,Q20
171,INT-022,1,2025-06-21 00:05:00,2025-06-21 00:05:24.236789185,24.24,4.95,Q1
171,INT-022,2,2025-06-21 00:10:00,2025-06-21 00:10:34.825282005,34.83,6.47,Q2
171,INT-022,3,2025-06-21 00:15:00,2025-06-21 00:15:16.850148900,16.85,20.94,Q3
171,INT-022,4,2025-06-21 00:20:00,2025-06-21 00:20:20.546591778,20.55,7.82,Q4
171,INT-022,5,2025-06-21 00:25:00,2025-06-21 00:25:25.891339020,25.89,12.3,Q5
171,INT-022,6,2025-06-21 00:30:00,2025-06-21 00:30:22.141432900,22.14,7.79,Q6
171,INT-022,7,2025-06-21 00:35:00,2025-06-21 00:35:21.087407820,21.09,0.0,Q7
171,INT-022,8,2025-06-21 00:40:00,2025-06-21 00:40:25.114690722,25.11,9.93,Q8
171,INT-022,9,2025-06-21 00:45:00,2025-06-21 00:45:26.642648746,26.64,17.49,Q9
171,INT-022,10,2025-06-21 00:50:00,2025-06-21 00:50:16.270561856,16.27,11.91,Q10
171,INT-022,11,2025-06-21 00:55:00,2025-06-21 00:55:23.754082925,23.75,15.29,Q11
171,INT-022,12,2025-06-21 01:00:00,2025-06-21 01:00:21.915048509,21.92,14.92,Q12
171,INT-022,13,2025-06-21 01:05:00,2025-06-21 01:05:23.706873716,23.71,1.07,Q13
171,INT-022,14,2025-06-21 01:10:00,2025-06-21 01:10:29.232722740,29.23,0.0,Q14
171,INT-022,15,2025-06-21 01:15:00,2025-06-21 01:15:28.104027092,28.1,9.52,Q15
171,INT-022,16,2025-06-21 01:20:00,2025-06-21 01:20:26.229489149,26.23,0.0,Q16
171,INT-022,17,2025-06-21 01:25:00,2025-06-21 01:25:19.054311296,19.05,0.0,Q17
171,INT-022,18,2025-06-21 01:30:00,2025-06-21 01:30:18.423881541,18.42,16.69,Q18
171,INT-022,19,2025-06-21 01:35:00,2025-06-21 01:35:26.786194246,26.79,18.89,Q19
171,INT-022,20,2025-06-21 01:40:00,2025-06-21 01:40:25.312469031,25.31,2.55,Q20
172,INT-023,1,2025-06-22 00:05:00,2025-06-22 00:05:22.620993371,22.62,0.0,Q1
172,INT-023,2,2025-06-22 00:10:00,2025-06-22 00:10:21.480548109,21.48,11.69,Q2
172,INT-023,3,2025-06-22 00:15:00,2025-06-22 00:15:19.476203255,19.48,27.24,Q3
172,INT-023,4,2025-06-22 00:20:00,2025-06-22 00:20:18.821688259,18.82,11.67,Q4
172,INT-023,5,2025-06-22 00:25:00,2025-06-22 00:25:22.998823526,23.0,11.01,Q5
172,INT-023,6,2025-06-22 00:30:00,2025-06-22 00:30:29.041124291,29.04,7.79,Q6
172,INT-023,7,2025-06-22 00:35:00,2025-06-22 00:35:20.820807864,20.82,5.5,Q7
172,INT-023,8,2025-06-22 00:40:00,2025-06-22 00:40:21.398698654,21.4,9.68,Q8
172,INT-023,9,2025-06-22 00:45:00,2025-06-22 00:45:20.182088005,20.18,7.33,Q9
172,INT-023,10,2025-06-22 00:50:00,2025-06-22 00:50:20.033722884,20.03,15.07,Q10
172,INT-023,11,2025-06-22 00:55:00,2025-06-22 00:55:27.602511583,27.6,0.0,Q11
172,INT-023,12,2025-06-22 01:00:00,2025-06-22 01:00:25.580158880,25.58,10.9,Q12
172,INT-023,13,2025-06-22 01:05:00,2025-06-22 01:05:21.349965244,21.35,4.17,Q13
172,INT-023,14,2025-06-22 01:10:00,2025-06-22 01:10:22.554793199,22.55,18.87,Q14
172,INT-023,15,2025-06-22 01:15:00,2025-06-22 01:15:31.619225129,31.62,14.9,Q15
172,INT-023,16,2025-06-22 01:20:00,2025-06-22 01:20:23.889782038,23.89,7.37,Q16
172,INT-023,17,2025-06-22 01:25:00,2025-06-22 01:25:29.067636766,29.07,20.34,Q17
172,INT-023,18,2025-06-22 01:30:00,2025-06-22 01:30:25.241561736,25.24,0.0,Q18
172,INT-023,19,2025-06-22 01:35:00,2025-06-22 01:35:31.399991327,31.4,1.02,Q19
172,INT-023,20,2025-06-22 01:40:00,2025-06-22 01:40:37.953175518,37.95,0.0,Q20
173,INT-024,1,2025-06-23 00:05:00,2025-06-23 00:05:26.720092090,26.72,20.89,Q1
173,INT-024,2,2025-06-23 00:10:00,2025-06-23 00:10:26.001526644,26.0,14.44,Q2
173,INT-024,3,2025-06-23 00:15:00,2025-06-23 00:15:27.932602086,27.93,14.3,Q3
173,INT-024,4,2025-06-23 00:20:00,2025-06-23 00:20:21.299335537,21.3,15.87,Q4
173,INT-024,5,2025-06-23 00:25:00,2025-06-23 00:25:29.527328956,29.53,0.0,Q5
173,INT-024,6,2025-06-23 00:30:00,2025-06-23 00:30:30.102480245,30.1,0.0,Q6
173,INT-024,7,2025-06-23 00:35:00,2025-06-23 00:35:29.291909239,29.29,0.0,Q7
173,INT-024,8,2025-06-23 00:40:00,2025-06-23 00:40:19.192519230,19.19,0.0,Q8
173,INT-024,9,2025-06-23 00:45:00,2025-06-23 00:45:28.931969337,28.93,14.89,Q9
173,INT-024,10,2025-06-23 00:50:00,2025-06-23 00:50:19.349372080,19.35,9.47,Q10
173,INT-024,11,2025-06-23 00:55:00,2025-06-23 00:55:19.719111426,19.72,7.04,Q11
173,INT-024,12,2025-06-23 01:00:00,2025-06-23 01:00:33.186774938,33.19,0.0,Q12
173,INT-024,13,2025-06-23 01:05:00,2025-06-23 01:05:18.585270130,18.59,10.52,Q13
173,INT-024,14,2025-06-23 01:10:00,2025-06-23 01:10:25.230366326,25.23,6.39,Q14
173,INT-024,15,2025-06-23 01:15:00,2025-06-23 01:15:24.939385512,24.94,10.87,Q15
173,INT-024,16,2025-06-23 01:20:00,2025-06-23 01:20:25.315418869,25.32,9.53,Q16
173,INT-024,17,2025-06-23 01:25:00,2025-06-23 01:25:19.523679553,19.52,0.0,Q17
173,INT-024,18,2025-06-23 01:30:00,2025-06-23 01:30:36.510371016,36.51,0.0,Q18
173,INT-024,19,2025-06-23 01:35:00,2025-06-23 01:35:28.884669324,28.88,8.91,Q19
173,INT-024,20,2025-06-23 01:40:00,2025-06-23 01:40:22.031272719,22.03,0.0,Q20
174,INT-025,1,2025-06-24 00:05:00,2025-06-24 00:05:21.835165912,21.84,22.27,Q1
174,INT-025,2,2025-06-24 00:10:00,2025-06-24 00:10:23.446470648,23.45,20.18,Q2
174,INT-025,3,2025-06-24 00:15:00,2025-06-24 00:15:34.743056595,34.74,14.49,Q3
174,INT-025,4,2025-06-24 00:20:00,2025-06-24 00:20:27.124801856,27.12,2.85,Q4
174,INT-025,5,2025-06-24 00:25:00,2025-06-24 00:25:28.922957633,28.92,3.71,Q5
174,INT-025,6,2025-06-24 00:30:00,2025-06-24 00:30:26.366405367,26.37,0.0,Q6
174,INT-025,7,2025-06-24 00:35:00,2025-06-24 00:35:32.729614483,32.73,3.55,Q7
174,INT-025,8,2025-06-24 00:40:00,2025-06-24 00:40:31.955941175,31.96,0.0,Q8
174,INT-025,9,2025-06-24 00:45:00,2025-06-24 00:45:22.734409238,22.73,5.84,Q9
174,INT-025,10,2025-06-24 00:50:00,2025-06-24 00:50:27.581104029,27.58,17.11,Q10
174,INT-025,11,2025-06-24 00:55:00,2025-06-24 00:55:26.715031011,26.72,8.0,Q11
174,INT-025,12,2025-06-24 01:00:00,2025-06-24 01:00:28.861796103,28.86,0.0,Q12
174,INT-025,13,2025-06-24 01:05:00,2025-06-24 01:05:29.217028964,29.22,13.03,Q13
174,INT-025,14,2025-06-24 01:10:00,2025-06-24 01:10:33.209194757,33.21,6.35,Q14
174,INT-025,15,2025-06-24 01:15:00,2025-06-24 01:15:37.029143136,37.03,8.3,Q15
174,INT-025,16,2025-06-24 01:20:00,2025-06-24 01:20:28.900770981,28.9,27.1,Q16
174,INT-025,17,2025-06-24 01:25:00,2025-06-24 01:25:34.551524275,34.55,1.6,Q17
174,INT-025,18,2025-06-24 01:30:00,2025-06-24 01:30:34.324297072,34.32,14.33,Q18
174,INT-025,19,2025-06-24 01:35:00,2025-06-24 01:35:29.111493973,29.11,7.45,Q19
174,INT-025,20,2025-06-24 01:40:00,2025-06-24 01:40:20.484555654,20.48,0.0,Q20
175,INT-001,1,2025-06-25 00:05:00,2025-06-25 00:05:24.053579230,24.05,7.53,Q1
175,INT-001,2,2025-06-25 00:10:00,2025-06-25 00:10:25.381132569,25.38,0.0,Q2
175,INT-001,3,2025-06-25 00:15:00,2025-06-25 00:15:27.014510782,27.01,7.61,Q3
175,INT-001,4,2025-06-25 00:20:00,2025-06-25 00:20:26.207457675,26.21,12.51,Q4
175,INT-001,5,2025-06-25 00:25:00,2025-06-25 00:25:34.810540689,34.81,22.49,Q5
175,INT-001,6,2025-06-25 00:30:00,2025-06-25 00:30:32.342641849,32.34,19.88,Q6
175,INT-001,7,2025-06-25 00:35:00,2025-06-25 00:35:28.350056304,28.35,5.29,Q7
175,INT-001,8,2025-06-25 00:40:00,2025-06-25 00:40:33.698391994,33.7,5.31,Q8
175,INT-001,9,2025-06-25 00:45:00,2025-06-25 00:45:28.149743165,28.15,9.11,Q9
175,INT-001,10,2025-06-25 00:50:00,2025-06-25 00:50:28.620053403,28.62,0.0,Q10
175,INT-001,11,2025-06-25 00:55:00,2025-06-25 00:55:20.552351602,20.55,10.36,Q11
175,INT-001,12,2025-06-25 01:00:00,2025-06-25 01:00:25.404823824,25.4,11.22,Q12
175,INT-001,13,2025-06-25 01:05:00,2025-06-25 01:05:27.459595935,27.46,8.43,Q13
175,INT-001,14,2025-06-25 01:10:00,2025-06-25 01:10:25.638189759,25.64,13.42,Q14
175,INT-001,15,2025-06-25 01:15:00,2025-06-25 01:15:37.700657539,37.7,16.59,Q15
175,INT-001,16,2025-06-25 01:20:00,2025-06-25 01:20:32.671022271,32.67,13.91,Q16
175,INT-001,17,2025-06-25 01:25:00,2025-06-25 01:25:28.266416004,28.27,0.0,Q17
175,INT-001,18,2025-06-25 01:30:00,2025-06-25 01:30:33.110657819,33.11,0.0,Q18
175,INT-001,19,2025-06-25 01:35:00,2025-06-25 01:35:29.932329788,29.93,22.47,Q19
175,INT-001,20,2025-06-25 01:40:00,2025-06-25 01:40:39.073261990,39.07,0.0,Q20
176,INT-002,1,2025-06-26 00:05:00,2025-06-26 00:05:23.282985291,23.28,0.0,Q1
176,INT-002,2,2025-06-26 00:10:00,2025-06-26 00:10:27.533879363,27.53,7.8,Q2
176,INT-002,3,2025-06-26 00:15:00,2025-06-26 00:15:33.010446487,33.01,16.92,Q3
176,INT-002,4,2025-06-26 00:20:00,2025-06-26 00:20:35.620414344,35.62,0.0,Q4
176,INT-002,5,2025-06-26 00:25:00,2025-06-26 00:25:31.898937884,31.9,11.97,Q5
176,INT-002,6,2025-06-26 00:30:00,2025-06-26 00:30:31.691720036,31.69,17.2,Q6
176,INT-002,7,2025-06-26 00:35:00,2025-06-26 00:35:36.032990199,36.03,17.73,Q7
176,INT-002,8,2025-06-26 00:40:00,2025-06-26 00:40:38.556296856,38.56,0.0,Q8
176,INT-002,9,2025-06-26 00:45:00,2025-06-26 00:45:28.616439098,28.62,27.45,Q9
176,INT-002,10,2025-06-26 00:50:00,2025-06-26 00:50:37.377134079,37.38,0.0,Q10
176,INT-002,11,2025-06-26 00:55:00,2025-06-26 00:55:29.526040202,29.53,0.0,Q11
176,INT-002,12,2025-06-26 01:00:00,2025-06-26 01:00:44.148400842,44.15,7.68,Q12
176,INT-002,13,2025-06-26 01:05:00,2025-06-26 01:05:30.440818700,30.44,7.87,Q13
176,INT-002,14,2025-06-26 01:10:00,2025-06-26 01:10:35.749758756,35.75,7.91,Q14
176,INT-002,15,2025-06-26 01:15:00,2025-06-26 01:15:37.803500534,37.8,12.11,Q15
176,INT-002,16,2025-06-26 01:20:00,2025-06-26 01:20:28.135716169,28.14,12.84,Q16
176,INT-002,17,2025-06-26 01:25:00,2025-06-26 01:25:33.024382251,33.02,9.7,Q17
176,INT-002,18,2025-06-26 01:30:00,2025-06-26 01:30:33.349942064,33.35,0.0,Q18
176,INT-002,19,2025-06-26 01:35:00,2025-06-26 01:35:36.834861661,36.83,0.68,Q19
176,INT-002,20,2025-06-26 01:40:00,2025-06-26 01:40:30.451916415,30.45,9.15,Q20
177,INT-003,1,2025-06-27 00:05:00,2025-06-27 00:05:32.218775482,32.22,2.01,Q1
177,INT-003,2,2025-06-27 00:10:00,2025-06-27 00:10:37.478876933,37.48,0.0,Q2
177,INT-003,3,2025-06-27 00:15:00,2025-06-27 00:15:38.087284242,38.09,0.0,Q3
177,INT-003,4,2025-06-27 00:20:00,2025-06-27 00:20:31.789011521,31.79,13.88,Q4
177,INT-003,5,2025-06-27 00:25:00,2025-06-27 00:25:37.395274033,37.4,12.07,Q5
177,INT-003,6,2025-06-27 00:30:00,2025-06-27 00:30:35.188122693,35.19,0.0,Q6
177,INT-003,7,2025-06-27 00:35:00,2025-06-27 00:35:42.209796112,42.21,0.0,Q7
177,INT-003,8,2025-06-27 00:40:00,2025-06-27 00:40:27.640948472,27.64,7.24,Q8
177,INT-003,9,2025-06-27 00:45:00,2025-06-27 00:45:25.013468069,25.01,13.53,Q9
177,INT-003,10,2025-06-27 00:50:00,2025-06-27 00:50:36.255378815,36.26,3.16,Q10
177,INT-003,11,2025-06-27 00:55:00,2025-06-27 00:55:39.912047270,39.91,7.12,Q11
177,INT-003,12,2025-06-27 01:00:00,2025-06-27 01:00:40.584466434,40.58,12.3,Q12
177,INT-003,13,2025-06-27 01:05:00,2025-06-27 01:05:35.389957650,35.39,1.0,Q13
177,INT-003,14,2025-06-27 01:10:00,2025-06-27 01:10:32.417359194,32.42,0.0,Q14
177,INT-003,15,2025-06-27 01:15:00,2025-06-27 01:15:42.690033606,42.69,5.62,Q15
177,INT-003,16,2025-06-27 01:20:00,2025-06-27 01:20:22.407032271,22.41,6.91,Q16
177,INT-003,17,2025-06-27 01:25:00,2025-06-27 01:25:41.020818276,41.02,8.64,Q17
177,INT-003,18,2025-06-27 01:30:00,2025-06-27 01:30:41.687997158,41.69,26.2,Q18
177,INT-003,19,2025-06-27 01:35:00,2025-06-27 01:35:37.574244379,37.57,5.33,Q19
177,INT-003,20,2025-06-27 01:40:00,2025-06-27 01:40:31.192396907,31.19,24.22,Q20
178,INT-004,1,2025-06-28 00:05:00,2025-06-28 00:05:46.359944129,46.36,9.72,Q1
178,INT-004,2,2025-06-28 00:10:00,2025-06-28 00:10:32.564262995,32.56,11.79,Q2
178,INT-004,3,2025-06-28 00:15:00,2025-06-28 00:15:33.470358081,33.47,0.0,Q3
178,INT-004,4,2025-06-28 00:20:00,2025-06-28 00:20:33.689776265,33.69,0.0,Q4
178,INT-004,5,2025-06-28 00:25:00,2025-06-28 00:25:40.427527648,40.43,16.19,Q5
178,INT-004,6,2025-06-28 00:30:00,2025-06-28 00:30:35.139288464,35.14,17.76,Q6
178,INT-004,7,2025-06-28 00:35:00,2025-06-28 00:35:39.488260246,39.49,13.28,Q7
178,INT-004,8,2025-06-28 00:40:00,2025-06-28 00:40:26.039006181,26.04,10.47,Q8
178,INT-004,9,2025-06-28 00:45:00,2025-06-28 00:45:39.262318491,39.26,11.5,Q9
178,INT-004,10,2025-06-28 00:50:00,2025-06-28 00:50:34.512981823,34.51,11.1,Q10
178,INT-004,11,2025-06-28 00:55:00,2025-06-28 00:55:31.533807889,31.53,8.09,Q11
178,INT-004,12,2025-06-28 01:00:00,2025-06-28 01:00:27.798870337,27.8,0.0,Q12
178,INT-004,13,2025-06-28 01:05:00,2025-06-28 01:05:29.324148160,29.32,0.0,Q13
178,INT-004,14,2025-06-28 01:10:00,2025-06-28 01:10:38.470640031,38.47,0.06,Q14
178,INT-004,15,2025-06-28 01:15:00,2025-06-28 01:15:30.915801355,30.92,22.65,Q15
178,INT-004,16,2025-06-28 01:20:00,2025-06-28 01:20:28.740773722,28.74,15.69,Q16
178,INT-004,17,2025-06-28 01:25:00,2025-06-28 01:25:38.251445647,38.25,11.35,Q17
178,INT-004,18,2025-06-28 01:30:00,2025-06-28 01:30:34.649884671,34.65,0.0,Q18
178,INT-004,19,2025-06-28 01:35:00,2025-06-28 01:35:28.595093292,28.6,0.0,Q19
178,INT-004,20,2025-06-28 01:40:00,2025-06-28 01:40:29.651310233,29.65,12.37,Q20
179,INT-005,1,2025-06-29 00:05:00,2025-06-29 00:05:35.042812741,35.04,9.44,Q1
179,INT-005,2,2025-06-29 00:10:00,2025-06-29 00:10:37.688110275,37.69,0.0,Q2
179,INT-005,3,2025-06-29 00:15:00,2025-06-29 00:15:46.924124161,46.92,0.0,Q3
179,INT-005,4,2025-06-29 00:20:00,2025-06-29 00:20:38.853955488,38.85,10.0,Q4
179,INT-005,5,2025-06-29 00:25:00,2025-06-29 00:25:44.255574204,44.26,1.28,Q5
179,INT-005,6,2025-06-29 00:30:00,2025-06-29 00:30:42.251018169,42.25,2.46,Q6
179,INT-005,7,2025-06-29 00:35:00,2025-06-29 00:35:30.649423705,30.65,6.79,Q7
179,INT-005,8,2025-06-29 00:40:00,2025-06-29 00:40:36.382934193,36.38,7.29,Q8
179,INT-005,9,2025-06-29 00:45:00,2025-06-29 00:45:41.535905855,41.54,1.62,Q9
179,INT-005,10,2025-06-29 00:50:00,2025-06-29 00:50:39.249391703,39.25,18.94,Q10
179,INT-005,11,2025-06-29 00:55:00,2025-06-29 00:55:36.783336528,36.78,10.56,Q11
179,INT-005,12,2025-06-29 01:00:00,2025-06-29 01:00:39.702054091,39.7,0.0,Q12
179,INT-005,13,2025-06-29 01:05:00,2025-06-29 01:05:36.864600808,36.86,20.83,Q13
179,INT-005,14,2025-06-29 01:10:00,2025-06-29 01:10:40.896653594,40.9,11.97,Q14
179,INT-005,15,2025-06-29 01:15:00,2025-06-29 01:15:36.351252081,36.35,25.91,Q15
179,INT-005,16,2025-06-29 01:20:00,2025-06-29 01:20:36.074963402,36.07,6.71,Q16
179,INT-005,17,2025-06-29 01:25:00,2025-06-29 01:25:40.346531382,40.35,11.21,Q17
179,INT-005,18,2025-06-29 01:30:00,2025-06-29 01:30:34.026278180,34.03,0.0,Q18
179,INT-005,19,2025-06-29 01:35:00,2025-06-29 01:35:45.673914472,45.67,13.31,Q19
179,INT-005,20,2025-06-29 01:40:00,2025-06-29 01:40:37.144685541,37.14,3.96,Q20
180,INT-006,1,2025-06-30 00:05:00,2025-06-30 00:05:05.000000000,5.0,73.35,Q1
180,INT-006,2,2025-06-30 00:10:00,2025-06-30 00:10:14.641941940,14.64,100.32,Q2
180,INT-006,3,2025-06-30 00:15:00,2025-06-30 00:15:39.147047786,39.15,210.4,Q3
180,INT-006,4,2025-06-30 00:20:00,2025-06-30 00:20:21.451306909,21.45,233.1,Q4
180,INT-006,5,2025-06-30 00:25:00,2025-06-30 00:25:29.147913304,29.15,124.15,Q5
180,INT-006,6,2025-06-30 00:30:00,2025-06-30 00:30:27.901024885,27.9,156.55,Q6
180,INT-006,7,2025-06-30 00:35:00,2025-06-30 00:35:24.290577099,24.29,127.35,Q7
180,INT-006,8,2025-06-30 00:40:00,2025-06-30 00:40:06.967647461,6.97,0.0,Q8
180,INT-006,9,2025-06-30 00:45:00,2025-06-30 00:45:05.000000000,5.0,189.68,Q9
180,INT-006,10,2025-06-30 00:50:00,2025-06-30 00:50:25.108009027,25.11,0.0,Q10
180,INT-006,11,2025-06-30 00:55:00,2025-06-30 00:55:23.869277578,23.87,172.82,Q11
180,INT-006,12,2025-06-30 01:00:00,2025-06-30 01:00:28.528792678,28.53,112.97,Q12
180,INT-006,13,2025-06-30 01:05:00,2025-06-30 01:05:05.000000000,5.0,175.93,Q13
180,INT-006,14,2025-06-30 01:10:00,2025-06-30 01:10:28.253482857,28.25,290.34,Q14
180,INT-006,15,2025-06-30 01:15:00,2025-06-30 01:15:17.088438075,17.09,0.0,Q15
180,INT-006,16,2025-06-30 01:20:00,2025-06-30 01:20:05.000000000,5.0,304.24,Q16
180,INT-006,17,2025-06-30 01:25:00,2025-06-30 01:25:41.864328241,41.86,101.59,Q17
180,INT-006,18,2025-06-30 01:30:00,2025-06-30 01:30:19.425798126,19.43,95.12,Q18
180,INT-006,19,2025-06-30 01:35:00,2025-06-30 01:35:36.001612333,36.0,160.8,Q19
180,INT-006,20,2025-06-30 01:40:00,2025-06-30 01:40:18.872266562,18.87,116.05,Q20
181,INT-007,1,2025-07-01 00:05:00,2025-07-01 00:05:21.174862850,21.17,13.43,Q1
181,INT-007,2,2025-07-01 00:10:00,2025-07-01 00:10:18.429178194,18.43,10.59,Q2
181,INT-007,3,2025-07-01 00:15:00,2025-07-01 00:15:30.534399196,30.53,0.0,Q3
181,INT-007,4,2025-07-01 00:20:00,2025-07-01 00:20:24.275522370,24.28,10.73,Q4
181,INT-007,5,2025-07-01 00:25:00,2025-07-01 00:25:30.110423013,30.11,0.0,Q5
181,INT-007,6,2025-07-01 00:30:00,2025-07-01 00:30:18.989007636,18.99,15.69,Q6
181,INT-007,7,2025-07-01 00:35:00,2025-07-01 00:35:28.255967909,28.26,4.05,Q7
181,INT-007,8,2025-07-01 00:40:00,2025-07-01 00:40:17.056154758,17.06,12.63,Q8
181,INT-007,9,2025-07-01 00:45:00,2025-07-01 00:45:23.200242244,23.2,6.33,Q9
181,INT-007,10,2025-07-01 00:50:00,2025-07-01 00:50:22.846374072,22.85,1.93,Q10
181,INT-007,11,2025-07-01 00:55:00,2025-07-01 00:55:24.509612007,24.51,14.74,Q11
181,INT-007,12,2025-07-01 01:00:00,2025-07-01 01:00:21.194924325,21.19,13.04,Q12
181,INT-007,13,2025-07-01 01:05:00,2025-07-01 01:05:28.513747555,28.51,8.9,Q13
181,INT-007,14,2025-07-01 01:10:00,2025-07-01 01:10:23.521100905,23.52,0.0,Q14
181,INT-007,15,2025-07-01 01:15:00,2025-07-01 01:15:11.381535824,11.38,14.54,Q15
181,INT-007,16,2025-07-01 01:20:00,2025-07-01 01:20:24.690303254,24.69,21.93,Q16
181,INT-007,17,2025-07-01 01:25:00,2025-07-01 01:25:18.497237879,18.5,18.31,Q17
181,INT-007,18,2025-07-01 01:30:00,2025-07-01 01:30:23.128915864,23.13,14.25,Q18
181,INT-007,19,2025-07-01 01:35:00,2025-07-01 01:35:21.831578749,21.83,0.0,Q19
181,INT-007,20,2025-07-01 01:40:00,2025-07-01 01:40:31.445601128,31.45,1.52,Q20
182,INT-008,1,2025-07-02 00:05:00,2025-07-02 00:05:18.784530547,18.78,15.88,Q1
182,INT-008,2,2025-07-02 00:10:00,2025-07-02 00:10:31.822819623,31.82,0.0,Q2
182,INT-008,3,2025-07-02 00:15:00,2025-07-02 00:15:31.256871846,31.26,0.0,Q3
182,INT-008,4,2025-07-02 00:20:00,2025-07-02 00:20:13.277256329,13.28,9.47,Q4
182,INT-008,5,2025-07-02 00:25:00,2025-07-02 00:25:19.329605713,19.33,2.65,Q5
182,INT-008,6,2025-07-02 00:30:00,2025-07-02 00:30:26.961004790,26.96,7.77,Q6
182,INT-008,7,2025-07-02 00:35:00,2025-07-02 00:35:29.521125760,29.52,15.54,Q7
182,INT-008,8,2025-07-02 00:40:00,2025-07-02 00:40:31.787133910,31.79,0.0,Q8
182,INT-008,9,2025-07-02 00:45:00,2025-07-02 00:45:25.928085302,25.93,0.0,Q9
182,INT-008,10,2025-07-02 00:50:00,2025-07-02 00:50:23.188862865,23.19,2.08,Q10
182,INT-008,11,2025-07-02 00:55:00,2025-07-02 00:55:29.281080534,29.28,1.16,Q11
182,INT-008,12,2025-07-02 01:00:00,2025-07-02 01:00:26.243449915,26.24,13.4,Q12
182,INT-008,13,2025-07-02 01:05:00,2025-07-02 01:05:23.232226479,23.23,4.41,Q13
182,INT-008,14,2025-07-02 01:10:00,2025-07-02 01:10:29.416189107,29.42,0.0,Q14
182,INT-008,15,2025-07-02 01:15:00,2025-07-02 01:15:15.548016970,15.55,2.58,Q15
182,INT-008,16,2025-07-02 01:20:00,2025-07-02 01:20:22.065941414,22.07,16.29,Q16
182,INT-008,17,2025-07-02 01:25:00,2025-07-02 01:25:29.702372948,29.7,21.49,Q17
182,INT-008,18,2025-07-02 01:30:00,2025-07-02 01:30:27.431455038,27.43,9.63,Q18
182,INT-008,19,2025-07-02 01:35:00,2025-07-02 01:35:17.843315711,17.84,4.97,Q19
182,INT-008,20,2025-07-02 01:40:00,2025-07-02 01:40:23.455276229,23.46,13.92,Q20
183,INT-009,1,2025-07-03 00:05:00,2025-07-03 00:05:16.350670120,16.35,16.23,Q1
183,INT-009,2,2025-07-03 00:10:00,2025-07-03 00:10:39.027375591,39.03,0.0,Q2
183,INT-009,3,2025-07-03 00:15:00,2025-07-03 00:15:32.591348064,32.59,4.59,Q3
183,INT-009,4,2025-07-03 00:20:00,2025-07-03 00:20:28.558684481,28.56,24.73,Q4
183,INT-009,5,2025-07-03 00:25:00,2025-07-03 00:25:36.630717121,36.63,0.0,Q5
183,INT-009,6,2025-07-03 00:30:00,2025-07-03 00:30:27.845043023,27.85,10.28,Q6
183,INT-009,7,2025-07-03 00:35:00,2025-07-03 00:35:25.448932681,25.45,15.32,Q7
183,INT-009,8,2025-07-03 00:40:00,2025-07-03 00:40:26.543361648,26.54,0.0,Q8
183,INT-009,9,2025-07-03 00:45:00,2025-07-03 00:45:18.682716105,18.68,4.39,Q9
183,INT-009,10,2025-07-03 00:50:00,2025-07-03 00:50:28.037650361,28.04,4.16,Q10
183,INT-009,11,2025-07-03 00:55:00,2025-07-03 00:55:23.384651277,23.38,0.0,Q11
183,INT-009,12,2025-07-03 01:00:00,2025-07-03 01:00:22.441800550,22.44,0.0,Q12
183,INT-009,13,2025-07-03 01:05:00,2025-07-03 01:05:27.612892264,27.61,0.0,Q13
183,INT-009,14,2025-07-03 01:10:00,2025-07-03 01:10:25.713503324,25.71,6.05,Q14
183,INT-009,15,2025-07-03 01:15:00,2025-07-03 01:15:33.805300251,33.81,16.77,Q15
183,INT-009,16,2025-07-03 01:20:00,2025-07-03 01:20:23.229857034,23.23,18.42,Q16
183,INT-009,17,2025-07-03 01:25:00,2025-07-03 01:25:21.912250743,21.91,2.98,Q17
183,INT-009,18,2025-07-03 01:30:00,2025-07-03 01:30:24.834569790,24.83,0.0,Q18
183,INT-009,19,2025-07-03 01:35:00,2025-07-03 01:35:21.811357940,21.81,22.96,Q19
183,INT-009,20,2025-07-03 01:40:00,2025-07-03 01:40:22.334691673,22.33,16.4,Q20
184,INT-010,1,2025-07-04 00:05:00,2025-07-04 00:05:21.825027938,21.83,0.0,Q1
184,INT-010,2,2025-07-04 00:10:00,2025-07-04 00:10:34.916859128,34.92,12.52,Q2
184,INT-010,3,2025-07-04 00:15:00,2025-07-04 00:15:31.169295844,31.17,0.0,Q3
184,INT-010,4,2025-07-04 00:20:00,2025-07-04 00:20:31.681380657,31.68,9.56,Q4
184,INT-010,5,2025-07-04 00:25:00,2025-07-04 00:25:30.852159400,30.85,9.33,Q5
184,INT-010,6,2025-07-04 00:30:00,2025-07-04 00:30:23.946665490,23.95,23.96,Q6
184,INT-010,7,2025-07-04 00:35:00,2025-07-04 00:35:19.368919144,19.37,0.0,Q7
184,INT-010,8,2025-07-04 00:40:00,2025-07-04 00:40:27.998606973,28.0,9.36,Q8
184,INT-010,9,2025-07-04 00:45:00,2025-07-04 00:45:24.802881974,24.8,8.06,Q9
184,INT-010,10,2025-07-04 00:50:00,2025-07-04 00:50:24.598408048,24.6,13.07,Q10
184,INT-010,11,2025-07-04 00:55:00,2025-07-04 00:55:21.842236740,21.84,4.26,Q11
184,INT-010,12,2025-07-04 01:00:00,2025-07-04 01:00:26.260993317,26.26,5.8,Q12
184,INT-010,13,2025-07-04 01:05:00,2025-07-04 01:05:28.471817768,28.47,16.61,Q13
184,INT-010,14,2025-07-04 01:10:00,2025-07-04 01:10:29.444544654,29.44,2.36,Q14
184,INT-010,15,2025-07-04 01:15:00,2025-07-04 01:15:25.763151178,25.76,10.43,Q15
184,INT-010,16,2025-07-04 01:20:00,2025-07-04 01:20:34.144969850,34.14,0.87,Q16
184,INT-010,17,2025-07-04 01:25:00,2025-07-04 01:25:32.354441886,32.35,8.64,Q17
184,INT-010,18,2025-07-04 01:30:00,2025-07-04 01:30:32.174148549,32.17,15.95,Q18
184,INT-010,19,2025-07-04 01:35:00,2025-07-04 01:35:33.842339221,33.84,18.09,Q19
184,INT-010,20,2025-07-04 01:40:00,2025-07-04 01:40:28.852359766,28.85,0.9,Q20
185,INT-011,1,2025-07-05 00:05:00,2025-07-05 00:05:24.859084793,24.86,10.56,Q1
185,INT-011,2,2025-07-05 00:10:00,2025-07-05 00:10:28.486438440,28.49,0.0,Q2
185,INT-011,3,2025-07-05 00:15:00,2025-07-05 00:15:35.755075451,35.76,22.76,Q3
185,INT-011,4,2025-07-05 00:20:00,2025-07-05 00:20:33.204373490,33.2,6.71,Q4
185,INT-011,5,2025-07-05 00:25:00,2025-07-05 00:25:34.539780389,34.54,0.0,Q5
185,INT-011,6,2025-07-05 00:30:00,2025-07-05 00:30:36.558969397,36.56,9.0,Q6
185,INT-011,7,2025-07-05 00:35:00,2025-07-05 00:35:25.486002645,25.49,7.05,Q7
185,INT-011,8,2025-07-05 00:40:00,2025-07-05 00:40:34.791650026,34.79,12.72,Q8
185,INT-011,9,2025-07-05 00:45:00,2025-07-05 00:45:32.941328228,32.94,20.44,Q9
185,INT-011,10,2025-07-05 00:50:00,2025-07-05 00:50:27.782901688,27.78,8.73,Q10
185,INT-011,11,2025-07-05 00:55:00,2025-07-05 00:55:29.385435008,29.39,11.13,Q11
185,INT-011,12,2025-07-05 01:00:00,2025-07-05 01:00:27.942140896,27.94,21.63,Q12
185,INT-011,13,2025-07-05 01:05:00,2025-07-05 01:05:25.529428936,25.53,4.56,Q13
185,INT-011,14,2025-07-05 01:10:00,2025-07-05 01:10:25.000671593,25.0,11.49,Q14
185,INT-011,15,2025-07-05 01:15:00,2025-07-05 01:15:32.770150086,32.77,13.67,Q15
185,INT-011,16,2025-07-05 01:20:00,2025-07-05 01:20:27.215198673,27.22,16.08,Q16
185,INT-011,17,2025-07-05 01:25:00,2025-07-05 01:25:27.611153900,27.61,8.02,Q17
185,INT-011,18,2025-07-05 01:30:00,2025-07-05 01:30:18.204021840,18.2,28.85,Q18
185,INT-011,19,2025-07-05 01:35:00,2025-07-05 01:35:31.490177618,31.49,2.62,Q19
185,INT-011,20,2025-07-05 01:40:00,2025-07-05 01:40:33.445338248,33.45,8.16,Q20
186,INT-012,1,2025-07-06 00:05:00,2025-07-06 00:05:35.427677063,35.43,10.11,Q1
186,INT-012,2,2025-07-06 00:10:00,2025-07-06 00:10:35.987436170,35.99,12.48,Q2
186,INT-012,3,2025-07-06 00:15:00,2025-07-06 00:15:24.869105149,24.87,9.62,Q3
186,INT-012,4,2025-07-06 00:20:00,2025-07-06 00:20:28.040233531,28.04,21.45,Q4
186,INT-012,5,2025-07-06 00:25:00,2025-07-06 00:25:35.582889433,35.58,8.81,Q5
186,INT-012,6,2025-07-06 00:30:00,2025-07-06 00:30:32.436883238,32.44,6.37,Q6
186,INT-012,7,2025-07-06 00:35:00,2025-07-06 00:35:30.243013062,30.24,11.39,Q7
186,INT-012,8,2025-07-06 00:40:00,2025-07-06 00:40:28.830619164,28.83,7.3,Q8
186,INT-012,9,2025-07-06 00:45:00,2025-07-06 00:45:36.089085923,36.09,16.33,Q9
186,INT-012,10,2025-07-06 00:50:00,2025-07-06 00:50:32.587034919,32.59,8.95,Q10
186,INT-012,11,2025-07-06 00:55:00,2025-07-06 00:55:39.275658865,39.28,9.09,Q11
186,INT-012,12,2025-07-06 01:00:00,2025-07-06 01:00:34.136222486,34.14,0.0,Q12
186,INT-012,13,2025-07-06 01:05:00,2025-07-06 01:05:26.670614128,26.67,0.0,Q13
186,INT-012,14,2025-07-06 01:10:00,2025-07-06 01:10:29.851260716,29.85,10.05,Q14
186,INT-012,15,2025-07-06 01:15:00,2025-07-06 01:15:32.931195846,32.93,3.94,Q15
186,INT-012,16,2025-07-06 01:20:00,2025-07-06 01:20:34.992119606,34.99,14.43,Q16
186,INT-012,17,2025-07-06 01:25:00,2025-07-06 01:25:34.240799869,34.24,0.0,Q17
186,INT-012,18,2025-07-06 01:30:00,2025-07-06 01:30:29.096039723,29.1,13.5,Q18
186,INT-012,19,2025-07-06 01:35:00,2025-07-06 01:35:25.382815275,25.38,5.56,Q19
186,INT-012,20,2025-07-06 01:40:00,2025-07-06 01:40:36.996531761,37.0,0.0,Q20
187,INT-013,1,2025-07-07 00:05:00,2025-07-07 00:05:38.859927895,38.86,23.99,Q1
187,INT-013,2,2025-07-07 00:10:00,2025-07-07 00:10:34.000536611,34.0,14.42,Q2
187,INT-013,3,2025-07-07 00:15:00,2025-07-07 00:15:26.098645938,26.1,12.12,Q3
187,INT-013,4,2025-07-07 00:20:00,2025-07-07 00:20:34.940825460,34.94,23.58,Q4
187,INT-013,5,2025-07-07 00:25:00,2025-07-07 00:25:32.290073311,32.29,16.73,Q5
187,INT-013,6,2025-07-07 00:30:00,2025-07-07 00:30:31.199111794,31.2,19.3,Q6
187,INT-013,7,2025-07-07 00:35:00,2025-07-07 00:35:41.651892456,41.65,10.43,Q7
187,INT-013,8,2025-07-07 00:40:00,2025-07-07 00:40:35.740516994,35.74,0.35,Q8
187,INT-013,9,2025-07-07 00:45:00,2025-07-07 00:45:31.455041612,31.46,4.24,Q9
187,INT-013,10,2025-07-07 00:50:00,2025-07-07 00:50:24.149886199,24.15,0.0,Q10
187,INT-013,11,2025-07-07 00:55:00,2025-07-07 00:55:33.104401166,33.1,19.8,Q11
187,INT-013,12,2025-07-07 01:00:00,2025-07-07 01:00:38.752201090,38.75,10.21,Q12
187,INT-013,13,2025-07-07 01:05:00,2025-07-07 01:05:31.029163523,31.03,14.31,Q13
187,INT-013,14,2025-07-07 01:10:00,2025-07-07 01:10:38.637804803,38.64,0.0,Q14
187,INT-013,15,2025-07-07 01:15:00,2025-07-07 01:15:39.095965690,39.1,12.04,Q15
187,INT-013,16,2025-07-07 01:20:00,2025-07-07 01:20:35.894243025,35.89,1.27,Q16
187,INT-013,17,2025-07-07 01:25:00,2025-07-07 01:25:29.170405876,29.17,7.64,Q17
187,INT-013,18,2025-07-07 01:30:00,2025-07-07 01:30:30.164253753,30.16,0.0,Q18
187,INT-013,19,2025-07-07 01:35:00,2025-07-07 01:35:35.646175878,35.65,0.0,Q19
187,INT-013,20,2025-07-07 01:40:00,2025-07-07 01:40:33.027324024,33.03,7.41,Q20
188,INT-014,1,2025-07-08 00:05:00,2025-07-08 00:05:33.763126935,33.76,13.12,Q1
188,INT-014,2,2025-07-08 00:10:00,2025-07-08 00:10:42.618497132,42.62,3.96,Q2
188,INT-014,3,2025-07-08 00:15:00,2025-07-08 00:15:35.538000792,35.54,26.86,Q3
188,INT-014,4,2025-07-08 00:20:00,2025-07-08 00:20:31.535303380,31.54,12.59,Q4
188,INT-014,5,2025-07-08 00:25:00,2025-07-08 00:25:33.842625777,33.84,10.54,Q5
188,INT-014,6,2025-07-08 00:30:00,2025-07-08 00:30:35.383152276,35.38,11.75,Q6
188,INT-014,7,2025-07-08 00:35:00,2025-07-08 00:35:37.509446314,37.51,0.0,Q7
188,INT-014,8,2025-07-08 00:40:00,2025-07-08 00:40:34.778668072,34.78,14.77,Q8
188,INT-014,9,2025-07-08 00:45:00,2025-07-08 00:45:31.641969937,31.64,8.32,Q9
188,INT-014,10,2025-07-08 00:50:00,2025-07-08 00:50:33.139569605,33.14,10.91,Q10
188,INT-014,11,2025-07-08 00:55:00,2025-07-08 00:55:32.665151771,32.67,7.92,Q11
188,INT-014,12,2025-07-08 01:00:00,2025-07-08 01:00:39.601940887,39.6,7.19,Q12
188,INT-014,13,2025-07-08 01:05:00,2025-07-08 01:05:40.477918348,40.48,2.18,Q13
188,INT-014,14,2025-07-08 01:10:00,2025-07-08 01:10:32.396093726,32.4,4.27,Q14
188,INT-014,15,2025-07-08 01:15:00,2025-07-08 01:15:28.904255689,28.9,7.01,Q15
188,INT-014,16,2025-07-08 01:20:00,2025-07-08 01:20:40.660040716,40.66,20.6,Q16
188,INT-014,17,2025-07-08 01:25:00,2025-07-08 01:25:35.811357307,35.81,13.7,Q17
188,INT-014,18,2025-07-08 01:30:00,2025-07-08 01:30:28.728244808,28.73,2.89,Q18
188,INT-014,19,2025-07-08 01:35:00,2025-07-08 01:35:36.921846162,36.92,0.0,Q19
188,INT-014,20,2025-07-08 01:40:00,2025-07-08 01:40:39.567214358,39.57,0.0,Q20
189,INT-015,1,2025-07-09 00:05:00,2025-07-09 00:05:35.008748854,35.01,10.81,Q1
189,INT-015,2,2025-07-09 00:10:00,2025-07-09 00:10:40.183263360,40.18,9.76,Q2
189,INT-015,3,2025-07-09 00:15:00,2025-07-09 00:15:39.816959057,39.82,0.0,Q3
189,INT-015,4,2025-07-09 00:20:00,2025-07-09 00:20:40.388297230,40.39,12.08,Q4
189,INT-015,5,2025-07-09 00:25:00,2025-07-09 00:25:37.004390843,37.0,0.0,Q5
189,INT-015,6,2025-07-09 00:30:00,2025-07-09 00:30:40.735001845,40.74,6.0,Q6
189,INT-015,7,2025-07-09 00:35:00,2025-07-09 00:35:37.994113387,37.99,4.34,Q7
189,INT-015,8,2025-07-09 00:40:00,2025-07-09 00:40:41.438251831,41.44,6.32,Q8
189,INT-015,9,2025-07-09 00:45:00,2025-07-09 00:45:43.623298437,43.62,21.42,Q9
189,INT-015,10,2025-07-09 00:50:00,2025-07-09 00:50:31.568681766,31.57,0.0,Q10
189,INT-015,11,2025-07-09 00:55:00,2025-07-09 00:55:46.919407532,46.92,4.91,Q11
189,INT-015,12,2025-07-09 01:00:00,2025-07-09 01:00:41.431110512,41.43,1.33,Q12
189,INT-015,13,2025-07-09 01:05:00,2025-07-09 01:05:39.843052191,39.84,0.0,Q13
189,INT-015,14,2025-07-09 01:10:00,2025-07-09 01:10:33.749759014,33.75,12.92,Q14
189,INT-015,15,2025-07-09 01:15:00,2025-07-09 01:15:34.277656807,34.28,16.7,Q15
189,INT-015,16,2025-07-09 01:20:00,2025-07-09 01:20:37.532774546,37.53,4.5,Q16
189,INT-015,17,2025-07-09 01:25:00,2025-07-09 01:25:49.838687299,49.84,9.75,Q17
189,INT-015,18,2025-07-09 01:30:00,2025-07-09 01:30:41.579590970,41.58,21.98,Q18
189,INT-015,19,2025-07-09 01:35:00,2025-07-09 01:35:32.290487176,32.29,13.48,Q19
189,INT-015,20,2025-07-09 01:40:00,2025-07-09 01:40:37.176582971,37.18,13.3,Q20
190,INT-016,1,2025-07-10 00:05:00,2025-07-10 00:05:19.733477318,19.73,28.05,Q1
190,INT-016,2,2025-07-10 00:10:00,2025-07-10 00:10:23.920827604,23.92,11.34,Q2
190,INT-016,3,2025-07-10 00:15:00,2025-07-10 00:15:27.418946019,27.42,13.36,Q3
190,INT-016,4,2025-07-10 00:20:00,2025-07-10 00:20:10.601495508,10.6,0.0,Q4
190,INT-016,5,2025-07-10 00:25:00,2025-07-10 00:25:27.478091969,27.48,0.0,Q5
190,INT-016,6,2025-07-10 00:30:00,2025-07-10 00:30:11.320241001,11.32,0.96,Q6
190,INT-016,7,2025-07-10 00:35:00,2025-07-10 00:35:20.344915336,20.34,0.0,Q7
190,INT-016,8,2025-07-10 00:40:00,2025-07-10 00:40:20.033435432,20.03,0.0,Q8
190,INT-016,9,2025-07-10 00:45:00,2025-07-10 00:45:30.425601040,30.43,13.06,Q9
190,INT-016,10,2025-07-10 00:50:00,2025-07-10 00:50:19.123589694,19.12,0.0,Q10
190,INT-016,11,2025-07-10 00:55:00,2025-07-10 00:55:11.540132681,11.54,17.49,Q11
190,INT-016,12,2025-07-10 01:00:00,2025-07-10 01:00:18.834850930,18.83,7.82,Q12
190,INT-016,13,2025-07-10 01:05:00,2025-07-10 01:05:06.230332027,6.23,3.74,Q13
190,INT-016,14,2025-07-10 01:10:00,2025-07-10 01:10:19.308422215,19.31,9.04,Q14
190,INT-016,15,2025-07-10 01:15:00,2025-07-10 01:15:22.524379678,22.52,4.31,Q15
190,INT-016,16,2025-07-10 01:20:00,2025-07-10 01:20:25.515454298,25.52,0.0,Q16
190,INT-016,17,2025-07-10 01:25:00,2025-07-10 01:25:16.288303912,16.29,17.57,Q17
190,INT-016,18,2025-07-10 01:30:00,2025-07-10 01:30:18.146116814,18.15,8.58,Q18
190,INT-016,19,2025-07-10 01:35:00,2025-07-10 01:35:18.396169717,18.4,0.0,Q19
190,INT-016,20,2025-07-10 01:40:00,2025-07-10 01:40:19.922551971,19.92,3.98,Q20
191,INT-017,1,2025-07-11 00:05:00,2025-07-11 00:05:23.397759214,23.4,5.07,Q1
191,INT-017,2,2025-07-11 00:10:00,2025-07-11 00:10:21.894193569,21.89,10.34,Q2
191,INT-017,3,2025-07-11 00:15:00,2025-07-11 00:15:21.657845998,21.66,5.68,Q3
191,INT-017,4,2025-07-11 00:20:00,2025-07-11 00:20:25.685706899,25.69,6.58,Q4
191,INT-017,5,2025-07-11 00:25:00,2025-07-11 00:25:15.902464001,15.9,12.6,Q5
191,INT-017,6,2025-07-11 00:30:00,2025-07-11 00:30:23.453660298,23.45,14.21,Q6
191,INT-017,7,2025-07-11 00:35:00,2025-07-11 00:35:28.148255666,28.15,0.0,Q7
191,INT-017,8,2025-07-11 00:40:00,2025-07-11 00:40:22.924665762,22.92,0.0,Q8
191,INT-017,9,2025-07-11 00:45:00,2025-07-11 00:45:20.548558978,20.55,12.34,Q9
191,INT-017,10,2025-07-11 00:50:00,2025-07-11 00:50:22.195634971,22.2,25.24,Q10
191,INT-017,11,2025-07-11 00:55:00,2025-07-11 00:55:24.652032842,24.65,6.98,Q11
191,INT-017,12,2025-07-11 01:00:00,2025-07-11 01:00:23.112331106,23.11,11.96,Q12
191,INT-017,13,2025-07-11 01:05:00,2025-07-11 01:05:23.202277585,23.2,13.96,Q13
191,INT-017,14,2025-07-11 01:10:00,2025-07-11 01:10:22.485906021,22.49,0.0,Q14
191,INT-017,15,2025-07-11 01:15:00,2025-07-11 01:15:25.192451830,25.19,6.55,Q15
191,INT-017,16,2025-07-11 01:20:00,2025-07-11 01:20:29.426496475,29.43,0.0,Q16
191,INT-017,17,2025-07-11 01:25:00,2025-07-11 01:25:22.417510744,22.42,4.5,Q17
191,INT-017,18,2025-07-11 01:30:00,2025-07-11 01:30:17.749748642,17.75,11.08,Q18
191,INT-017,19,2025-07-11 01:35:00,2025-07-11 01:35:20.808541216,20.81,2.51,Q19
191,INT-017,20,2025-07-11 01:40:00,2025-07-11 01:40:26.088898925,26.09,7.81,Q20
192,INT-018,1,2025-07-12 00:05:00,2025-07-12 00:05:19.591204742,19.59,11.56,Q1
192,INT-018,2,2025-07-12 00:10:00,2025-07-12 00:10:20.733567507,20.73,0.0,Q2
192,INT-018,3,2025-07-12 00:15:00,2025-07-12 00:15:23.777391169,23.78,21.6,Q3
192,INT-018,4,2025-07-12 00:20:00,2025-07-12 00:20:28.651098024,28.65,8.02,Q4
192,INT-018,5,2025-07-12 00:25:00,2025-07-12 00:25:24.254856327,24.25,7.2,Q5
192,INT-018,6,2025-07-12 00:30:00,2025-07-12 00:30:21.306340470,21.31,3.4,Q6
192,INT-018,7,2025-07-12 00:35:00,2025-07-12 00:35:21.496382598,21.5,8.22,Q7
192,INT-018,8,2025-07-12 00:40:00,2025-07-12 00:40:23.308140376,23.31,0.0,Q8
192,INT-018,9,2025-07-12 00:45:00,2025-07-12 00:45:16.669618330,16.67,3.64,Q9
192,INT-018,10,2025-07-12 00:50:00,2025-07-12 00:50:26.139594462,26.14,24.29,Q10
192,INT-018,11,2025-07-12 00:55:00,2025-07-12 00:55:30.508697524,30.51,4.98,Q11
192,INT-018,12,2025-07-12 01:00:00,2025-07-12 01:00:24.663807869,24.66,13.21,Q12
192,INT-018,13,2025-07-12 01:05:00,2025-07-12 01:05:18.856835348,18.86,2.59,Q13
192,INT-018,14,2025-07-12 01:10:00,2025-07-12 01:10:26.005856463,26.01,9.87,Q14
192,INT-018,15,2025-07-12 01:15:00,2025-07-12 01:15:28.832334291,28.83,7.07,Q15
192,INT-018,16,2025-07-12 01:20:00,2025-07-12 01:20:20.194065666,20.19,0.0,Q16
192,INT-018,17,2025-07-12 01:25:00,2025-07-12 01:25:30.091906123,30.09,0.0,Q17
192,INT-018,18,2025-07-12 01:30:00,2025-07-12 01:30:18.091536070,18.09,0.0,Q18
192,INT-018,19,2025-07-12 01:35:00,2025-07-12 01:35:28.107847339,28.11,0.0,Q19
192,INT-018,20,2025-07-12 01:40:00,2025-07-12 01:40:23.022981662,23.02,11.12,Q20
193,INT-019,1,2025-07-13 00:05:00,2025-07-13 00:05:35.215498136,35.22,0.0,Q1
193,INT-019,2,2025-07-13 00:10:00,2025-07-13 00:10:21.109786050,21.11,0.0,Q2
193,INT-019,3,2025-07-13 00:15:00,2025-07-13 00:15:30.263623633,30.26,30.32,Q3
193,INT-019,4,2025-07-13 00:20:00,2025-07-13 00:20:29.083418542,29.08,0.0,Q4
193,INT-019,5,2025-07-13 00:25:00,2025-07-13 00:25:29.278996954,29.28,0.0,Q5
193,INT-019,6,2025-07-13 00:30:00,2025-07-13 00:30:22.899908083,22.9,22.7,Q6
193,INT-019,7,2025-07-13 00:35:00,2025-07-13 00:35:23.094475506,23.09,11.23,Q7
193,INT-019,8,2025-07-13 00:40:00,2025-07-13 00:40:32.218796334,32.22,23.25,Q8
193,INT-019,9,2025-07-13 00:45:00,2025-07-13 00:45:29.212164675,29.21,12.84,Q9
193,INT-019,10,2025-07-13 00:50:00,2025-07-13 00:50:29.160931663,29.16,13.22,Q10
193,INT-019,11,2025-07-13 00:55:00,2025-07-13 00:55:28.738161367,28.74,3.61,Q11
193,INT-019,12,2025-07-13 01:00:00,2025-07-13 01:00:22.837807692,22.84,17.47,Q12
193,INT-019,13,2025-07-13 01:05:00,2025-07-13 01:05:22.506406256,22.51,0.0,Q13
193,INT-019,14,2025-07-13 01:10:00,2025-07-13 01:10:29.828129913,29.83,0.0,Q14
193,INT-019,15,2025-07-13 01:15:00,2025-07-13 01:15:28.161287407,28.16,12.38,Q15
193,INT-019,16,2025-07-13 01:20:00,2025-07-13 01:20:31.755997327,31.76,0.0,Q16
193,INT-019,17,2025-07-13 01:25:00,2025-07-13 01:25:32.408288092,32.41,8.97,Q17
193,INT-019,18,2025-07-13 01:30:00,2025-07-13 01:30:20.783135837,20.78,18.34,Q18
193,INT-019,19,2025-07-13 01:35:00,2025-07-13 01:35:28.518824700,28.52,5.15,Q19
193,INT-019,20,2025-07-13 01:40:00,2025-07-13 01:40:24.170695950,24.17,10.86,Q20
194,INT-020,1,2025-07-14 00:05:00,2025-07-14 00:05:23.230863868,23.23,14.88,Q1
194,INT-020,2,2025-07-14 00:10:00,2025-07-14 00:10:21.847490423,21.85,19.9,Q2
194,INT-020,3,2025-07-14 00:15:00,2025-07-14 00:15:24.317968214,24.32,12.09,Q3
194,INT-020,4,2025-07-14 00:20:00,2025-07-14 00:20:31.186131773,31.19,3.78,Q4
194,INT-020,5,2025-07-14 00:25:00,2025-07-14 00:25:34.161109538,34.16,8.28,Q5
194,INT-020,6,2025-07-14 00:30:00,2025-07-14 00:30:32.826294190,32.83,29.7,Q6
194,INT-020,7,2025-07-14 00:35:00,2025-07-14 00:35:30.738296811,30.74,16.26,Q7
194,INT-020,8,2025-07-14 00:40:00,2025-07-14 00:40:34.482172706,34.48,6.76,Q8
194,INT-020,9,2025-07-14 00:45:00,2025-07-14 00:45:28.454008000,28.45,22.81,Q9
194,INT-020,10,2025-07-14 00:50:00,2025-07-14 00:50:33.925034646,33.93,16.99,Q10
194,INT-020,11,2025-07-14 00:55:00,2025-07-14 00:55:28.336329206,28.34,3.43,Q11
194,INT-020,12,2025-07-14 01:00:00,2025-07-14 01:00:31.667565774,31.67,17.85,Q12
194,INT-020,13,2025-07-14 01:05:00,2025-07-14 01:05:26.737234130,26.74,7.98,Q13
194,INT-020,14,2025-07-14 01:10:00,2025-07-14 01:10:31.656186921,31.66,0.0,Q14
194,INT-020,15,2025-07-14 01:15:00,2025-07-14 01:15:22.542283546,22.54,3.68,Q15
194,INT-020,16,2025-07-14 01:20:00,2025-07-14 01:20:32.059325635,32.06,2.56,Q16
194,INT-020,17,2025-07-14 01:25:00,2025-07-14 01:25:26.960061130,26.96,19.78,Q17
194,INT-020,18,2025-07-14 01:30:00,2025-07-14 01:30:27.256278056,27.26,7.92,Q18
194,INT-020,19,2025-07-14 01:35:00,2025-07-14 01:35:25.458827441,25.46,19.78,Q19
194,INT-020,20,2025-07-14 01:40:00,2025-07-14 01:40:25.316105843,25.32,14.96,Q20
195,INT-021,1,2025-07-15 00:05:00,2025-07-15 00:05:22.556271219,22.56,16.21,Q1
195,INT-021,2,2025-07-15 00:10:00,2025-07-15 00:10:31.221468292,31.22,2.36,Q2
195,INT-021,3,2025-07-15 00:15:00,2025-07-15 00:15:30.311649777,30.31,0.0,Q3
195,INT-021,4,2025-07-15 00:20:00,2025-07-15 00:20:28.516217471,28.52,4.38,Q4
195,INT-021,5,2025-07-15 00:25:00,2025-07-15 00:25:27.356341409,27.36,24.18,Q5
195,INT-021,6,2025-07-15 00:30:00,2025-07-15 00:30:32.034234883,32.03,16.78,Q6
195,INT-021,7,2025-07-15 00:35:00,2025-07-15 00:35:26.787537982,26.79,20.15,Q7
195,INT-021,8,2025-07-15 00:40:00,2025-07-15 00:40:29.147856344,29.15,11.71,Q8
195,INT-021,9,2025-07-15 00:45:00,2025-07-15 00:45:30.018077650,30.02,13.35,Q9
195,INT-021,10,2025-07-15 00:50:00,2025-07-15 00:50:28.971226738,28.97,0.0,Q10
195,INT-021,11,2025-07-15 00:55:00,2025-07-15 00:55:27.935075789,27.94,31.12,Q11
195,INT-021,12,2025-07-15 01:00:00,2025-07-15 01:00:30.346272130,30.35,24.94,Q12
195,INT-021,13,2025-07-15 01:05:00,2025-07-15 01:05:29.339016853,29.34,0.32,Q13
195,INT-021,14,2025-07-15 01:10:00,2025-07-15 01:10:34.281758102,34.28,13.57,Q14
195,INT-021,15,2025-07-15 01:15:00,2025-07-15 01:15:37.050709992,37.05,0.0,Q15
195,INT-021,16,2025-07-15 01:20:00,2025-07-15 01:20:28.966837551,28.97,13.22,Q16
195,INT-021,17,2025-07-15 01:25:00,2025-07-15 01:25:29.749522513,29.75,0.0,Q17
195,INT-021,18,2025-07-15 01:30:00,2025-07-15 01:30:29.975868020,29.98,1.62,Q18
195,INT-021,19,2025-07-15 01:35:00,2025-07-15 01:35:33.666824266,33.67,8.11,Q19
195,INT-021,20,2025-07-15 01:40:00,2025-07-15 01:40:37.059355347,37.06,0.0,Q20
196,INT-022,1,2025-07-16 00:05:00,2025-07-16 00:05:34.427098353,34.43,13.49,Q1
196,INT-022,2,2025-07-16 00:10:00,2025-07-16 00:10:30.029272863,30.03,0.0,Q2
196,INT-022,3,2025-07-16 00:15:00,2025-07-16 00:15:37.674296320,37.67,12.35,Q3
196,INT-022,4,2025-07-16 00:20:00,2025-07-16 00:20:27.385825280,27.39,10.58,Q4
196,INT-022,5,2025-07-16 00:25:00,2025-07-16 00:25:26.653142741,26.65,11.14,Q5
196,INT-022,6,2025-07-16 00:30:00,2025-07-16 00:30:28.037700567,28.04,0.0,Q6
196,INT-022,7,2025-07-16 00:35:00,2025-07-16 00:35:25.299332759,25.3,8.84,Q7
196,INT-022,8,2025-07-16 00:40:00,2025-07-16 00:40:37.061242437,37.06,6.38,Q8
196,INT-022,9,2025-07-16 00:45:00,2025-07-16 00:45:33.351564324,33.35,0.0,Q9
196,INT-022,10,2025-07-16 00:50:00,2025-07-16 00:50:24.041811710,24.04,10.27,Q10
196,INT-022,11,2025-07-16 00:55:00,2025-07-16 00:55:32.939481799,32.94,16.07,Q11
196,INT-022,12,2025-07-16 01:00:00,2025-07-16 01:00:33.605733118,33.61,14.95,Q12
196,INT-022,13,2025-07-16 01:05:00,2025-07-16 01:05:26.105828125,26.11,6.23,Q13
196,INT-022,14,2025-07-16 01:10:00,2025-07-16 01:10:36.368148139,36.37,0.0,Q14
196,INT-022,15,2025-07-16 01:15:00,2025-07-16 01:15:36.548779268,36.55,10.58,Q15
196,INT-022,16,2025-07-16 01:20:00,2025-07-16 01:20:26.769594766,26.77,13.05,Q16
196,INT-022,17,2025-07-16 01:25:00,2025-07-16 01:25:33.893449940,33.89,22.0,Q17
196,INT-022,18,2025-07-16 01:30:00,2025-07-16 01:30:31.954205849,31.95,0.0,Q18
196,INT-022,19,2025-07-16 01:35:00,2025-07-16 01:35:33.279777475,33.28,0.0,Q19
196,INT-022,20,2025-07-16 01:40:00,2025-07-16 01:40:27.646943090,27.65,2.45,Q20
197,INT-023,1,2025-07-17 00:05:00,2025-07-17 00:05:37.815284907,37.82,32.34,Q1
197,INT-023,2,2025-07-17 00:10:00,2025-07-17 00:10:32.869441944,32.87,16.72,Q2
197,INT-023,3,2025-07-17 00:15:00,2025-07-17 00:15:40.881199176,40.88,12.07,Q3
197,INT-023,4,2025-07-17 00:20:00,2025-07-17 00:20:30.832639526,30.83,0.0,Q4
197,INT-023,5,2025-07-17 00:25:00,2025-07-17 00:25:38.267110748,38.27,20.06,Q5
197,INT-023,6,2025-07-17 00:30:00,2025-07-17 00:30:32.937715740,32.94,11.73,Q6
197,INT-023,7,2025-07-17 00:35:00,2025-07-17 00:35:45.218715908,45.22,0.0,Q7
197,INT-023,8,2025-07-17 00:40:00,2025-07-17 00:40:27.932127665,27.93,14.93,Q8
197,INT-023,9,2025-07-17 00:45:00,2025-07-17 00:45:49.256479461,49.26,12.04,Q9
197,INT-023,10,2025-07-17 00:50:00,2025-07-17 00:50:36.652560444,36.65,9.21,Q10
197,INT-023,11,2025-07-17 00:55:00,2025-07-17 00:55:28.961069828,28.96,10.07,Q11
197,INT-023,12,2025-07-17 01:00:00,2025-07-17 01:00:28.796351909,28.8,6.79,Q12
197,INT-023,13,2025-07-17 01:05:00,2025-07-17 01:05:38.305525475,38.31,25.22,Q13
197,INT-023,14,2025-07-17 01:10:00,2025-07-17 01:10:25.588057201,25.59,5.91,Q14
197,INT-023,15,2025-07-17 01:15:00,2025-07-17 01:15:39.639915444,39.64,15.92,Q15
197,INT-023,16,2025-07-17 01:20:00,2025-07-17 01:20:29.475715307,29.48,14.02,Q16
197,INT-023,17,2025-07-17 01:25:00,2025-07-17 01:25:29.150455174,29.15,0.0,Q17
197,INT-023,18,2025-07-17 01:30:00,2025-07-17 01:30:35.811635630,35.81,15.93,Q18
197,INT-023,19,2025-07-17 01:35:00,2025-07-17 01:35:31.186015267,31.19,17.72,Q19
197,INT-023,20,2025-07-17 01:40:00,2025-07-17 01:40:38.105610818,38.11,5.67,Q20
198,INT-024,1,2025-07-18 00:05:00,2025-07-18 00:05:41.071605239,41.07,8.68,Q1
198,INT-024,2,2025-07-18 00:10:00,2025-07-18 00:10:33.996055730,34.0,7.03,Q2
198,INT-024,3,2025-07-18 00:15:00,2025-07-18 00:15:42.764498516,42.76,9.93,Q3
198,INT-024,4,2025-07-18 00:20:00,2025-07-18 00:20:40.175746511,40.18,7.62,Q4
198,INT-024,5,2025-07-18 00:25:00,2025-07-18 00:25:30.877106474,30.88,6.19,Q5
198,INT-024,6,2025-07-18 00:30:00,2025-07-18 00:30:30.346940703,30.35,0.0,Q6
198,INT-024,7,2025-07-18 00:35:00,2025-07-18 00:35:41.997511512,42.0,0.0,Q7
198,INT-024,8,2025-07-18 00:40:00,2025-07-18 00:40:32.794405097,32.79,0.0,Q8
198,INT-024,9,2025-07-18 00:45:00,2025-07-18 00:45:38.536065700,38.54,0.0,Q9
198,INT-024,10,2025-07-18 00:50:00,2025-07-18 00:50:40.073811315,40.07,26.65,Q10
198,INT-024,11,2025-07-18 00:55:00,2025-07-18 00:55:31.661163518,31.66,5.47,Q11
198,INT-024,12,2025-07-18 01:00:00,2025-07-18 01:00:46.218813607,46.22,4.18,Q12
198,INT-024,13,2025-07-18 01:05:00,2025-07-18 01:05:36.905399561,36.91,24.25,Q13
198,INT-024,14,2025-07-18 01:10:00,2025-07-18 01:10:35.423510979,35.42,0.0,Q14
198,INT-024,15,2025-07-18 01:15:00,2025-07-18 01:15:33.572709527,33.57,9.99,Q15
198,INT-024,16,2025-07-18 01:20:00,2025-07-18 01:20:30.506321590,30.51,25.69,Q16
198,INT-024,17,2025-07-18 01:25:00,2025-07-18 01:25:23.547851369,23.55,14.82,Q17
198,INT-024,18,2025-07-18 01:30:00,2025-07-18 01:30:43.361216548,43.36,0.0,Q18
198,INT-024,19,2025-07-18 01:35:00,2025-07-18 01:35:37.515878135,37.52,0.0,Q19
198,INT-024,20,2025-07-18 01:40:00,2025-07-18 01:40:37.237438405,37.24,7.67,Q20
199,INT-025,1,2025-07-19 00:05:00,2025-07-19 00:05:37.500418157,37.5,22.67,Q1
199,INT-025,2,2025-07-19 00:10:00,2025-07-19 00:10:39.200340969,39.2,0.0,Q2
199,INT-025,3,2025-07-19 00:15:00,2025-07-19 00:15:43.661397464,43.66,11.36,Q3
199,INT-025,4,2025-07-19 00:20:00,2025-07-19 00:20:36.655775570,36.66,17.77,Q4
199,INT-025,5,2025-07-19 00:25:00,2025-07-19 00:25:38.558843088,38.56,2.45,Q5
199,INT-025,6,2025-07-19 00:30:00,2025-07-19 00:30:30.777666295,30.78,9.16,Q6
199,INT-025,7,2025-07-19 00:35:00,2025-07-19 00:35:39.997969649,40.0,13.16,Q7
199,INT-025,8,2025-07-19 00:40:00,2025-07-19 00:40:41.810024782,41.81,0.0,Q8
199,INT-025,9,2025-07-19 00:45:00,2025-07-19 00:45:40.515613721,40.52,17.21,Q9
199,INT-025,10,2025-07-19 00:50:00,2025-07-19 00:50:45.610117345,45.61,2.59,Q10
199,INT-025,11,2025-07-19 00:55:00,2025-07-19 00:55:43.873365683,43.87,16.57,Q11
199,INT-025,12,2025-07-19 01:00:00,2025-07-19 01:00:42.687636028,42.69,4.49,Q12
199,INT-025,13,2025-07-19 01:05:00,2025-07-19 01:05:37.737350690,37.74,16.68,Q13
199,INT-025,14,2025-07-19 01:10:00,2025-07-19 01:10:39.804180106,39.8,0.0,Q14
199,INT-025,15,2025-07-19 01:15:00,2025-07-19 01:15:30.982890837,30.98,2.43,Q15
199,INT-025,16,2025-07-19 01:20:00,2025-07-19 01:20:37.154948146,37.15,15.49,Q16
199,INT-025,17,2025-07-19 01:25:00,2025-07-19 01:25:35.301296906,35.3,0.0,Q17
199,INT-025,18,2025-07-19 01:30:00,2025-07-19 01:30:41.150775521,41.15,3.94,Q18
199,INT-025,19,2025-07-19 01:35:00,2025-07-19 01:35:33.766703894,33.77,6.33,Q19
199,INT-025,20,2025-07-19 01:40:00,2025-07-19 01:40:45.924994172,45.92,14.03,Q20
200,INT-001,1,2025-07-20 00:05:00,2025-07-20 00:05:23.309760880,23.31,8.75,Q1
200,INT-001,2,2025-07-20 00:10:00,2025-07-20 00:10:19.097399868,19.1,6.54,Q2
200,INT-001,3,2025-07-20 00:15:00,2025-07-20 00:15:26.260998881,26.26,7.61,Q3
200,INT-001,4,2025-07-20 00:20:00,2025-07-20 00:20:11.864325200,11.86,0.0,Q4
200,INT-001,5,2025-07-20 00:25:00,2025-07-20 00:25:14.238639974,14.24,16.19,Q5
200,INT-001,6,2025-07-20 00:30:00,2025-07-20 00:30:18.375795595,18.38,0.0,Q6
200,INT-001,7,2025-07-20 00:35:00,2025-07-20 00:35:22.415534019,22.42,0.0,Q7
200,INT-001,8,2025-07-20 00:40:00,2025-07-20 00:40:27.109107581,27.11,14.75,Q8
200,INT-001,9,2025-07-20 00:45:00,2025-07-20 00:45:25.331803109,25.33,11.08,Q9
200,INT-001,10,2025-07-20 00:50:00,2025-07-20 00:50:19.490123120,19.49,0.0,Q10
200,INT-001,11,2025-07-20 00:55:00,2025-07-20 00:55:17.641372042,17.64,15.76,Q11
200,INT-001,12,2025-07-20 01:00:00,2025-07-20 01:00:18.464728606,18.46,23.66,Q12
200,INT-001,13,2025-07-20 01:05:00,2025-07-20 01:05:17.240346746,17.24,3.92,Q13
200,INT-001,14,2025-07-20 01:10:00,2025-07-20 01:10:29.284324639,29.28,0.92,Q14
200,INT-001,15,2025-07-20 01:15:00,2025-07-20 01:15:24.947258217,24.95,0.0,Q15
200,INT-001,16,2025-07-20 01:20:00,2025-07-20 01:20:20.455732679,20.46,15.33,Q16
200,INT-001,17,2025-07-20 01:25:00,2025-07-20 01:25:18.167308311,18.17,12.17,Q17
200,INT-001,18,2025-07-20 01:30:00,2025-07-20 01:30:25.790148163,25.79,14.16,Q18
200,INT-001,19,2025-07-20 01:35:00,2025-07-20 01:35:19.442744947,19.44,0.0,Q19
200,INT-001,20,2025-07-20 01:40:00,2025-07-20 01:40:09.865071693,9.87,4.48,Q20
